id,COND,LAT,LON,ALT,AX,AY,AZ,GX,GY,GZ,Y,M,D,H,MIN,SEC,CH,VOL,CUR,SPD,ODO,BRK,ACC,AUT,ECO,AIR,total_seconds,time_difference,acceleration_magnitude,gyroscope_magnitude,altitude_change,odometer_change,road_gradient,power,energy_Wh,acceleration_magnitude_roll,speed_roll,pred_full_Wh,residual_Wh
8004406508,8,-21.79955864,-46.58333206,1330.4,55,805,1945,0,24,32,23,10,26,18,50,6,56.0,357,1,2,26276.2,0,0,141,0,0,67806,2.0,2105.724340933542,40.0,-0.599999999999909,0.0,0.0,357,0.19833333333333333,2031.104239240903,0.6,0.02322626530798044,-0.1751070680253529
8004609508,8,-21.79956818,-46.58333206,1331.8,135,869,1899,8,61,138,23,10,26,18,50,9,56.0,357,3,2,26276.2,0,0,141,0,0,67809,2.0,2092.7462818029326,151.09268678529745,-0.2999999999999545,0.0,0.0,1071,0.595,2094.688187549651,1.2,0.142210370721964,-0.452789629278036
8004710508,8,-21.79956436,-46.58333206,1331.0,202,819,1922,10,72,153,23,10,26,18,50,10,56.0,358,3,3,26276.2,0,0,141,0,0,67810,1.0,2098.9637919697425,169.39008235431024,-0.7999999999999545,0.0,0.0,1074,0.29833333333333334,2091.6621194942563,1.6,0.0,-0.29833333333333334
8005320508,8,-21.79956055,-46.58333206,1331.8,99,944,1865,9,52,114,23,10,26,18,50,20,56.0,357,4,2,26276.2,0,0,141,0,0,67820,2.0,2092.6447381244625,125.62245022288015,0.20000000000004547,0.0,0.0,1428,0.7933333333333333,2110.186208731908,0.4,0.08508052622806686,-0.7082528071052665
8006132508,8,-21.7995472,-46.58333206,1336.8,119,896,1851,0,48,107,23,10,26,18,50,32,56.0,357,2,2,26276.2,0,16,141,0,0,67832,1.0,2059.8975702689686,117.27318534089538,0.7000000000000455,0.0,0.0,714,0.19833333333333333,2079.815839347849,0.6,0.9298452342197358,0.7315119008864024
8006234508,8,-21.79954338,-46.58333206,1336.7,121,927,1851,0,50,128,23,10,26,18,50,34,56.0,357,4,4,26276.2,0,18,141,0,0,67834,2.0,2073.6853666841553,137.41906709041507,-0.09999999999990905,0.0,0.0,1428,0.7933333333333333,2077.528117258796,1.4,0.8547389324117722,0.0614055990784389
8006336508,8,-21.79953194,-46.58333206,1336.7,154,1049,1770,7,72,158,23,10,26,18,50,36,56.0,356,15,7,26276.2,0,28,141,0,0,67836,2.0,2063.2539833961305,173.7728402253931,0.0,0.0,0.0,5340,2.966666666666667,2074.52704037073,2.8,2.0258642989007103,-0.9408023677659565
8006437508,8,-21.79951096,-46.58333206,1335.8,-98,1181,1775,24,126,229,23,10,26,18,50,37,56.0,355,24,13,26276.2,0,28,141,0,0,67837,1.0,2134.242254290735,262.4747606913853,-0.900000000000091,0.0,0.0,8520,2.3666666666666667,2083.7112720288123,5.4,2.943916562178366,0.5772498955116991
8006539508,8,-21.79944611,-46.58333206,1334.9,176,1103,1648,33,104,138,23,10,26,18,50,39,56.0,354,30,19,26276.2,0,28,141,0,0,67839,2.0,1990.8513254384416,175.9232787325202,-0.8999999999998636,0.0,0.0,10620,5.9,2064.386100015686,9.0,4.928610356957375,-0.9713896430426257
8006945508,8,-21.79929352,-46.58333206,1333.4,265,897,1817,-238,191,-47,23,10,26,18,50,45,56.0,357,9,13,26276.3,0,18,141,0,0,67845,1.0,2043.605392437591,308.7620442994896,-0.3999999999998636,0.0,0.0,3213,0.8925,2090.6211345916763,17.6,1.4727826638909596,0.5802826638909596
8007047508,8,-21.79925346,-46.58333206,1332.9,13,1097,1925,-35,-7,-10,23,10,26,18,50,47,56.0,355,26,17,26276.3,0,26,141,0,0,67847,2.0,2215.672132784993,37.067505985701274,-0.5,0.0,0.0,9230,5.127777777777778,2135.585296060987,17.2,3.897481915795699,-1.2302958619820794
8007148508,8,-21.79924011,-46.58333206,1332.4,166,1028,1789,-32,-11,8,23,10,26,18,50,48,56.0,354,31,22,26276.3,0,26,141,0,0,67848,1.0,2069.9905796887097,34.77067730142742,-0.5,0.0,0.0,10974,3.0483333333333333,2118.1857764002007,17.2,4.291832444549895,1.2434991112165616
8007555508,8,-21.79906654,-46.58333206,1331.7,86,650,1629,37,-38,7,23,10,26,18,50,55,56.0,356,14,11,26276.3,0,24,141,0,0,67855,2.0,1756.0002847380179,53.49766350038102,0.20000000000004547,0.0,0.0,4984,2.7688888888888887,2030.3470109069208,18.0,1.904231778478517,-0.8646571104103717
8007656508,8,-21.79903984,-46.58333206,1332.0,163,948,1707,31,-38,20,23,10,26,18,50,56,56.0,355,22,15,26276.3,0,26,141,0,0,67856,1.0,1959.367755170019,52.96225070746144,0.2999999999999545,0.0,0.0,7810,2.1694444444444443,2008.222446003183,16.6,3.186413551401993,1.0169691069575486
8007758508,8,-21.7990036,-46.58333206,1331.3,12,1048,1844,1,-7,7,23,10,26,18,50,58,56.0,355,21,20,26276.3,0,22,141,0,0,67858,2.0,2121.0337102460207,9.9498743710662,-0.7000000000000455,0.0,0.0,7455,4.141666666666667,2012.166936595038,15.8,3.632400404675389,-0.5092662619912778
8007859508,8,-21.79898071,-46.58333206,1331.7,17,976,1748,-32,12,-2,23,10,26,18,50,59,56.0,356,5,21,26276.3,0,0,141,0,0,67859,1.0,2002.0911567658452,34.23448553724738,0.40000000000009095,0.0,0.0,1780,0.49444444444444446,1995.9731662007775,16.0,0.4522807964534498,-0.042163647990994646
8008307518,8,-21.79883385,-46.58333206,1333.0,-106,832,1767,196,-104,33,23,10,26,18,51,7,56.0,357,4,16,26276.4,0,12,141,0,0,67867,1.0,1955.9521977798947,224.32342722060932,0.20000000000004547,0.0,0.0,1428,0.39666666666666667,2023.260155534391,15.4,0.9529252824253823,0.5562586157587157
8009120518,8,-21.79852676,-46.58333206,1320.8,392,837,2158,37,-135,-321,23,10,26,18,51,20,56.0,357,6,17,26276.5,0,14,141,0,0,67880,2.0,2347.59387458734,350.19280403800417,-1.2000000000000455,0.09999999999854481,-12.000000000175078,2142,1.19,2107.1008761880853,15.2,1.2226343684073884,0.032634368407388425
8009222518,8,-21.79842567,-46.58333206,1317.8,481,761,1670,-4,-154,-278,23,10,26,18,51,22,56.0,351,58,24,26276.5,0,34,141,0,0,67882,2.0,1897.2037318116365,317.83014331557666,-3.0,0.0,0.0,20358,11.31,2097.093294784071,15.8,10.242289333638075,-1.0677106663619256
8009323518,8,-21.79837799,-46.58333206,1317.4,169,702,1937,-15,-7,-59,23,10,26,18,51,23,56.0,357,5,29,26276.5,0,10,141,0,0,67883,1.0,2067.204392410194,61.27805479941412,-0.3999999999998636,0.0,0.0,1785,0.49583333333333335,2092.64117260685,18.4,0.4356967309269159,-0.06013660240641744
8010034518,8,-21.79802704,-46.58333206,1307.2,151,758,1920,5,-37,3,23,10,26,18,51,34,56.0,358,1,45,26276.6,0,6,141,0,0,67894,1.0,2069.7258272534555,37.456641600656084,-0.09999999999990905,0.0,0.0,358,0.09944444444444445,2086.7714652229474,40.2,0.24569629266601184,0.1462518482215674
8011701528,8,-21.79691887,-46.58333206,1279.6,111,830,1971,61,-88,31,23,10,26,18,52,1,56.0,358,5,22,26276.9,0,12,141,0,0,67921,1.0,2141.509280857779,111.47196957082978,-0.5,0.0,0.0,1790,0.49722222222222223,2204.2056974483894,29.8,1.0772205146381537,0.5799982924159315
8011803528,8,-21.79683876,-46.58333206,1279.9,192,926,1912,52,-47,36,23,10,26,18,52,3,56.0,357,14,25,26276.9,0,18,141,0,0,67923,2.0,2133.092590582978,78.79720807236764,0.3000000000001819,0.0,0.0,4998,2.776666666666667,2170.7636543341837,27.4,2.770049616678888,-0.006617049987778678
8012412528,8,-21.79623413,-46.58333206,1272.5,397,839,2014,4,-132,-131,23,10,26,18,52,12,56.0,358,1,29,26277.0,0,6,141,0,0,67932,1.0,2217.5946428506722,186.0134403746138,-1.599999999999909,0.0,0.0,358,0.09944444444444445,2140.787021236668,29.2,0.10118806788599985,0.001743623441555403
8012514528,8,-21.79610634,-46.58333206,1272.1,208,665,2265,-69,-87,-40,23,10,26,18,52,14,56.0,358,2,31,26277.0,0,8,141,0,0,67934,2.0,2369.7497758202235,118.02542099056457,-0.40000000000009095,0.0,0.0,716,0.3977777777777778,2204.4719888621707,29.8,0.8014638196836728,0.40368604190589497
8012616528,8,-21.79595375,-46.58333206,1271.0,-80,805,1912,-7,-59,10,23,10,26,18,52,16,56.0,358,1,33,26277.0,0,2,141,0,0,67936,2.0,2076.09465102148,60.249481325568276,-1.099999999999909,0.0,0.0,358,0.1988888888888889,2159.4150452690237,30.4,0.2448582458156802,0.0459693569267913
8014850528,8,-21.79337883,-46.58333206,1246.3,197,682,1204,240,-59,34,23,10,26,18,52,50,56.5,356,22,20,26277.4,0,22,142,0,0,67970,1.0,1397.6941725570728,249.47344548067636,-0.7000000000000455,0.0,0.0,7832,2.1755555555555555,1857.0973524745318,21.6,3.585925456392581,1.4103699008370256
8015155528,8,-21.79311752,-46.58333206,1243.5,-574,939,2243,157,297,358,23,10,26,18,52,55,56.5,358,2,18,26277.4,0,30,142,0,0,67975,1.0,2498.448718705269,490.93991485720534,-0.40000000000009095,0.0,0.0,716,0.1988888888888889,2038.9102680549154,19.6,6.456912436807591,6.258023547918702
8015257528,8,-21.79303551,-46.58333206,1240.5,-437,1467,1363,-34,158,342,23,10,26,18,52,57,56.5,352,56,25,26277.4,0,32,142,0,0,67977,2.0,2049.591910600742,378.26445775409564,-3.0,0.0,0.0,19712,10.95111111111111,2056.386858312882,21.4,10.529951965384724,-0.4211591457263868
8015358528,8,-21.79302979,-46.58333206,1239.2,-101,906,1794,-28,30,-23,23,10,26,18,52,58,56.5,357,13,33,26277.4,0,16,142,0,0,67978,1.0,2012.3302412874484,47.042533945356304,-1.2999999999999545,0.0,0.0,4641,1.2891666666666666,2179.3140720589568,24.0,2.5965719844608133,1.3074053177941467
8016009538,8,-21.79273224,-46.58333206,1225.2,429,636,2013,-59,-131,-275,23,10,26,18,53,9,56.5,358,8,31,26277.5,0,12,142,0,0,67989,1.0,2154.2297927565664,310.26923792087416,-1.2000000000000455,0.0,0.0,2864,0.7955555555555556,1892.1273012944214,36.0,0.9088098210849976,0.11325426552944207
8016213538,8,-21.79244804,-46.58333206,1224.3,93,522,2038,21,-5,-231,23,10,26,18,53,13,56.5,358,11,37,26277.6,0,14,142,0,0,67993,2.0,2105.843536448043,232.0064654271514,-0.40000000000009095,0.0,0.0,3938,2.187777777777778,2169.0851128263703,33.2,2.1629138561824712,-0.024863921595306593
8016721538,8,-21.79180717,-46.58333206,1221.8,55,1042,1879,186,-93,28,23,10,26,18,53,21,56.5,353,62,22,26277.6,0,34,142,0,0,68001,2.0,2149.2859279304835,209.83088428541686,-1.1000000000001364,0.0,0.0,21886,12.158888888888889,2246.680931955292,29.4,9.033930573778882,-3.124958315110007
8016822538,8,-21.79175186,-46.58333206,1219.4,-40,1034,2239,-4,-4,-5,23,10,26,18,53,22,56.5,353,47,30,26277.7,0,28,142,0,0,68002,1.0,2466.5516414622257,7.54983443527075,-2.3999999999998636,0.10000000000218279,-23.999999999474767,16591,4.608611111111111,2297.652340413635,27.8,6.2511622226692705,1.6425511115581592
8016924538,8,-21.79159737,-46.58333206,1219.7,375,917,1793,-13,-31,25,23,10,26,18,53,24,56.5,354,37,37,26277.7,0,22,142,0,0,68004,2.0,2048.502623869445,41.892720131306824,0.2999999999999545,0.0,0.0,13098,7.276666666666666,2391.9715721468624,28.0,6.942269613332175,-0.33439705333449155
8017736538,8,-21.7906189,-46.58333206,1209.5,116,474,2088,-30,24,77,23,10,26,18,53,36,56.5,358,1,2,26277.8,14,0,142,0,0,68016,1.0,2144.265841727653,86.05230967266364,-1.400000000000091,0.0,0.0,358,0.09944444444444445,2055.569170623565,22.8,0.11271887451623899,0.013274430071794546
8018244538,8,-21.79059792,-46.58333206,1207.6,181,904,1919,1,-7,113,23,10,26,18,53,44,56.5,357,15,5,26277.8,0,32,142,0,0,68024,1.0,2128.9758101021253,113.22102278287367,0.09999999999990905,0.0,0.0,5355,1.4875,2103.9436573247913,1.0,3.86177445333273,2.3742744533327302
8018346538,8,-21.79056358,-46.58333206,1208.0,-98,1103,1750,63,192,469,23,10,26,18,53,46,56.5,354,35,14,26277.8,0,32,142,0,0,68026,2.0,2070.9208096882894,510.67993890498576,0.40000000000009095,0.0,0.0,12390,6.883333333333334,2100.1591122998348,3.8,3.996698528440011,-2.8866348048933226
8018447538,8,-21.7905407,-46.58333206,1207.8,-386,1315,1596,54,244,385,23,10,26,18,53,47,56.5,351,56,25,26277.8,0,32,142,0,0,68027,1.0,2103.6722653493343,458.9956426808429,-0.20000000000004547,0.0,0.0,19656,5.46,2102.83801882116,8.8,6.7218714645848285,1.2618714645848286
8018955538,8,-21.79039764,-46.58333206,1209.4,139,737,1901,-26,-237,-233,23,10,26,18,53,55,56.5,358,2,12,26277.9,0,24,142,0,0,68035,1.0,2043.597563122446,333.3676648986821,0.3000000000001819,0.0,0.0,716,0.1988888888888889,2120.406455297802,25.8,2.010307898804769,1.81141900991588
8019057538,8,-21.79034424,-46.58333206,1208.7,718,746,2058,-52,-253,-481,23,10,26,18,53,57,56.5,354,37,18,26277.9,0,32,142,0,0,68037,2.0,2303.780371476413,545.9615371067819,-0.7000000000000455,0.0,0.0,13098,7.276666666666666,2121.9093096805836,22.6,6.776673352134688,-0.49999331453197815
8019159538,8,-21.79026222,-46.58333206,1209.5,250,1108,1850,-22,-107,-233,23,10,26,18,53,59,56.0,350,71,27,26277.9,0,36,142,0,0,68039,2.0,2170.867107862662,257.3363557680881,0.7999999999999545,0.0,0.0,24850,13.805555555555555,2125.826760928473,21.2,10.977995356035764,-2.827560199519791
8019200548,8,-21.79020691,-46.58333206,1209.3,-122,821,1729,-45,157,7,23,10,26,18,54,0,56.0,355,17,35,26277.9,0,18,141,0,0,68040,1.0,1917.9066713476961,163.4717100907677,-0.20000000000004547,0.0,0.0,6035,1.676388888888889,2099.5585130340187,22.2,3.3324078550619447,1.6560189661730558
8019403548,8,-21.78999329,-46.58333206,1208.6,11,739,1793,12,-2,65,23,10,26,18,54,3,56.0,357,5,37,26277.9,0,10,141,0,0,68043,1.0,1939.3532427074754,66.12866246946176,0.2999999999999545,0.0,0.0,1785,0.49583333333333335,2132.342163715688,31.0,0.746189112928274,0.2503557795949406
8019708548,8,-21.78963852,-46.58333206,1211.0,139,1250,1312,218,-204,107,23,10,26,18,54,8,56.0,348,92,21,26278.0,0,46,141,0,0,68048,2.0,1817.4611412627232,317.15768948584554,1.599999999999909,0.0,0.0,32016,17.786666666666665,2208.761879376603,30.4,14.54218845167847,-3.244478214988195
8019810548,8,-21.78952599,-46.58333206,1211.3,80,1249,1630,-29,13,41,23,10,26,18,54,10,56.0,347,85,33,26278.0,0,34,141,0,0,68050,2.0,2055.06715218749,51.87484939737175,0.2999999999999545,0.0,0.0,29495,16.386111111111113,2153.814624777262,29.4,11.22919509171446,-5.156916019396652
8019911548,8,-21.7894268,-46.58333206,1210.0,5,1139,1587,11,82,36,23,10,26,18,54,11,56.0,349,66,41,26278.0,0,28,141,0,0,68051,1.0,1953.4367151254223,90.22749026765624,-1.2999999999999545,0.0,0.0,23034,6.398333333333333,2156.6313192608513,30.2,10.500164404299671,4.1018310709663375
8020013548,8,-21.78922272,-46.58333206,1209.4,277,1298,2302,14,78,47,23,10,26,18,54,13,56.0,352,40,46,26278.0,0,22,141,0,0,68053,2.0,2657.2047343025715,92.13576938409967,-0.599999999999909,0.0,0.0,14080,7.822222222222222,2132.355143837015,32.2,6.600109854983812,-1.2221123672384095
8020114548,8,-21.78910637,-46.58333206,1209.3,-568,1455,2241,-19,145,122,23,10,26,18,54,14,56.0,355,14,47,26278.0,0,14,141,0,0,68054,1.0,2731.616737391979,190.44684297724655,-0.10000000000013642,0.0,0.0,4970,1.3805555555555555,2242.957296054037,37.6,2.821840527507296,1.4412849719517404
8020216548,8,-21.78888321,-46.58333206,1207.6,-115,850,1595,-92,120,4,23,10,26,18,54,16,56.0,353,30,48,26278.1,0,18,141,0,0,68056,2.0,1811.0080066084745,151.2613632095123,-1.7000000000000455,0.09999999999854481,-17.000000000247837,10590,5.883333333333334,2241.6666691231876,43.0,4.491023883910139,-1.3923094494231947
8020826548,8,-21.78805542,-46.58333206,1200.5,257,1290,1848,102,62,-8,23,10,26,18,54,26,56.0,348,78,19,26278.2,0,44,141,0,0,68066,2.0,2268.3150133965078,119.63277142990545,-1.2999999999999545,0.10000000000218279,-12.999999999715783,27144,15.08,2121.446247625544,29.0,15.781494742938568,0.7014947429385678
8020927548,8,-21.78801346,-46.58333206,1199.7,-233,1179,1151,-69,89,142,23,10,26,18,54,27,56.0,347,89,31,26278.2,0,38,141,0,0,68067,1.0,1664.0706114825778,181.23465452280368,-0.7999999999999545,0.0,0.0,30883,8.578611111111112,2117.433411381031,25.8,11.337856176089774,2.7592450649786624
8021029548,8,-21.78792953,-46.58333206,1200.6,-238,1612,2343,74,-5,41,23,10,26,18,54,29,56.0,347,86,39,26278.2,0,32,141,0,0,68069,2.0,2853.9160814571965,84.74668135095321,0.8999999999998636,0.0,0.0,29842,16.57888888888889,2264.8210679413837,25.8,14.925320830760608,-1.6535680581282826
8021130548,8,-21.78789902,-46.58333206,1199.3,-15,1409,1919,-16,-32,1,23,10,26,18,54,30,56.0,349,48,43,26278.2,0,16,141,0,0,68070,1.0,2380.7702535104054,35.79106033634656,-1.2999999999999545,0.0,0.0,16752,4.653333333333333,2274.2077676001427,29.0,3.3344837248554007,-1.3188496084779326
8021333548,8,-21.78778648,-46.58333206,1200.0,381,795,1960,-82,99,-80,23,10,26,18,54,33,56.0,355,12,39,26278.2,0,14,141,0,0,68073,1.0,2149.1361055084435,151.41003929726722,-0.2999999999999545,0.0,0.0,4260,1.1833333333333333,2156.547254508164,38.6,2.280821993970804,1.0974886606374705
8021943548,8,-21.78753471,-46.58333206,1202.1,78,724,1823,-74,-147,-155,23,10,26,18,54,43,56.0,357,1,15,26278.3,0,10,141,0,0,68083,2.0,1963.056035878752,226.0752087248843,0.0,0.0,0.0,357,0.19833333333333333,1990.1830709088504,23.2,0.4154080607380912,0.2170747274047579
8022045548,8,-21.78746414,-46.58333206,1203.6,192,882,1990,-61,-222,-250,23,10,26,18,54,45,56.0,356,11,18,26278.3,0,18,141,0,0,68085,2.0,2185.15171098027,339.8602654032978,1.5,0.0,0.0,3916,2.1755555555555555,1964.8818870329742,20.2,1.2862113672116255,-0.8893441883439299
8022146548,8,-21.78741455,-46.58333206,1203.4,279,822,1941,-33,-57,-136,23,10,26,18,54,46,56.0,355,20,24,26278.3,0,20,141,0,0,68086,1.0,2126.2657406824765,151.10923201446033,-0.1999999999998181,0.0,0.0,7100,1.9722222222222223,1954.7669610069279,19.0,2.843602497971292,0.8713802757490696
8022248548,8,-21.78729057,-46.58333206,1202.4,207,916,1959,1,-32,-33,23,10,26,18,54,48,56.0,354,28,31,26278.3,0,22,141,0,0,68088,2.0,2172.460816677714,45.9782557302906,-1.0,0.0,0.0,9912,5.506666666666667,2044.7877612366242,20.8,5.204249959468827,-0.30241670719783986
8022349548,8,-21.78722382,-46.58333206,1202.6,124,991,1912,-6,-2,-9,23,10,26,18,54,49,56.0,353,34,38,26278.4,0,20,141,0,0,68089,1.0,2157.1279516987397,11.0,0.1999999999998181,0.10000000000218279,1.9999999999545253,12002,3.3338888888888887,2120.8124511835904,25.2,4.362585431739573,1.0286965428506845
8022451548,8,-21.7870388,-46.58333206,1202.0,97,943,1822,-49,-82,26,23,10,26,18,54,51,56.0,353,31,44,26278.4,0,20,141,0,0,68091,2.0,2053.860267885817,99.0,-0.599999999999909,0.0,0.0,10943,6.079444444444444,2138.9732975850034,31.0,5.089567812402418,-0.9898766320420265
8022756548,8,-21.78657532,-46.58333206,1201.4,207,1061,1901,58,-19,18,23,10,26,18,54,56,56.0,351,50,36,26278.4,0,26,141,0,0,68096,2.0,2186.8632787625293,63.631753079732135,0.10000000000013642,0.0,0.0,17550,9.75,2134.7093373916114,39.4,8.362741398980518,-1.3872586010194823
8022857548,8,-21.78648949,-46.58333206,1201.1,11,1019,1667,-7,-14,-3,23,10,26,18,54,57,56.0,350,53,40,26278.5,0,26,141,0,0,68097,1.0,1953.809356104121,15.937377450509228,-0.3000000000001819,0.09999999999854481,-3.0000000000454747,18550,5.152777777777778,2094.0456182726875,39.8,8.902204659297748,3.7494268815199705
8023508558,8,-21.7856636,-46.58333206,1199.9,151,809,1797,-19,15,-16,23,10,26,18,55,8,56.0,356,7,16,26278.5,0,18,141,0,0,68108,1.0,1976.4845053781728,29.017236257093817,0.3000000000001819,0.0,0.0,2492,0.6922222222222222,2042.3715284796194,23.0,1.5491164797622528,0.8568942575400306
8023610558,8,-21.7855854,-46.58333206,1199.3,197,945,1757,-23,-3,-7,23,10,26,18,55,10,56.0,355,21,20,26278.6,0,22,141,0,0,68110,2.0,2004.7151917417098,24.228082879171435,-0.6000000000001364,0.09999999999854481,-6.000000000088676,7455,4.141666666666667,2041.4963989957937,19.6,3.3054110961707504,-0.8362555704959163
8023711558,8,-21.78553963,-46.58333206,1199.2,119,966,1837,6,-16,10,23,10,26,18,55,11,56.0,354,22,24,26278.6,0,14,141,0,0,68111,1.0,2078.914620661464,19.79898987322333,-0.09999999999990905,0.0,0.0,7788,2.1633333333333336,2005.2810487950974,19.2,1.777549983815067,-0.38578334951826654
8024321558,8,-21.78513527,-46.58333206,1196.5,87,777,1942,-9,4,-7,23,10,26,18,55,21,56.0,357,1,5,26278.6,4,0,141,0,0,68121,2.0,2093.4808334446247,12.083045973594572,-0.900000000000091,0.0,0.0,357,0.19833333333333333,2088.49790314503,11.8,0.3076282555317964,0.10929492219846307
8025642558,8,-21.78510284,-46.58333206,1195.9,150,897,1881,-7,-8,-3,23,10,26,18,55,42,56.0,357,2,3,26278.6,0,8,141,0,0,68142,2.0,2089.3228568127042,11.045361017187261,-0.8999999999998636,0.0,0.0,714,0.39666666666666667,2092.689534347365,0.6,0.21149157416736572,-0.18517509249930095
8025743558,8,-21.78509521,-46.58333206,1196.4,175,971,1829,-3,-13,2,23,10,26,18,55,43,56.0,356,9,5,26278.6,0,24,141,0,0,68143,1.0,2078.149898347085,13.490737563232042,0.5,0.0,0.0,3204,0.89,2090.712952765645,1.6,2.0505478143666642,1.160547814366664
8025845558,8,-21.7850647,-46.58333206,1196.4,172,1041,1783,5,-18,9,23,10,26,18,55,45,56.0,355,19,10,26278.6,0,28,141,0,0,68145,2.0,2071.799700743293,20.73644135332772,0.0,0.0,0.0,6745,3.7472222222222222,2088.714825861436,3.6,2.5867106820686776,-1.1605115401535446
8025946558,8,-21.78503799,-46.58333206,1196.7,221,1066,1850,-9,0,-7,23,10,26,18,55,46,56.0,353,32,16,26278.6,0,30,141,0,0,68146,1.0,2146.554681344037,11.40175425099138,0.2999999999999545,0.0,0.0,11296,3.137777777777778,2108.701196534676,6.8,6.158672226388796,3.020894448611018
8026048558,8,-21.7849617,-46.58333206,1197.5,166,964,1868,-1,-7,1,23,10,26,18,55,48,56.0,355,21,21,26278.6,0,24,141,0,0,68148,2.0,2108.619453576202,7.14142842854285,0.7999999999999545,0.0,0.0,7455,4.141666666666667,2098.8893181646645,11.0,3.354545335247852,-0.7871213314188146
8026556558,8,-21.78458786,-46.58333206,1196.5,-67,769,1921,-1,6,11,23,10,26,18,55,56,56.0,357,1,5,26278.7,4,0,141,0,0,68156,2.0,2070.287661171751,12.569805089976535,1.0,0.0,0.0,357,0.19833333333333333,2134.8969662042146,16.0,0.3679156194109643,0.16958228607763096
8029645568,8,-21.78457451,-46.58333206,1199.5,155,1165,1755,4,-1,26,23,10,26,18,56,45,56.0,354,31,9,26278.7,0,36,141,0,0,68205,2.0,2112.173051622428,26.324893162176366,-1.2000000000000455,0.0,0.0,10974,6.096666666666667,2086.1018381673516,2.0,3.061509017070988,-3.0351576495956785
8029747568,8,-21.78451538,-46.58333206,1199.5,-362,1116,1649,-43,207,328,23,10,26,18,56,47,56.0,353,37,18,26278.7,0,30,141,0,0,68207,2.0,2023.7838323299254,390.2332635744934,0.0,0.0,0.0,13061,7.256111111111111,2076.9958737671714,5.6,4.704647393136572,-2.5514637179745394
8029848568,8,-21.78446579,-46.58333206,1198.9,-469,1406,1464,-9,242,317,23,10,26,18,56,48,56.0,348,79,27,26278.7,0,38,141,0,0,68208,1.0,2083.288986194666,398.9160312647262,-0.599999999999909,0.0,0.0,27492,7.636666666666667,2073.7309638325105,11.0,10.697802679228328,3.0611360125616613
8029950568,8,-21.7843914,-46.58333206,1199.8,-301,1272,1677,-9,68,110,23,10,26,18,56,50,56.0,347,86,37,26278.7,0,34,141,0,0,68210,2.0,2126.244106399827,129.634100452003,0.8999999999998636,0.0,0.0,29842,16.57888888888889,2085.934605985543,18.4,10.904998325976608,-5.673890562912282
8030051568,8,-21.78436089,-46.58333206,1200.8,20,1200,1803,20,-35,-13,23,10,26,18,56,51,56.0,347,84,45,26278.7,0,30,140,0,0,68211,1.0,2165.9198969491,42.35563716909474,1.0,0.0,0.0,29148,8.096666666666666,2102.281974699189,27.2,12.479891194289154,4.383224527622488
8030153568,8,-21.78427887,-46.58333206,1200.6,180,949,1871,-1,-16,-49,23,10,26,18,56,53,56.0,348,67,50,26278.8,0,26,140,0,0,68213,2.0,2105.6215234462247,51.55579501860097,-0.20000000000004547,0.09999999999854481,-2.0000000000295586,23316,12.953333333333333,2100.9716690639484,35.4,8.892262208497852,-4.061071124835481
8030356568,8,-21.78409576,-46.58333206,1200.1,169,888,1987,-24,6,-54,23,10,26,18,56,56,56.0,354,16,52,26278.8,0,14,140,0,0,68216,2.0,2182.9507552851483,59.39696961966999,-0.6000000000001364,0.0,0.0,5664,3.1466666666666665,2142.1502141522715,47.4,2.087677480909235,-1.0589891857574316
8030458568,8,-21.78393555,-46.58333206,1199.2,232,992,1843,8,-57,-39,23,10,26,18,56,58,55.5,353,29,53,26278.8,0,18,140,0,0,68218,2.0,2105.8340390448625,69.52697318307479,-0.8999999999998636,0.0,0.0,10237,5.687222222222222,2138.0682006812776,50.6,4.670683413299625,-1.016538808922597
8030559568,8,-21.7838459,-46.58333206,1199.3,-23,806,2120,-9,-47,-45,23,10,26,18,56,59,55.5,355,8,53,26278.9,0,12,140,0,0,68219,1.0,2268.1633539055338,65.68865959965997,0.09999999999990905,0.10000000000218279,0.9999999999772626,2840,0.7888888888888889,2158.516892072565,52.2,1.784184043836907,0.9952951549480181
8030601578,8,-21.78364182,-46.58333206,1199.3,264,879,2055,54,23,-63,23,10,26,18,57,1,55.5,355,12,53,26278.9,0,14,140,0,0,68221,2.0,2250.635910137399,86.10458756651704,0.0,0.0,0.0,4260,2.3666666666666667,2187.5197694108,52.8,2.432648619767262,0.06598195310059518
8030702578,8,-21.78354454,-46.58333206,1199.7,244,840,1890,6,-62,-33,23,10,26,18,57,2,55.5,356,4,53,26278.9,0,10,140,0,0,68222,1.0,2082.6031787164834,70.49113419430843,0.40000000000009095,0.0,0.0,1424,0.39555555555555555,2178.0374474178852,52.8,0.5993863422723522,0.20383078671679666
8030804578,8,-21.78331947,-46.58333206,1199.3,111,851,1764,-93,-105,-25,23,10,26,18,57,4,55.5,356,4,52,26278.9,0,10,140,0,0,68224,2.0,1961.68753882977,142.47455913249917,-0.40000000000009095,0.0,0.0,1424,0.7911111111111111,2133.7848041268094,52.8,0.24737027542281467,-0.5437408356882965
8031007578,8,-21.78297043,-46.58333206,1199.0,-131,982,1687,31,13,-3,23,10,26,18,57,7,55.5,356,1,49,26279.0,0,4,140,0,0,68227,1.0,1956.38799832753,33.74907406137241,-0.09999999999990905,0.09999999999854481,-1.0000000000136424,356,0.09888888888888889,2064.9020936366715,51.4,0.6606892511877451,0.5618003622988562
8031109578,8,-21.78274155,-46.58333206,1199.1,-57,851,1744,-10,-14,20,23,10,26,18,57,9,55.5,356,8,49,26279.0,0,12,140,0,0,68229,2.0,1941.387648049714,26.38181191654584,0.09999999999990905,0.0,0.0,2848,1.5822222222222222,2003.0524412191348,50.6,1.5581281665403692,-0.024094055681852966
8031210578,8,-21.78263283,-46.58333206,1198.8,67,941,2112,23,34,-9,23,10,26,18,57,10,55.5,355,15,49,26279.0,0,16,140,0,0,68230,1.0,2313.1178093646677,42.02380277890139,-0.2999999999999545,0.0,0.0,5325,1.4791666666666667,2049.1553673487715,49.8,3.3130436141173036,1.833876947450637
8031312578,8,-21.78240204,-46.58333206,1199.3,270,846,2131,13,-1,0,23,10,26,18,57,12,55.5,353,27,50,26279.0,0,18,140,0,0,68232,2.0,2308.6309796067453,13.038404810405298,0.5,0.0,0.0,9531,5.295,2118.544055504167,49.4,4.269346262103939,-1.0256537378960608
8031414578,8,-21.78217316,-46.58333206,1199.0,215,935,2059,8,-4,13,23,10,26,18,57,14,55.5,353,26,51,26279.1,0,18,140,0,0,68234,2.0,2271.548150491202,15.7797338380595,-0.2999999999999545,0.09999999999854481,-3.000000000043201,9178,5.098888888888889,2158.2145171679717,49.6,4.411278645725075,-0.6876102431638138
8031515578,8,-21.78205681,-46.58333206,1199.1,274,832,1899,-35,4,-10,23,10,26,18,57,15,55.5,354,22,51,26279.1,0,16,140,0,0,68235,1.0,2091.291706099367,36.61966684720111,0.09999999999990905,0.0,0.0,7788,2.1633333333333336,2185.195258722339,50.0,3.3836153224062047,1.220281989072871
8031617578,8,-21.7818222,-46.58333206,1199.2,42,909,1848,-30,15,10,23,10,26,18,57,17,55.5,352,43,53,26279.1,0,22,140,0,0,68237,2.0,2059.8905310719792,35.0,0.10000000000013642,0.0,0.0,15136,8.408888888888889,2208.895835326792,50.8,7.349110442769632,-1.0597784461192568
8031718578,8,-21.78169632,-46.58333206,1199.6,87,1057,1800,42,34,31,23,10,26,18,57,18,55.5,349,65,56,26279.1,0,26,140,0,0,68238,1.0,2089.2146849952974,62.297672508690084,0.3999999999998636,0.0,0.0,22685,6.301388888888889,2164.1152104529183,52.2,7.639849062569542,1.3384601736806534
8031820578,8,-21.78146362,-46.58333206,1198.4,-80,963,1873,-45,-32,70,23,10,26,18,57,20,55.5,348,68,60,26279.2,0,26,140,0,0,68240,2.0,2107.581077918475,89.15716460273958,-1.199999999999818,0.10000000000218279,-11.999999999736247,23664,13.146666666666667,2123.9052301152637,54.2,8.869159684412386,-4.27750698225428
8031921578,8,-21.78133965,-46.58333206,1198.4,-11,1051,1866,49,16,61,23,10,26,18,57,21,55.5,350,48,62,26279.2,0,22,140,0,0,68241,1.0,2141.6530998273274,79.86238163240563,0.0,0.0,0.0,16800,4.666666666666667,2097.926219982489,56.4,7.185090018681256,2.5184233520145893
8032023578,8,-21.78108597,-46.58333206,1198.2,-198,884,1814,-13,-5,52,23,10,26,18,57,23,55.5,354,23,62,26279.2,0,16,140,0,0,68243,2.0,2027.623239164515,53.83307533477908,-0.20000000000004547,0.0,0.0,8142,4.523333333333333,2085.1925265955188,58.6,2.8275504325193213,-1.6957829008140122
8032125578,8,-21.78086472,-46.58333206,1197.3,6,836,1704,-22,22,49,23,10,26,18,57,25,55.5,354,12,62,26279.2,0,12,140,0,0,68245,2.0,1898.0379342889858,58.0430874437258,-0.900000000000091,0.0,0.0,4248,2.36,2052.8220072389204,60.4,1.4058189870915532,-0.9541810129084467
8032226578,8,-21.78076363,-46.58333206,1197.3,-75,920,1961,-17,59,37,23,10,26,18,57,26,55.5,355,11,62,26279.3,0,12,140,0,0,68246,1.0,2167.3822920749353,71.68681887209112,0.0,0.09999999999854481,0.0,3905,1.0847222222222221,2068.455528654848,61.6,1.2529424995916723,0.1682202773694501
8032328578,8,-21.78058815,-46.58333206,1199.3,-5,925,2019,0,30,43,23,10,26,18,57,28,55.5,355,7,62,26279.3,0,4,140,0,0,68248,2.0,2220.8131393703525,52.43090691567332,2.0,0.0,0.0,2485,1.3805555555555555,2091.101940945223,62.0,0.27471327722347555,-1.10584227833208
8032429578,8,-21.78051376,-46.58333206,1199.5,-107,871,2194,-22,-9,50,23,10,26,18,57,29,55.5,356,2,60,26279.3,0,6,140,0,0,68249,1.0,2362.990901379013,55.362442142665635,0.20000000000004547,0.0,0.0,712,0.19777777777777777,2135.3695012555604,61.6,0.4371284195637018,0.23935064178592402
8032531578,8,-21.78039169,-46.58333206,1199.7,-100,852,1786,4,21,46,23,10,26,18,57,31,55.5,354,18,60,26279.3,0,16,140,0,0,68251,2.0,1981.3379318026493,50.724747411889595,0.20000000000004547,0.0,0.0,6372,3.54,2126.1124397831873,61.2,2.7714892222007643,-0.7685107777992357
8032633578,8,-21.78031349,-46.58333206,1196.6,-44,1002,1782,19,30,42,23,10,26,18,57,33,55.5,353,28,60,26279.4,0,18,140,0,0,68253,2.0,2044.8628315855321,55.0,-3.1000000000001364,0.10000000000218279,-30.9999999993247,9884,5.4911111111111115,2155.4774192424966,60.8,4.507808843664745,-0.9833022674463665
8032734578,8,-21.78027534,-46.59999847,1196.3,66,924,1714,-28,27,25,23,10,26,18,57,34,55.5,353,28,61,26279.4,0,18,140,0,0,68254,1.0,1948.3141430477785,46.238512086787566,-0.2999999999999545,0.0,0.0,9884,2.7455555555555557,2111.663789437065,60.6,3.659715514332429,0.9141599587768732
8032836578,8,-21.78022957,-46.59999847,1196.1,89,808,1736,-33,-20,21,23,10,26,18,57,36,55.5,353,28,62,26279.4,0,18,140,0,0,68256,2.0,1916.8935807707219,43.93176527297759,-0.20000000000004547,0.0,0.0,9884,5.4911111111111115,2050.8798777171387,60.6,3.983443645369334,-1.5076674657417777
8033242578,8,-21.78004265,-46.59999847,1194.3,53,732,2044,-9,-19,-60,23,10,26,18,57,42,55.5,356,3,53,26279.5,0,10,140,0,0,68262,2.0,2171.7663318138075,63.57672530100933,-0.7000000000000455,0.0,0.0,1068,0.5933333333333334,2119.55571061747,58.0,0.8391152465959976,0.2457819132626642
8033344578,8,-21.77993774,-46.59999847,1194.5,277,783,1875,-5,-29,-58,23,10,26,18,57,44,55.5,354,23,53,26279.6,0,16,140,0,0,68264,2.0,2050.7176792528026,65.0384501660364,0.20000000000004547,0.09999999999854481,2.0000000000295586,8142,4.523333333333333,2146.320530313886,56.2,3.0793578300310736,-1.4439755033022599
8033445578,8,-21.77987099,-46.59999847,1194.2,286,754,1873,33,-31,-46,23,10,26,18,57,45,55.5,354,9,53,26279.6,0,8,140,0,0,68265,1.0,2039.2255883055213,64.5445582524197,-0.2999999999999545,0.0,0.0,3186,0.885,2108.740008838669,54.6,0.37276745608010575,-0.5122325439198943
8033648578,8,-21.77962685,-46.59999847,1195.9,219,960,2183,37,-16,-70,23,10,26,18,57,48,55.5,354,22,51,26279.6,0,16,140,0,0,68268,1.0,2394.796442288989,80.77747210701756,-0.2999999999999545,0.0,0.0,7788,2.1633333333333336,2121.6573534100235,52.2,3.3088905327698934,1.1455571994365599
8033750578,8,-21.77940941,-46.59999847,1191.3,145,784,1675,-42,-45,-30,23,10,26,18,57,50,55.5,352,33,53,26279.6,0,20,140,0,0,68270,2.0,1855.0757396936654,68.47627326307996,-4.600000000000136,0.0,0.0,11616,6.453333333333333,2058.319234985995,52.2,5.712519980455496,-0.7408133528778373
8033852578,8,-21.77918625,-46.59999847,1190.8,82,973,2177,12,-19,-31,23,10,26,18,57,52,55.5,352,34,54,26279.7,0,20,140,0,0,68272,2.0,2385.95515464981,38.28837943815329,-0.5,0.10000000000218279,-4.999999999890861,11968,6.648888888888889,2125.3667300653965,52.4,5.379231017929835,-1.2696578709590538
8033953578,8,-21.7790699,-46.59999847,1188.7,378,794,2057,-14,-44,-87,23,10,26,18,57,53,55.5,352,35,56,26279.7,0,20,140,0,0,68273,1.0,2237.089403667185,98.49365461794989,-2.099999999999909,0.0,0.0,12320,3.422222222222222,2164.939493137729,53.0,5.575300091526425,2.153077869304203
8034055578,8,-21.77882957,-46.59999847,1189.4,513,631,1855,-29,-64,-80,23,10,26,18,57,55,55.5,351,43,58,26279.7,0,22,140,0,0,68275,2.0,2025.4271154499734,106.47534925981694,0.7000000000000455,0.0,0.0,15093,8.385,2179.6687711499244,54.4,6.410230404719801,-1.9747695952801987
8034156578,8,-21.77868652,-46.59999847,1190.5,452,730,1724,-45,-40,-50,23,10,26,18,57,56,55.5,350,47,60,26279.7,0,22,140,0,0,68276,1.0,1925.9750777203737,78.26237921249263,1.099999999999909,0.0,0.0,16450,4.569444444444445,2085.9044982362016,56.2,5.569031047110879,0.999586602666434
8034258578,8,-21.77838707,-46.59999847,1189.7,82,825,1848,-14,-30,-4,23,10,26,18,57,58,55.5,353,23,62,26279.8,0,16,140,0,0,68278,2.0,2025.4513077336617,33.34666400106613,-0.7999999999999545,0.09999999999854481,-8.00000000011596,8119,4.510555555555555,2119.979611844201,58.0,3.013496613034342,-1.4970589425212135
8034359578,8,-21.77822113,-46.59999847,1189.9,149,836,2190,-1,27,1,23,10,26,18,57,59,55.5,353,24,62,26279.8,0,16,139,0,0,68279,1.0,2348.871431134535,27.03701166919155,0.20000000000004547,0.0,0.0,8472,2.3533333333333335,2112.562867141146,59.6,3.1498257571657824,0.7964924238324489
8034401588,8,-21.77791214,-46.59999847,1189.5,20,866,1587,-22,-33,4,23,10,26,18,58,1,55.5,353,24,62,26279.8,0,16,139,0,0,68281,2.0,1808.0168693903274,39.8622628559895,-0.40000000000009095,0.0,0.0,8472,4.706666666666667,2026.7483602857744,60.8,2.965308762322451,-1.7413579043442158
8035214588,8,-21.77628899,-46.59999847,1190.7,-367,957,1858,34,98,201,23,10,26,18,58,14,55.5,356,2,29,26280.0,0,8,140,0,0,68294,2.0,2121.9571154950327,226.18797492351356,-1.599999999999909,0.0,0.0,712,0.39555555555555555,2085.454012277968,39.6,0.5277873441752354,0.13223178861967988
8035519588,8,-21.77612305,-46.59999847,1192.8,-29,1106,1633,-42,-17,96,23,10,26,18,58,19,55.5,353,23,27,26280.0,0,20,140,0,0,68299,2.0,1972.5024714813414,106.155546251715,-1.5,0.0,0.0,8119,4.510555555555555,2048.1474926553356,28.4,3.774081099879137,-0.7364744556764182
8035724588,8,-21.77605057,-46.59999847,1193.7,93,1067,1902,-21,-29,14,23,10,26,18,58,24,55.5,348,65,44,26280.1,0,28,139,0,0,68304,5.0,2182.8288984709725,38.44476557348217,0.900000000000091,0.09999999999854481,9.000000000131877,22620,31.416666666666668,2051.666485038967,30.8,9.488255623477611,-21.928411043189058
8035826588,8,-21.77601814,-46.59999847,1193.7,146,1248,1714,-13,-62,4,23,10,26,18,58,26,55.5,349,61,48,26280.1,0,26,139,0,0,68306,2.0,2125.2331636787526,63.474404290233394,0.0,0.0,0.0,21289,11.827222222222222,2052.3216946757116,34.6,9.32125640827901,-2.5059658139432113
8035927588,8,-21.77599907,-46.59999847,1192.9,-242,1051,1834,-48,-27,10,23,10,26,18,58,27,55.5,350,49,52,26280.1,0,22,139,0,0,68307,1.0,2127.6092216382217,55.97320787662612,-0.7999999999999545,0.0,0.0,17150,4.763888888888889,2071.105982340586,39.2,7.449009658391654,2.685120769502765
8036029588,8,-21.77596092,-46.59999847,1192.8,69,912,1552,-42,34,-18,23,10,26,18,58,29,55.5,352,29,54,26280.2,0,18,139,0,0,68309,2.0,1801.4463633425225,56.95612346359257,-0.10000000000013642,0.10000000000218279,-0.9999999999795364,10208,5.671111111111111,2041.9240237223626,45.0,3.048640320752588,-2.6224707903585234
8036131588,8,-21.77591705,-46.59999847,1193.6,15,931,2212,6,-12,9,23,10,26,18,58,31,55.5,353,19,54,26280.2,0,14,139,0,0,68311,2.0,2399.9854166223595,16.15549442140351,0.7999999999999545,0.0,0.0,6707,3.726111111111111,2127.4206127505654,50.4,2.7437782693291437,-0.9823328417819672
8036232588,8,-21.77589607,-46.59999847,1193.7,-281,746,1791,7,11,-14,23,10,26,18,58,32,55.5,354,16,54,26280.2,0,14,139,0,0,68312,1.0,1960.397408690391,19.131126469708992,0.10000000000013642,0.0,0.0,5664,1.5733333333333333,2082.9343147944496,52.4,2.4912255647830075,0.9178922314496742
8036334588,8,-21.77584839,-46.59999847,1193.0,109,820,2128,0,-17,-10,23,10,26,18,58,34,55.5,354,16,54,26280.2,0,14,139,0,0,68314,2.0,2283.126146317807,19.72308292331602,-0.7000000000000455,0.0,0.0,5664,3.1466666666666665,2114.51291132226,53.6,2.4461401719458586,-0.7005264947208079
8036435588,8,-21.77582359,-46.59999847,1193.0,423,870,1948,-16,-5,-62,23,10,26,18,58,35,55.5,350,47,55,26280.3,0,22,139,0,0,68315,1.0,2174.9788504718845,64.22616289332565,0.0,0.09999999999854481,0.0,16450,4.569444444444445,2123.986837088993,54.2,6.165122000552231,1.5956775561077867
8036537588,8,-21.77573967,-46.59999847,1193.9,34,898,1983,-76,6,-8,23,10,26,18,58,37,55.5,351,29,57,26280.3,0,18,139,0,0,68317,2.0,2177.119427133018,76.6550715869472,0.900000000000091,0.0,0.0,10179,5.655,2199.1214498470918,54.8,3.2782099544509107,-2.3767900455490896
8036638588,8,-21.7756958,-46.59999847,1193.9,-458,1186,1659,-17,33,47,23,10,26,18,58,38,55.5,353,29,56,26280.3,0,22,139,0,0,68318,1.0,2090.129421830141,59.89156868875618,0.0,0.0,0.0,10237,2.843611111111111,2137.150250888648,55.2,6.9374509301192235,4.093839819008112
8036740588,8,-21.77562332,-46.59999847,1194.5,-509,1442,1312,-4,34,190,23,10,26,18,58,40,55.5,346,84,59,26280.3,0,30,139,0,0,68320,2.0,2014.8918085098267,193.05957629705915,0.599999999999909,0.0,0.0,29064,16.14666666666667,2148.049130852535,56.2,10.25043522372183,-5.896231442944838
8036842588,8,-21.77560616,-46.59999847,1194.5,13,1044,1376,41,-31,8,23,10,26,18,58,42,55.0,349,49,63,26280.4,0,24,139,0,0,68322,2.0,1727.2756004760793,52.01922721455981,0.0,0.10000000000218279,0.0,17101,9.500555555555556,2036.8790216841899,58.0,8.316651186209445,-1.183904369346111
8036943588,8,-21.77560425,-46.59999847,1195.3,262,871,1991,46,-12,-58,23,10,26,18,58,43,55.0,349,47,65,26280.4,0,22,139,0,0,68323,1.0,2188.91891124363,74.9933330370107,0.7999999999999545,0.0,0.0,16403,4.556388888888889,2039.6670338385388,60.0,6.4304199803240145,1.8740310914351257
8037045588,8,-21.77556992,-46.59999847,1195.8,304,1028,2140,-6,-77,-26,23,10,26,18,58,45,55.0,350,46,66,26280.4,0,22,139,0,0,68325,2.0,2393.4911739966788,81.49233092751734,0.5,0.0,0.0,16100,8.944444444444445,2082.941383211271,61.8,8.016058876724093,-0.9283855677203512
8037146588,8,-21.77555084,-46.59999847,1196.5,-46,899,1936,-26,4,-2,23,10,26,18,58,46,55.0,350,47,67,26280.5,0,22,138,0,0,68326,1.0,2135.0440276490785,26.38181191654584,0.7000000000000455,0.09999999999854481,7.000000000102318,16450,4.569444444444445,2091.9243043750585,64.0,7.291526412537633,2.722081968093188
8037248588,8,-21.77549934,-46.59999847,1196.6,-244,1013,1724,-31,-15,-16,23,10,26,18,58,48,55.0,351,31,68,26280.5,0,20,138,0,0,68328,2.0,2014.418278312625,37.97367509209505,0.09999999999990905,0.0,0.0,10881,6.045,2091.8295983356184,65.8,5.754715182659147,-0.29028481734085254
8037350588,8,-21.77544594,-46.59999847,1196.8,101,665,1157,-57,-14,5,23,10,26,18,58,50,55.0,349,51,69,26280.5,0,24,138,0,0,68330,2.0,1338.3105020883606,58.90670590009256,0.20000000000004547,0.0,0.0,17799,9.888333333333334,2014.0365786580746,67.0,7.086154131244124,-2.80217920208921
8037451588,8,-21.77541924,-46.59999847,1196.8,316,723,2566,-41,-15,-12,23,10,26,18,58,51,55.0,348,57,70,26280.5,0,24,138,0,0,68331,1.0,2684.5746404225756,45.27692569068709,0.0,0.0,0.0,19836,5.51,2113.1677244938637,68.0,8.396801855838437,2.8868018558384367
8037553588,8,-21.77536392,-46.59999847,1198.5,35,1158,2002,38,-5,18,23,10,26,18,58,53,55.0,348,56,70,26280.6,0,26,138,0,0,68333,2.0,2313.0484214559797,42.34383071948026,1.7000000000000455,0.09999999999854481,17.000000000247837,19488,10.826666666666666,2097.079173985724,68.8,11.34461860320578,0.517951936539113
8037654588,8,-21.7753334,-46.59999847,1198.1,257,831,1924,34,0,-9,23,10,26,18,58,54,55.0,347,62,69,26280.6,0,26,138,0,0,68334,1.0,2111.4890480416893,35.17101079013795,-0.40000000000009095,0.0,0.0,21514,5.976111111111111,2092.3681780642464,69.2,9.425380702676195,3.449269591565084
8037756588,8,-21.77527809,-46.59999847,1199.8,126,968,2006,3,15,-12,23,10,26,18,58,56,55.0,343,100,70,26280.6,0,32,138,0,0,68336,2.0,2230.904749199302,19.44222209522358,1.7000000000000455,0.0,0.0,34300,19.055555555555557,2135.6654722415815,69.6,16.274781287224716,-2.780774268330841
8037857588,8,-21.77525139,-46.59999847,1201.3,109,1014,2325,4,6,11,23,10,26,18,58,57,55.0,345,82,70,26280.7,0,28,138,0,0,68337,1.0,2538.8387109070163,13.152946437965905,1.5,0.10000000000218279,14.999999999672582,28290,7.858333333333333,2375.7711140053125,69.8,12.95306559414892,5.094732260815587
8037959588,8,-21.77519035,-46.59999847,1203.8,244,1195,2212,39,55,-15,23,10,26,18,58,59,55.0,350,32,69,26280.7,0,18,138,0,0,68339,2.0,2525.9661517922204,69.0724257573165,2.5,0.0,0.0,11200,6.222222222222222,2344.0494162792415,69.6,5.218734695219466,-1.003487527002756
8038001598,8,-21.77513885,-46.59999847,1207.0,150,950,1331,-70,-18,5,23,10,26,18,59,1,55.0,351,30,67,26280.7,0,18,138,0,0,68341,2.0,1642.1208847097707,72.44998274671983,3.2000000000000455,0.0,0.0,10530,5.85,2209.8639089299995,69.0,4.419457253450139,-1.430542746549861
8038102598,8,-21.77511215,-46.59999847,1207.9,-128,687,1660,28,32,3,23,10,26,18,59,2,55.0,351,32,64,26280.8,0,20,137,0,0,68342,1.0,1801.097720835824,42.62628297189423,0.900000000000091,0.09999999999854481,9.000000000131877,11232,3.12,2147.7856434888267,68.0,5.16279973017173,2.0427997301717298
8038204598,8,-21.77505684,-46.59999847,1209.5,-69,856,1698,-8,-48,21,23,10,26,18,59,4,55.0,350,41,63,26280.8,0,22,137,0,0,68344,2.0,1902.8139688366805,53.0,1.599999999999909,0.0,0.0,14350,7.972222222222222,2082.1674874163023,66.6,7.332044405740501,-0.6401778164817209
8038305598,8,-21.77503395,-46.59999847,1210.6,2,1027,1669,23,-35,37,23,10,26,18,59,5,55.0,349,48,62,26280.8,0,22,137,0,0,68345,1.0,1959.6668084141243,55.883808030591474,1.099999999999909,0.0,0.0,16752,4.653333333333333,1966.3331069177243,65.0,6.6926222542618765,2.039288920928543
8038407598,8,-21.77497673,-46.59999847,1212.1,177,1009,1932,-34,-55,22,23,10,26,18,59,7,55.0,349,48,61,26280.8,0,22,137,0,0,68347,2.0,2186.78622640623,68.30080526611674,1.5,0.0,0.0,16752,9.306666666666667,1898.4971218405258,63.4,7.794669943449409,-1.5119967232172575
8038509598,8,-21.77493286,-46.59999847,1213.9,240,967,1501,-10,28,-37,23,10,26,18,59,9,55.0,349,47,61,26280.9,0,22,137,0,0,68349,2.0,1801.5798622320356,47.46577714522327,1.800000000000182,0.10000000000218279,17.999999999608917,16403,9.112777777777778,1930.3889173449788,62.2,10.024662993243854,0.9118852154660768
8038610598,8,-21.77491379,-46.59999847,1214.7,215,1153,2169,-75,-32,-11,23,10,26,18,59,10,55.0,349,48,60,26280.9,0,22,137,0,0,68350,1.0,2465.8051423419492,82.28000972289685,0.7999999999999545,0.0,0.0,16752,4.653333333333333,2063.330401646204,61.4,7.354789605860795,2.7014562725274613
8038712598,8,-21.77486038,-46.59999847,1215.0,-36,1055,2164,-98,-41,10,23,10,26,18,59,12,55.0,349,47,61,26280.9,0,22,137,0,0,68352,2.0,2407.741057505977,106.70051546267244,0.2999999999999545,0.0,0.0,16403,9.112777777777778,2164.315819380063,61.0,7.257557578050432,-1.8552201997273459
8038813598,8,-21.77483177,-46.59999847,1215.0,-90,995,1520,-49,26,3,23,10,26,18,59,13,55.0,348,55,61,26281.0,0,26,137,0,0,68353,1.0,1818.935128035082,55.5517776493246,0.0,0.09999999999854481,0.0,19140,5.316666666666666,2136.1694833042548,60.8,9.073326448370558,3.756659781703892
8038915598,8,-21.77478027,-46.59999847,1215.9,-127,936,1730,17,25,-17,23,10,26,18,59,15,55.0,347,63,63,26281.0,0,24,137,0,0,68355,2.0,1971.0720433307354,34.68429039204925,0.900000000000091,0.0,0.0,21861,12.145,2093.026646689156,61.2,9.107103749526487,-3.037896250473512
8039016598,8,-21.77474976,-46.59999847,1216.1,79,997,2328,70,-2,33,23,10,26,18,59,16,55.0,348,52,63,26281.0,0,24,137,0,0,68356,1.0,2533.739134165157,77.41446893184762,0.1999999999998181,0.0,0.0,18096,5.026666666666666,2239.45850107578,61.6,8.695329050384702,3.6686623837180354
8039118598,8,-21.77470016,-46.59999847,1217.2,-123,1107,2144,-3,-9,5,23,10,26,18,59,18,55.0,349,42,64,26281.0,0,22,137,0,0,68358,2.0,2416.0533934497394,10.723805294763608,1.1000000000001364,0.0,0.0,14658,8.143333333333333,2229.5081512973384,62.4,7.407194818589025,-0.736138514744308
8039220598,8,-21.77465057,-46.59999847,1218.7,73,965,2105,9,22,-10,23,10,26,18,59,20,54.5,349,42,64,26281.1,0,22,137,0,0,68360,2.0,2316.8036170551877,25.787593916455254,1.5,0.09999999999854481,15.000000000218279,14658,8.143333333333333,2211.3206632071806,63.0,8.9826187249008,0.8392853915674667
8039321598,8,-21.77462578,-46.59999847,1218.8,-397,942,1285,-36,-34,0,23,10,26,18,59,21,54.5,349,38,65,26281.1,0,20,137,0,0,68361,1.0,1642.0103531951313,49.51767361255979,0.09999999999990905,0.0,0.0,13262,3.6838888888888888,2175.93570823919,63.8,5.378841043718257,1.6949521548293682
8039423598,8,-21.77457809,-46.59999847,1220.6,-107,833,1720,-19,-8,8,23,10,26,18,59,23,54.5,350,38,65,26281.1,0,20,137,0,0,68363,2.0,1914.0893396077415,22.11334438749598,1.7999999999999545,0.0,0.0,13300,7.388888888888889,2164.5391674945913,64.2,5.11341194756634,-2.275476941322549
8039524598,8,-21.77455711,-46.59999847,1221.2,-226,764,1775,-4,-46,15,23,10,26,18,59,24,54.5,350,37,65,26281.2,0,20,137,0,0,68364,1.0,1945.6096730845065,48.54894437575342,0.6000000000001364,0.10000000000218279,5.999999999870397,12950,3.5972222222222223,2046.9132752784612,64.6,5.157770432390406,1.560548210168184
8039626598,8,-21.77450752,-46.59999847,1221.5,116,822,1853,41,-20,-12,23,10,26,18,59,26,54.5,349,43,65,26281.2,0,22,137,0,0,68366,2.0,2030.4553676453959,47.16990566028302,0.2999999999999545,0.0,0.0,15007,8.337222222222222,1969.7936701175925,64.8,6.983724742519939,-1.3534974797022823
8039728598,8,-21.77444839,-46.59999847,1223.1,-142,948,1816,22,-22,4,23,10,26,18,59,28,54.5,348,57,66,26281.2,0,24,137,0,0,68368,2.0,2053.466337683674,31.368774282716245,1.599999999999909,0.0,0.0,19836,11.02,1917.1262142432897,65.2,10.91605277619491,-0.1039472238050898
8039829598,8,-21.7744236,-46.59999847,1222.8,202,964,2145,37,15,21,23,10,26,18,59,29,54.5,348,52,67,26281.2,0,24,137,0,0,68369,1.0,2360.323071107004,45.110974274559844,-0.2999999999999545,0.0,0.0,18096,5.026666666666666,2060.788757825664,65.6,9.092739696697235,4.0660730300305685
8039931598,8,-21.77439117,-46.59999847,1221.1,-153,867,1724,-86,29,77,23,10,26,18,59,31,54.5,348,47,68,26281.3,0,22,136,0,0,68371,2.0,1935.7876949707063,119.02100654926423,-1.7000000000000455,0.09999999999854481,-17.000000000247837,16356,9.086666666666666,2065.1284288982574,66.2,8.829494120318826,-0.2571725463478405
8040032598,8,-21.77438164,-46.59999847,1221.4,-316,907,2210,-1,17,110,23,10,26,18,59,32,54.5,346,69,69,26281.3,0,28,136,0,0,68372,1.0,2409.6898140632125,111.31037687475504,0.3000000000001819,0.0,0.0,23874,6.631666666666667,2157.9444570939986,67.0,10.165312392060777,3.53364572539411
8040134598,8,-21.77444649,-46.59999847,1223.8,-83,1171,1523,-12,57,77,23,10,26,18,59,34,54.5,343,84,71,26281.3,0,30,136,0,0,68374,2.0,1922.9297959103967,96.55050491841045,2.3999999999998636,0.0,0.0,28812,16.006666666666668,2136.4393427469986,68.2,15.887764203644108,-0.11890246302255925
8040236598,8,-21.77456856,-46.59999847,1225.4,202,1150,1916,18,24,37,23,10,26,18,59,36,54.5,345,70,73,26281.4,0,26,136,0,0,68376,2.0,2243.7379526138966,47.634021455258214,1.6000000000001364,0.10000000000218279,15.999999999652118,24150,13.416666666666666,2174.4936657330436,69.6,10.64784345547745,-2.7688232111892166
8040337598,8,-21.7746315,-46.59999847,1225.6,170,900,2568,-1,14,-13,23,10,26,18,59,37,54.5,348,46,75,26281.4,0,20,136,0,0,68377,1.0,2726.4489725648637,19.131126469708992,0.1999999999998181,0.0,0.0,16008,4.446666666666666,2247.7188460246152,71.2,4.690316398030238,0.24364973136357193
8040439598,8,-21.7747612,-46.59999847,1226.1,257,623,2074,20,-19,4,23,10,26,18,59,39,54.5,353,13,73,26281.4,0,14,136,0,0,68379,2.0,2180.7462025646178,27.874719729532707,0.5,0.0,0.0,4589,2.5494444444444446,2296.7105475433973,72.2,2.5729489054578707,0.02350446101342607
8040540598,8,-21.77482796,-46.59999847,1226.7,502,916,2089,67,-35,-59,23,10,26,18,59,40,54.5,349,42,72,26281.5,0,22,136,0,0,68380,1.0,2335.5900753342826,95.89056262218926,0.6000000000001364,0.09999999999854481,6.000000000088676,14658,4.071666666666666,2281.8905997976117,72.8,6.3005857302388995,2.228919063572233
8040642598,8,-21.77494431,-46.61666489,1227.7,480,815,2154,-45,-53,-57,23,10,26,18,59,42,54.5,351,22,72,26281.5,0,16,136,0,0,68382,2.0,2352.518012683431,89.90550594930212,1.0,0.0,0.0,7722,4.29,2367.8082431522184,73.0,3.3765352527518293,-0.9134647472481707
8040743598,8,-21.77498627,-46.61666489,1227.5,670,679,1443,22,-17,-94,23,10,26,18,59,43,54.5,351,30,72,26281.5,0,20,136,0,0,68383,1.0,1729.7947855164784,98.02550688468793,-0.20000000000004547,0.0,0.0,10530,2.925,2265.0196097327344,72.8,5.522446001727207,2.5974460017272074
8040845598,8,-21.7750206,-46.61666489,1228.1,338,818,2250,-1,5,-21,23,10,26,18,59,45,54.5,348,52,72,26281.6,0,26,136,0,0,68385,2.0,2417.822987730905,21.61018278497431,0.599999999999909,0.09999999999854481,6.000000000086402,18096,10.053333333333333,2203.294412765943,72.2,7.711578710515715,-2.341754622817618
8040947598,8,-21.77501678,-46.61666489,1229.7,-37,1236,1646,7,55,24,23,10,26,18,59,47,54.5,342,100,75,26281.6,0,32,136,0,0,68387,2.0,2058.732862709487,60.41522986797286,1.6000000000001364,0.0,0.0,34200,19.0,2178.891744794917,72.6,14.586007300836222,-4.413992699163778
8041048598,8,-21.77503014,-46.61666489,1230.2,18,827,2906,66,83,-83,23,10,26,18,59,48,54.5,343,93,77,26281.6,0,30,136,0,0,68388,1.0,3021.43823368938,134.662541190934,0.5,0.0,0.0,31899,8.860833333333334,2316.0613764659365,73.6,11.333906169624964,2.47307283629163
8041150598,8,-21.77503586,-46.61666489,1232.2,103,720,1733,-44,36,-6,23,10,26,18,59,50,54.5,348,51,77,26281.7,0,24,135,0,0,68390,2.0,1879.4408743027805,57.16642371182581,2.0,0.10000000000218279,19.999999999563443,17748,9.86,2221.445948789806,74.6,9.613722569579496,-0.24627743042050376
8041251598,8,-21.77503777,-46.61666489,1233.4,9,1009,1636,-25,-14,39,23,10,26,18,59,51,54.5,348,50,76,26281.7,0,24,135,0,0,68391,1.0,1922.1493178210687,48.394214530251446,1.2000000000000455,0.0,0.0,17400,4.833333333333333,2259.9168552507244,75.4,9.210147116696499,4.376813783363166
8041353598,8,-21.77505493,-46.61666489,1236.3,-39,983,1746,-32,-15,24,23,10,26,18,59,53,54.5,345,74,76,26281.7,0,28,135,0,0,68393,2.0,2004.0773438168499,42.720018726587654,2.8999999999998636,0.0,0.0,25530,14.183333333333334,2177.167726467914,76.2,14.53768732440013,0.3543539910667963
8041455598,8,-21.77509117,-46.61666489,1237.9,-73,801,1443,3,37,2,23,10,26,18,59,55,54.5,345,74,76,26281.8,0,28,135,0,0,68395,2.0,1652.0226996019153,37.17526059088221,1.6000000000001364,0.09999999999854481,16.000000000234195,25530,14.183333333333334,2095.8256938463987,76.4,9.766607988962908,-4.416725344370425
8041556598,8,-21.77510452,-46.61666489,1239.4,35,976,2135,1,-5,5,23,10,26,18,59,56,54.5,345,74,76,26281.8,0,28,135,0,0,68396,1.0,2347.7704317074954,7.14142842854285,1.5,0.0,0.0,25530,7.091666666666667,1961.0921334500222,76.2,11.845057930046748,4.753391263380081
8041658598,8,-21.77514839,-46.61666489,1241.1,75,760,1821,-4,37,-6,23,10,26,18,59,58,54.0,345,67,75,26281.8,0,26,135,0,0,68398,2.0,1974.6559193945664,37.69615364994153,1.699999999999818,0.0,0.0,23115,12.841666666666667,1980.1351424683792,75.8,10.410824893283195,-2.430841773383472
8041759598,8,-21.77516937,-46.61666489,1241.9,228,1110,1586,-41,49,-18,23,10,26,18,59,59,54.0,347,51,74,26281.9,0,24,135,0,0,68399,1.0,1949.2254872128058,66.37770710110436,0.8000000000001819,0.10000000000218279,7.999999999827196,17697,4.9158333333333335,1985.5503763467266,75.4,7.276533499197416,2.360700165864083
8221200009,8,-21.87382507,-46.68333435,0.0,2,1199,1908,7,-2,-1,23,10,26,19,0,0,33.5,300,301,102,26331.9,0,84,77,0,0,68400,1.0,2253.457121846342,7.3484692283495345,-1241.9,50.0,-24.838,90300,25.083333333333332,2035.4263319526249,80.6,32.831684723078475,7.748351389745142
8041801009,8,-21.77521896,-46.61666489,1244.8,37,1152,1874,-50,-79,25,23,10,26,19,0,1,54.0,347,56,72,26281.9,0,24,134,0,0,68401,1.0,2200.079316752012,96.77809669548166,1244.8,-50.0,0.0,19432,5.397777777777778,2145.037655382644,79.8,12.251191699486519,6.853413921708741
8041902009,8,-21.77524185,-46.61666489,1245.6,-178,873,1547,-6,-81,38,23,10,26,19,0,2,54.0,347,55,71,26281.9,0,24,134,0,0,68402,1.0,1785.2232353406114,89.67162315916892,0.7999999999999545,0.0,0.0,19085,5.301388888888889,2032.5282161092678,78.8,8.170754832352731,2.8693659434638423
8042106009,8,-21.77536583,-46.61666489,1247.1,-60,963,1673,-12,2,45,23,10,26,19,0,6,54.0,353,2,65,26282.0,0,8,134,0,0,68406,2.0,1931.294384603238,46.61544808322666,-1.300000000000182,0.0,0.0,706,0.39222222222222225,2038.136485230923,75.8,0.6667226458844494,0.27450042366222716
8042207009,8,-21.77540779,-46.61666489,1248.6,-88,879,1512,-41,-15,40,23,10,26,19,0,7,54.0,353,7,64,26282.0,0,16,134,0,0,68407,1.0,1751.150764497449,59.21148537234985,1.5,0.0,0.0,2471,0.6863888888888889,1937.6752137611445,68.2,2.6464648422482533,1.9600759533593644
8042309009,8,-21.77551651,-46.61666489,1248.9,-43,985,2207,8,-3,51,23,10,26,19,0,9,54.0,350,30,66,26282.0,0,18,134,0,0,68409,2.0,2417.2138920666494,51.710733895391584,0.3000000000001819,0.0,0.0,10500,5.833333333333333,1981.1021288240722,67.0,4.335055307623996,-1.4982780257093369
8042410009,8,-21.77558327,-46.61666489,1248.9,196,865,2029,7,33,26,23,10,26,19,0,10,54.0,350,32,69,26282.1,0,20,134,0,0,68410,1.0,2214.38072607219,42.59107887809371,0.0,0.09999999999854481,0.0,11200,3.111111111111111,2066.9336269703876,66.6,4.703988610806409,1.5928774996952977
8042512009,8,-21.77573776,-46.61666489,1249.8,28,953,2487,7,-23,51,23,10,26,19,0,12,54.0,350,32,70,26282.1,0,18,134,0,0,68412,2.0,2663.4868124321547,56.382621436041795,0.8999999999998636,0.0,0.0,11200,6.222222222222222,2195.505315934336,66.8,4.084906074438899,-2.1373161477833236
8042614009,8,-21.77592659,-46.61666489,1250.8,41,976,2849,-21,-9,37,23,10,26,19,0,14,54.0,350,32,70,26282.1,0,18,134,0,0,68414,2.0,3011.8197157200493,43.485629810317796,1.0,0.0,0.0,11200,6.222222222222222,2411.6103821576985,67.8,4.919321514467873,-1.3029007077543495
8042715009,8,-21.77602768,-46.61666489,1251.2,-6,1022,2545,-10,39,31,23,10,26,19,0,15,54.0,348,46,71,26282.2,0,22,134,0,0,68415,1.0,2742.5435274576776,50.813384063650005,0.40000000000009095,0.10000000000218279,3.999999999913598,16008,4.446666666666666,2609.8889347497443,69.2,6.214399942405348,1.7677332757386814
8042817009,8,-21.7762661,-46.61666489,1252.2,142,818,1883,-3,26,2,23,10,26,19,0,17,54.0,349,41,72,26282.2,0,22,134,0,0,68417,2.0,2057.9059745284767,26.248809496813376,1.0,0.0,0.0,14309,7.9494444444444445,2538.0273512421095,70.4,6.768858580303227,-1.180585864141218
8042918009,8,-21.77639008,-46.61666489,1252.3,102,830,1810,30,85,10,23,10,26,19,0,18,54.0,349,39,73,26282.2,0,20,134,0,0,68418,1.0,1993.8415182757128,90.69178573608527,0.09999999999990905,0.0,0.0,13611,3.7808333333333333,2493.9195096828144,71.2,4.508397433393484,0.7275641000601509
8043020009,8,-21.77664566,-46.61666489,1251.4,212,903,1816,-8,-10,14,23,10,26,19,0,20,54.0,349,33,73,26282.3,0,20,134,0,0,68420,2.0,2039.1687031729375,18.973665961010276,-0.8999999999998636,0.09999999999854481,-9.000000000129603,11517,6.398333333333333,2369.0558878309707,71.8,5.120887592573948,-1.2774457407593856
8043121009,8,-21.77677155,-46.61666489,1251.1,-58,881,1817,-13,-9,1,23,10,26,19,0,21,54.0,349,41,72,26282.3,0,24,134,0,0,68421,1.0,2020.151974481128,15.84297951775486,-0.3000000000001819,0.0,0.0,14309,3.9747222222222223,2170.7223395831866,72.2,8.692377912007347,4.717655689785124
8043223009,8,-21.77702713,-46.61666489,1252.3,260,899,1598,-19,19,-21,23,10,26,19,0,23,54.0,347,55,71,26282.3,0,24,134,0,0,68423,2.0,1851.8652758772707,34.10278580995987,1.2000000000000455,0.0,0.0,19085,10.602777777777778,1992.5866892671052,72.2,9.345820289970227,-1.2569574878075507
8043325009,8,-21.77727127,-46.61666489,1252.5,160,1264,2368,-45,-74,-24,23,10,26,19,0,25,54.0,347,57,70,26282.4,0,24,134,0,0,68425,2.0,2688.999814057264,89.87213138676528,0.20000000000004547,0.10000000000218279,1.999999999956799,19779,10.988333333333333,2118.8054571728626,71.8,8.049967644276034,-2.9383656890572993
8043426009,8,-21.7773838,-46.61666489,1253.5,84,1032,1892,42,-22,-32,23,10,26,19,0,26,54.0,347,53,69,26282.4,0,24,134,0,0,68426,1.0,2156.790207692904,57.201398584300364,1.0,0.0,0.0,18391,5.108611111111111,2151.395195056301,71.0,7.937430436831189,2.8288193257200778
8043528009,8,-21.77757072,-46.61666489,1254.9,589,1037,2344,-37,-16,-75,23,10,26,19,0,28,54.0,347,52,67,26282.4,0,24,134,0,0,68428,2.0,2629.947908229363,85.14693182963201,1.400000000000091,0.0,0.0,18044,10.024444444444445,2269.551036067586,69.8,8.641222882958505,-1.3832215614859393
8043629009,8,-21.77764511,-46.61666489,1256.4,166,737,1426,12,-9,-76,23,10,26,19,0,29,54.0,349,38,65,26282.4,0,20,134,0,0,68429,1.0,1613.7536986789528,77.46612162745726,1.5,0.0,0.0,13262,3.6838888888888888,2188.271380907151,68.4,5.175926302598704,1.4920374137098151
8043731009,8,-21.77776718,-46.61666489,1258.0,242,1166,1925,-5,23,-60,23,10,26,19,0,31,54.0,350,24,64,26282.5,0,18,134,0,0,68431,2.0,2263.5690844328124,64.45153217728807,1.599999999999909,0.09999999999854481,16.00000000023192,8400,4.666666666666667,2270.6121426182594,67.0,6.57258667787872,1.9059200112120527
8043833009,8,-21.7778511,-46.61666489,1258.6,-52,1011,1274,-26,17,-1,23,10,26,19,0,33,54.0,352,7,63,26282.5,0,10,134,0,0,68433,2.0,1627.237229170965,31.080540535840107,0.599999999999909,0.0,0.0,2464,1.3688888888888888,2058.2596256409993,65.6,2.0102924884807774,0.6414035995918885
8043934009,8,-21.77788353,-46.61666489,1258.5,-109,788,1790,19,32,-2,23,10,26,19,0,34,54.0,353,9,62,26282.5,0,12,134,0,0,68434,1.0,1958.8070349067057,37.26929030716845,-0.09999999999990905,0.0,0.0,3177,0.8825,2018.6629910837596,64.2,1.5273476595785938,0.6448476595785938
8044036009,8,-21.77795601,-46.61666489,1258.9,277,931,2228,-49,-7,3,23,10,26,19,0,36,54.0,352,14,61,26282.6,0,14,134,0,0,68436,2.0,2430.529571924604,49.58830507286975,0.40000000000009095,0.09999999999854481,4.000000000059117,4928,2.7377777777777776,1978.7793238228078,63.0,2.3797279642154305,-0.3580498135623471
8044137009,8,-21.77799606,-46.61666489,1259.0,119,992,1867,-45,60,44,23,10,26,19,0,37,54.0,351,29,62,26282.6,0,18,134,0,0,68437,1.0,2117.5254425862277,86.95401083331349,0.09999999999990905,0.0,0.0,10179,2.8275,2079.5336726042633,62.4,4.175857048674801,1.3483570486748007
8044239009,8,-21.77807045,-46.61666489,1257.0,-58,916,1665,-5,-45,11,23,10,26,19,0,39,54.0,348,42,65,26282.6,0,22,134,0,0,68439,2.0,1901.2219754673572,46.593991028886975,-2.0,0.0,0.0,14616,8.12,2007.0642508111719,62.6,8.409494877730449,0.2894948777304496
8044340009,8,-21.7781086,-46.61666489,1256.5,18,842,1385,3,25,0,23,10,26,19,0,40,54.0,348,47,67,26282.6,0,22,134,0,0,68440,1.0,1620.960517717813,25.179356624028344,-0.5,0.0,0.0,16356,4.543333333333333,2005.8089085205415,63.4,7.113680369884231,2.5703470365508982
8044442009,8,-21.77819633,-46.61666489,1257.5,-355,919,2039,-3,-32,-2,23,10,26,19,0,42,54.0,348,46,70,26282.7,0,22,133,0,0,68442,2.0,2264.5324020644966,32.202484376209235,1.0,0.10000000000218279,9.999999999781721,16008,8.893333333333333,2066.9539819520996,65.0,6.664072895193683,-2.22926043813965
8044544009,8,-21.77827835,-46.61666489,1258.0,80,889,1951,47,-38,5,23,10,26,19,0,44,54.0,348,47,72,26282.7,0,22,133,0,0,68444,2.0,2145.4887555053742,60.64651680022522,0.5,0.0,0.0,16356,9.086666666666666,2009.9458186682539,67.2,7.083085880260704,-2.003580786405962
8044645009,8,-21.77831841,-46.61666489,1258.1,33,999,1807,23,11,3,23,10,26,19,0,45,54.0,349,40,72,26282.7,0,20,133,0,0,68445,1.0,2065.027602721087,25.67099530598687,0.09999999999990905,0.0,0.0,13960,3.8777777777777778,1999.4462506952254,69.2,5.161823749632476,1.2840459718546984
8044747009,8,-21.77840996,-46.61666489,1258.9,297,985,2346,18,-44,19,23,10,26,19,0,47,54.0,351,21,71,26282.8,0,16,133,0,0,68447,2.0,2561.6693775739286,51.19570294468082,0.8000000000001819,0.09999999999854481,8.000000000118234,7371,4.095,2131.53573111654,70.4,3.6392463957981636,-0.4557536042018362
8044848009,8,-21.7784462,-46.61666489,1259.2,-107,1047,2150,4,-28,-5,23,10,26,19,0,48,54.0,351,21,69,26282.8,0,16,133,0,0,68448,1.0,2393.7748432131207,28.722813232690143,0.2999999999999545,0.0,0.0,7371,2.0475,2286.098596215602,70.8,2.7762150274386164,0.7287150274386165
8044950009,8,-21.77851868,-46.61666489,1259.6,-35,932,2501,9,-79,10,23,10,26,19,0,50,54.0,351,20,67,26282.8,0,16,133,0,0,68450,2.0,2669.241465285597,80.1373820385967,0.3999999999998636,0.0,0.0,7020,3.9,2367.0404088598216,70.2,3.3834344478334515,-0.5165655521665484
8045052009,8,-21.77859879,-46.61666489,1259.5,211,1031,2220,-59,-49,4,23,10,26,19,0,52,53.5,351,20,66,26282.9,0,16,133,0,0,68452,2.0,2456.8032074221983,76.79843748410511,-0.09999999999990905,0.10000000000218279,-0.9999999999772626,7020,3.9,2429.3032992431863,69.0,3.0508048424669982,-0.8491951575330017
8045153009,8,-21.77863312,-46.61666489,1259.1,112,1014,1852,-17,-17,-11,23,10,26,19,0,53,53.5,351,23,66,26282.9,0,16,133,0,0,68453,1.0,2114.3897464753277,26.43860813280457,-0.40000000000009095,0.0,0.0,8073,2.2425,2439.175727994035,67.8,3.2224187931219754,0.9799187931219753
8045255009,8,-21.7787075,-46.61666489,1260.6,218,791,1647,-21,-78,-11,23,10,26,19,0,55,53.5,352,10,66,26282.9,0,12,133,0,0,68455,2.0,1840.0581512550086,81.52300288875527,1.5,0.0,0.0,3520,1.9555555555555555,2294.8534827302506,66.8,2.127817768913184,0.1722622133576286
8045356009,8,-21.77873993,-46.61666489,1259.2,-209,980,1456,8,-31,-16,23,10,26,19,0,56,53.5,353,5,67,26282.9,0,8,133,0,0,68456,1.0,1767.4888967119425,35.79106033634656,-1.3999999999998636,0.0,0.0,1765,0.49027777777777776,2169.5962934300146,66.4,1.4536257297594632,0.9633479519816854
8045458009,8,-21.77878952,-46.61666489,1258.4,172,920,1735,56,-30,-13,23,10,26,19,0,58,53.5,353,2,67,26283.0,0,8,133,0,0,68458,2.0,1971.347001418066,64.8459713474939,-0.7999999999999545,0.09999999999854481,-8.00000000011596,706,0.39222222222222225,2030.0174006565085,66.4,0.9020897067706926,0.5098674845484703
8045500019,8,-21.77882004,-46.61666489,1258.5,51,805,2433,-11,-44,-4,23,10,26,19,1,0,53.5,353,10,65,26283.0,0,12,133,0,0,68460,2.0,2563.2235563836407,45.53020975132884,0.09999999999990905,0.0,0.0,3530,1.961111111111111,2051.301470448797,66.2,1.9230616715106474,-0.038049439600463586
8045804019,8,-21.77887535,-46.61666489,1258.4,-59,872,1747,9,27,29,23,10,26,19,1,4,53.5,353,4,56,26283.1,0,10,133,0,0,68464,1.0,1953.4262207721079,40.63249930782009,-0.09999999999990905,0.0,0.0,1412,0.39222222222222225,2221.538684383829,62.0,0.7615366710172016,0.3693144487949793
8045906019,8,-21.77892685,-46.61666489,1260.7,-77,856,2099,4,0,19,23,10,26,19,1,6,53.5,351,21,54,26283.1,0,18,133,0,0,68466,2.0,2268.1415299755877,19.4164878389476,2.2999999999999545,0.0,0.0,7371,4.095,2280.8975900953337,59.4,5.318170352003406,1.2231703520034065
8046007019,8,-21.77895546,-46.61666489,1262.3,-125,813,2175,-1,-25,20,23,10,26,19,1,7,53.5,349,47,54,26283.1,0,22,133,0,0,68467,1.0,2325.3427704319206,32.03123475609393,1.599999999999909,0.0,0.0,16403,4.556388888888889,2233.3214329049897,57.2,7.442212640366703,2.8858237514778144
8046109019,8,-21.77902985,-46.61666489,1265.0,-44,820,1783,-20,9,31,23,10,26,19,1,9,53.5,349,38,54,26283.2,0,20,133,0,0,68469,2.0,1963.0142638299906,37.97367509209505,2.7000000000000455,0.10000000000218279,26.999999999411102,13262,7.3677777777777775,2229.183060185155,55.4,9.089593508382992,1.721815730605214
8046211019,8,-21.7791214,-46.61666489,1268.2,-95,1023,2122,-3,-29,46,23,10,26,19,1,11,53.5,350,33,53,26283.2,0,20,133,0,0,68471,2.0,2357.6339834673236,54.46099521676041,3.2000000000000455,0.0,0.0,11550,6.416666666666667,2173.5117536953862,54.2,5.898718676056394,-0.5179479906102733
8046312019,8,-21.7791729,-46.61666489,1269.6,-17,1088,1937,29,34,19,23,10,26,19,1,12,53.5,350,29,53,26283.2,0,18,133,0,0,68472,1.0,2221.7115024233008,48.55924216871593,1.3999999999998636,0.0,0.0,10150,2.8194444444444446,2227.168810025624,53.6,4.587524210956111,1.7680797665116668
8046414019,8,-21.77928734,-46.61666489,1272.8,-50,861,2107,-1,11,-7,23,10,26,19,1,14,53.5,351,24,53,26283.2,0,18,133,0,0,68474,2.0,2276.6795997680483,13.076696830622021,3.2000000000000455,0.0,0.0,8424,4.68,2228.876423984117,53.4,4.859936033873428,0.17993603387342816
8046515019,8,-21.77934837,-46.61666489,1273.9,105,1028,2087,5,-29,-6,23,10,26,19,1,15,53.5,351,20,54,26283.3,0,16,133,0,0,68475,1.0,2328.8147199809605,30.033314835362415,1.1000000000001364,0.09999999999854481,11.000000000161435,7020,1.95,2229.570813893925,53.4,3.5765681015924686,1.6265681015924687
8047734019,8,-21.78028679,-46.63333511,1272.5,100,976,2256,-1,33,8,23,10,26,19,1,34,53.5,354,1,48,26283.5,0,6,133,0,0,68494,1.0,2460.104062839619,33.97057550292606,0.09999999999990905,0.0,0.0,354,0.09833333333333333,2100.69496231474,49.0,0.20319018214470516,0.10485684881137183
8047836019,8,-21.78037834,-46.63333511,1272.6,-150,1053,1803,-35,15,4,23,10,26,19,1,36,53.5,354,1,48,26283.6,0,6,133,0,0,68496,2.0,2093.3509022617304,38.28837943815329,0.09999999999990905,0.09999999999854481,1.0000000000136424,354,0.19666666666666666,2191.8938005094774,48.6,0.8601759167359994,0.6635092500693327
8047938019,8,-21.78046989,-46.63333511,1273.0,-273,1047,1963,-22,-17,23,23,10,26,19,1,38,53.5,354,7,47,26283.6,0,12,133,0,0,68498,2.0,2241.451984763448,36.08323710533743,0.40000000000009095,0.0,0.0,2478,1.3766666666666667,2182.8522829842905,48.2,2.0740726433527676,0.6974059766861009
8048039019,8,-21.78051949,-46.63333511,1273.3,129,724,2392,23,-13,-5,23,10,26,19,1,39,53.5,353,13,48,26283.6,0,14,133,0,0,68499,1.0,2502.4949550398696,26.888659319497503,0.2999999999999545,0.0,0.0,4589,1.2747222222222223,2274.440379053037,48.0,2.3210760957310836,1.0463538735088613
8048141019,8,-21.78060532,-46.63333511,1273.5,-12,923,1631,-33,-7,-14,23,10,26,19,1,41,53.5,352,22,48,26283.6,0,16,133,0,0,68501,2.0,1874.095515175254,36.52396473549935,0.20000000000004547,0.0,0.0,7744,4.302222222222222,2234.299484015984,47.8,3.1344642118073884,-1.167758010414834
8048242019,8,-21.78065109,-46.63333511,1273.7,217,812,1676,28,-8,2,23,10,26,19,1,42,53.5,352,23,50,26283.6,0,16,133,0,0,68502,1.0,1874.9423991152369,29.189039038652847,0.20000000000004547,0.0,0.0,8096,2.2488888888888887,2117.2671512711077,48.2,3.103089940682572,0.8542010517936833
8048344019,8,-21.78074837,-46.63333511,1275.4,135,1159,1913,-50,-25,5,23,10,26,19,1,44,53.5,350,32,52,26283.7,0,20,133,0,0,68504,2.0,2240.7755353894777,56.124860801609124,1.7000000000000455,0.10000000000218279,16.99999999962938,11200,6.222222222222222,2146.752077896657,49.0,7.470927485575129,1.2487052633529068
8048445019,8,-21.78079605,-46.63333511,1274.2,45,706,1527,-34,37,-5,23,10,26,19,1,45,53.5,350,38,53,26283.7,0,20,133,0,0,68505,1.0,1682.9111681844647,50.49752469181039,-1.2000000000000455,0.0,0.0,13300,3.6944444444444446,2035.0439145808602,50.2,4.921422643730461,1.226978199286016
8048547019,8,-21.78089333,-46.63333511,1274.0,31,1122,2167,-20,1,11,23,10,26,19,1,47,53.5,350,39,55,26283.7,0,20,133,0,0,68507,2.0,2440.4372559031303,22.847319317591726,-0.20000000000004547,0.0,0.0,13650,7.583333333333333,2022.6323747535127,51.6,4.9249699036446355,-2.6583634296886975
8048649019,8,-21.78098106,-46.63333511,1272.0,-14,922,1884,-34,-7,14,23,10,26,19,1,49,53.5,350,35,56,26283.7,0,20,133,0,0,68509,2.0,2097.5547668654567,37.429934544425805,-2.0,0.0,0.0,12250,6.805555555555555,2067.3242250915528,53.2,5.9454178645407,-0.860137691014855
8048750019,8,-21.78103828,-46.63333511,1271.5,-75,1126,2126,22,-35,35,23,10,26,19,1,50,53.5,351,21,56,26283.8,0,16,133,0,0,68510,1.0,2406.9434974672754,54.16641025580336,-0.5,0.09999999999854481,-5.00000000007276,7371,2.0475,2173.724444761961,54.4,2.952892740495782,0.905392740495782
8048852019,8,-21.78116608,-46.63333511,1273.6,-161,994,1768,-24,46,52,23,10,26,19,1,52,53.5,351,28,55,26283.8,0,18,133,0,0,68512,2.0,2034.6451779118638,73.45747068882783,2.099999999999909,0.0,0.0,9828,5.46,2132.498373266438,55.0,5.260887716519442,-0.19911228348055765
8048953019,8,-21.78123856,-46.63333511,1273.8,-54,781,1385,-41,7,25,23,10,26,19,1,53,53.5,351,28,55,26283.8,0,18,133,0,0,68513,1.0,1590.943745077116,48.52834223420371,0.20000000000004547,0.0,0.0,9828,2.73,2114.1048886449685,55.4,4.236118171731164,1.5061181717311638
8049055019,8,-21.78140259,-46.63333511,1272.7,-210,776,2006,6,8,57,23,10,26,19,1,55,53.5,350,28,56,26283.8,0,18,133,0,0,68515,2.0,2161.0904654826463,57.87054518492115,-1.099999999999909,0.0,0.0,9800,5.444444444444445,2058.2355305608717,55.6,4.19892196684555,-1.245522477598895
8049157019,8,-21.78159523,-46.63333511,1272.2,75,874,2114,2,35,57,23,10,26,19,1,57,53.5,352,17,56,26283.9,0,14,133,0,0,68517,2.0,2288.7763106079196,66.91786009728644,-0.5,0.10000000000218279,-4.999999999890861,5984,3.3244444444444445,2096.479839309364,55.6,2.747285773406753,-0.5771586710376915
8049258019,8,-21.78170395,-46.63333511,1271.4,-97,837,2201,-22,25,67,23,10,26,19,1,58,53.5,352,17,57,26283.9,0,14,133,0,0,68518,1.0,2356.7730056159417,74.81978348003956,-0.7999999999999545,0.0,0.0,5984,1.6622222222222223,2086.4457409390975,55.8,2.6347940430142813,0.9725718207920591
8049604029,8,-21.78242493,-46.63333511,1266.5,65,800,1773,44,35,-1,23,10,26,19,2,4,53.5,354,2,54,26284.0,0,6,133,0,0,68524,1.0,1946.215301553248,56.231663678038196,-0.900000000000091,0.0,0.0,708,0.19666666666666666,2238.284983625478,55.8,0.4469624959981281,0.25029582933146144
8049706029,8,-21.78268051,-46.63333511,1266.3,72,1084,1793,-2,3,-1,23,10,26,19,2,6,53.5,353,12,54,26284.0,0,14,133,0,0,68526,2.0,2096.4467558228134,3.7416573867739413,-0.20000000000004547,0.0,0.0,4236,2.3533333333333335,2186.219733666853,55.2,2.459500291201561,0.10616695786822739
8049808029,8,-21.78292274,-46.63333511,1264.6,392,675,1611,-41,-80,29,23,10,26,19,2,8,53.5,352,18,53,26284.0,0,16,133,0,0,68528,2.0,1790.142452432208,94.45633912025174,-1.7000000000000455,0.0,0.0,6336,3.52,2204.2579889994004,54.4,3.819443928865707,0.29944392886570714
8049909029,8,-21.78304482,-46.63333511,1264.5,140,820,1864,8,14,10,23,10,26,19,2,9,53.5,352,16,53,26284.1,0,14,133,0,0,68529,1.0,2041.1996472662834,18.973665961010276,-0.09999999999990905,0.09999999999854481,-1.0000000000136424,5632,1.5644444444444445,2033.9244313310987,53.8,2.2851302913220257,0.7206858468775812
8050011029,8,-21.78329086,-46.63333511,1263.5,-68,911,1767,-14,43,-1,23,10,26,19,2,11,53.5,353,12,53,26284.1,0,14,133,0,0,68531,2.0,1989.179227721826,45.232731511594565,-1.0,0.0,0.0,4236,2.3533333333333335,1972.6366769592757,53.4,2.7175710442787335,0.36423771094540003
8050112029,8,-21.78341484,-46.63333511,1263.2,258,859,1679,-40,-14,12,23,10,26,19,2,12,53.5,352,16,53,26284.1,0,14,133,0,0,68532,1.0,1903.5456390641125,44.04543109109048,-0.2999999999999545,0.0,0.0,5632,1.5644444444444445,1964.1027444614488,53.2,2.27321806159523,0.7087736171507857
8050214029,8,-21.78366089,-46.63333511,1263.2,198,697,1376,14,29,7,23,10,26,19,2,14,53.5,352,19,54,26284.1,0,16,133,0,0,68534,2.0,1555.1170373962211,32.95451410656816,0.0,0.0,0.0,6688,3.7155555555555555,1855.8368007761303,53.2,3.012895866560778,-0.7026596889947774
8050316029,8,-21.7839241,-46.63333511,1262.3,-25,991,2456,-15,-21,13,23,10,26,19,2,16,53.5,352,19,55,26284.2,0,16,133,0,0,68536,2.0,2648.5169434987574,28.89636655359978,-0.900000000000091,0.10000000000218279,-8.999999999804459,6688,3.7155555555555555,2027.51169898944,53.6,2.8625031509523433,-0.8530524046032122
8050417029,8,-21.78405762,-46.63333511,1262.0,51,766,1898,45,42,9,23,10,26,19,2,17,53.5,351,21,56,26284.2,0,16,133,0,0,68537,1.0,2047.379056257048,62.20932405998316,-0.2999999999999545,0.0,0.0,7371,2.0475,2028.747580787593,54.2,3.11302602838852,1.0655260283885202
8050519029,8,-21.78432274,-46.63333511,1261.1,196,869,1817,45,34,-4,23,10,26,19,2,19,53.5,351,24,56,26284.2,0,18,133,0,0,68539,2.0,2023.6269419040655,56.542019772908716,-0.900000000000091,0.0,0.0,8424,4.68,2035.6371236240407,54.8,4.344407014113359,-0.3355929858866409
8050620029,8,-21.78446007,-46.63333511,1261.0,-104,907,1861,11,-3,19,23,10,26,19,2,20,53.5,350,29,57,26284.2,0,18,133,0,0,68540,1.0,2072.869026253227,22.15851980616034,-0.09999999999990905,0.0,0.0,10150,2.8194444444444446,2069.5018010618637,55.6,3.9587530770862336,1.139308632641789
8050722029,8,-21.78474426,-46.63333511,1261.3,-50,980,1611,9,2,35,23,10,26,19,2,22,53.5,351,27,58,26284.3,0,18,133,0,0,68542,2.0,1886.3247334433167,36.193922141707716,0.2999999999999545,0.09999999999854481,3.000000000043201,9477,5.265,2135.7433402712827,56.4,4.248643612721112,-1.016356387278888
8051128029,8,-21.78556824,-46.63333511,1261.4,-235,974,1811,9,-69,17,23,10,26,19,2,28,53.5,354,4,51,26284.4,0,4,133,0,0,68548,1.0,2069.6912813267586,71.63099887618489,0.0,0.10000000000218279,0.0,1416,0.3933333333333333,1882.9380526005389,54.4,0.42530352105915686,0.03197018772582355
8051230029,8,-21.78583145,-46.63333511,1262.0,267,714,2152,15,-20,0,23,10,26,19,2,30,53.5,354,1,50,26284.4,0,4,133,0,0,68550,2.0,2283.021900902398,25.0,0.599999999999909,0.0,0.0,354,0.19666666666666666,1962.2774860923553,52.8,0.9227173412354049,0.7260506745687383
8051331029,8,-21.78596306,-46.63333511,1262.4,68,602,1363,5,9,-18,23,10,26,19,2,31,53.5,354,1,49,26284.4,0,6,133,0,0,68551,1.0,1491.575341710904,20.73644135332772,0.40000000000009095,0.0,0.0,354,0.09833333333333333,1876.302559769049,51.4,0.7164427564307351,0.6181094230974018
8051433029,8,-21.78621483,-46.63333511,1263.2,-57,1033,1552,20,-9,-15,23,10,26,19,2,33,53.5,353,15,48,26284.4,0,16,133,0,0,68553,2.0,1865.2190219917875,26.570660511172846,0.7999999999999545,0.0,0.0,5295,2.941666666666667,1840.277714671995,50.2,3.659552600345431,0.717885933678764
8051535029,8,-21.78646088,-46.63333511,1263.8,83,798,1606,47,-11,-34,23,10,26,19,2,35,53.5,351,31,49,26284.4,0,20,133,0,0,68555,2.0,1795.251792924881,59.04235767650204,0.599999999999909,0.0,0.0,10881,6.045,1900.9518677713459,49.4,5.1765560391646845,-0.8684439608353154
8051636029,8,-21.78658104,-46.63333511,1264.0,83,1064,1703,-6,-29,-30,23,10,26,19,2,36,53.5,348,51,50,26284.5,0,24,133,0,0,68556,1.0,2009.7746142291678,42.15447781671598,0.20000000000004547,0.09999999999854481,2.0000000000295586,17748,4.93,1888.9685343518279,49.2,8.438587179419121,3.5085871794191217
8051738029,8,-21.78683472,-46.63333511,1264.3,260,812,1459,-4,10,-31,23,10,26,19,2,38,53.5,348,47,52,26284.5,0,22,133,0,0,68558,2.0,1689.8594616121188,32.817678162843876,0.2999999999999545,0.0,0.0,16356,9.086666666666666,1770.3360464937716,49.6,7.215046503580415,-1.8716201630862512
8051839029,8,-21.78697014,-46.63333511,1264.4,353,861,1996,6,6,-9,23,10,26,19,2,39,53.5,348,47,55,26284.5,0,22,133,0,0,68559,1.0,2202.2592944519497,12.36931687685298,0.10000000000013642,0.0,0.0,16356,4.543333333333333,1912.472837041981,50.8,6.818768074223044,2.275434740889711
8051941029,8,-21.78723526,-46.63333511,1264.5,143,979,1671,-9,-15,8,23,10,26,19,2,41,53.5,349,37,56,26284.5,0,20,133,0,0,68561,2.0,1941.9400093720712,19.235384061671343,0.09999999999990905,0.0,0.0,12913,7.1738888888888885,1927.8170345180376,52.4,5.153693896770185,-2.0201949921187037
8052043029,8,-21.78750992,-46.63333511,1264.4,42,1093,1264,11,-62,15,23,10,26,19,2,43,53.5,349,38,58,26284.6,0,20,133,0,0,68563,2.0,1671.5588532863567,64.73020933072904,-0.09999999999990905,0.09999999999854481,-1.0000000000136424,13262,7.3677777777777775,1903.078446590333,54.2,5.917417026841963,-1.4503607509358147
8052144029,8,-21.78765488,-46.63333511,1265.0,-91,931,1960,63,23,21,23,10,26,19,2,44,53.5,348,52,60,26284.6,0,24,133,0,0,68564,1.0,2171.783138345079,70.2780193232564,0.599999999999909,0.0,0.0,18096,5.026666666666666,1935.480151413515,56.2,9.129024531703433,4.102357865036766
8052246029,8,-21.78794861,-46.63333511,1265.0,-215,1136,1993,-27,13,92,23,10,26,19,2,46,53.0,347,52,61,26284.6,0,24,132,0,0,68566,2.0,2304.076821635945,96.7574286553751,0.0,0.0,0.0,18044,10.024444444444445,2058.3236234182805,58.0,7.5997399505139445,-2.4247044939305002
8052347029,8,-21.7881031,-46.63333511,1265.6,-177,1182,2273,4,46,99,23,10,26,19,2,47,53.0,347,67,62,26284.6,0,26,132,0,0,68567,1.0,2568.0697031038703,109.23827168167757,0.599999999999909,0.0,0.0,23249,6.458055555555555,2131.4857051486642,59.4,8.6201038405382,2.162048284982644
8052449029,8,-21.78841591,-46.63333511,1265.5,-125,1055,1711,19,12,112,23,10,26,19,2,49,53.0,345,73,64,26284.7,0,28,132,0,0,68569,2.0,2013.9937934363154,114.23221962301179,-0.09999999999990905,0.10000000000218279,-0.9999999999772626,25185,13.991666666666667,2145.8964619615135,61.0,9.510991794044507,-4.48067487262216
8052550029,8,-21.78856659,-46.63333511,1266.0,36,918,1582,-66,12,21,23,10,26,19,2,50,53.0,345,66,66,26284.7,0,26,132,0,0,68570,1.0,1829.4108341211931,70.2922470831599,0.5,0.0,0.0,22770,6.325,2177.4668581284805,62.6,7.766239132938253,1.4412391329382528
8052652029,8,-21.78886032,-46.63333511,1267.7,-18,903,1809,-16,22,-4,23,10,26,19,2,52,53.0,346,61,67,26284.7,0,26,132,0,0,68572,2.0,2021.9332333190432,27.49545416973504,1.7000000000000455,0.0,0.0,21106,11.725555555555555,2147.4968771232734,64.0,11.665587855782444,-0.059967699773110894
8052754029,8,-21.78915405,-46.63333511,1268.6,356,788,2070,-83,1,-1,23,10,26,19,2,54,53.0,349,31,67,26284.8,0,20,132,0,0,68574,2.0,2243.3412580345416,83.01204731844649,0.8999999999998636,0.09999999999854481,9.000000000129603,10819,6.010555555555555,2135.349764402993,65.2,5.969507977468393,-0.04104757808716286
8052855029,8,-21.78930664,-46.63333511,1270.0,265,763,1967,27,-32,-58,23,10,26,19,2,55,53.0,349,36,66,26284.8,0,20,132,0,0,68575,1.0,2126.377906205762,71.53320907103218,1.400000000000091,0.0,0.0,12564,3.49,2047.011405023371,66.0,5.134795649911525,1.6447956499115248
8052957029,8,-21.78960991,-46.63333511,1270.8,498,748,1873,20,-19,-117,23,10,26,19,2,57,53.0,349,33,65,26284.8,0,20,132,0,0,68577,2.0,2077.4111292664243,120.20815280171308,0.7999999999999545,0.0,0.0,11517,6.398333333333333,2059.6948721893928,66.2,5.319125471798503,-1.0792078615348304
8053058029,8,-21.78977013,-46.63333511,1270.7,899,461,2562,-81,-91,-192,23,10,26,19,2,58,53.0,349,30,64,26284.8,0,18,132,0,0,68578,1.0,2754.009077690195,227.38953362017347,-0.09999999999990905,0.0,0.0,10470,2.908333333333333,2244.6145209031934,65.8,4.601940289607512,1.693606956274179
8053100039,8,-21.79008293,-46.63333511,1272.1,827,428,1622,-93,-121,-161,23,10,26,19,3,0,53.0,349,32,64,26284.9,0,18,131,0,0,68580,2.0,1870.293292507889,221.83552465734607,1.3999999999998636,0.10000000000218279,13.999999999693046,11168,6.204444444444444,2214.2865327409622,65.2,5.23867296945773,-0.9657714749867141
8053202039,8,-21.79036903,-46.63333511,1270.3,692,786,2190,11,-129,-141,23,10,26,19,3,2,53.0,350,22,64,26284.9,0,16,131,0,0,68582,2.0,2427.500772399465,191.4236140083036,-1.7999999999999545,0.0,0.0,7700,4.277777777777778,2251.118435613947,64.6,3.1269511311085747,-1.150826646669203
8053303039,8,-21.79048729,-46.63333511,1270.0,582,687,1379,-22,-107,-154,23,10,26,19,3,3,53.0,353,4,64,26284.9,0,10,131,0,0,68583,1.0,1646.9165127595265,188.80942773071476,-0.2999999999999545,0.0,0.0,1412,0.39222222222222225,2155.2261569247,64.2,1.0036081312946907,0.6113859090724685
8053405039,8,-21.79066277,-46.63333511,1269.6,251,888,2145,-13,-16,-112,23,10,26,19,3,5,53.0,347,49,66,26285.0,0,22,131,0,0,68585,2.0,2335.0738746343764,113.88151737661384,-0.40000000000009095,0.09999999999854481,-4.000000000059117,17003,9.446111111111112,2206.7587059982907,64.4,6.897736391947225,-2.5483747191638866
8053506039,8,-21.79072952,-46.63333511,1270.1,429,839,1886,54,-46,-14,23,10,26,19,3,6,53.0,347,41,69,26285.0,0,22,131,0,0,68586,1.0,2108.3069036551583,72.30490993010088,0.5,0.0,0.0,14227,3.9519444444444445,2077.618271191283,65.4,7.582528829385574,3.63058438494113
8053608039,8,-21.79083633,-46.63333511,1271.4,-69,1001,1498,-22,-9,16,23,10,26,19,3,8,53.0,347,16,74,26285.0,0,14,131,0,0,68588,2.0,1802.9880753904058,28.653097563788805,1.300000000000182,0.0,0.0,5552,3.0844444444444443,2064.1572277677865,67.4,3.4263262935513548,0.34188184910691044
8053709039,8,-21.79089928,-46.63333511,1270.3,-234,1020,2115,8,43,58,23,10,26,19,3,9,53.0,352,2,74,26285.1,0,2,131,0,0,68589,1.0,2359.741723155312,72.64296249465602,-1.1000000000001364,0.09999999999854481,-11.000000000161435,704,0.19555555555555557,2050.605417918956,69.4,0.9207686803418896,0.725213124786334
8053811039,8,-21.79104996,-46.63333511,1272.6,-12,985,2283,18,52,111,23,10,26,19,3,11,53.0,353,2,72,26285.1,0,4,131,0,0,68591,2.0,2486.454906086173,123.89108119634763,2.2999999999999545,0.0,0.0,706,0.39222222222222225,2218.513096584285,71.0,0.0,-0.39222222222222225
8053913039,8,-21.79126358,-46.63333511,1272.4,-723,1029,1774,43,139,141,23,10,26,19,3,13,53.0,350,40,70,26285.1,0,22,131,0,0,68593,2.0,2174.5450098813776,202.61046369820093,-0.1999999999998181,0.0,0.0,14000,7.777777777777778,2186.4073236336853,71.8,7.032294053700737,-0.7454837240770411
8054014039,8,-21.79141808,-46.63333511,1272.7,-477,977,973,-18,116,79,23,10,26,19,3,14,53.0,352,8,70,26285.2,0,8,131,0,0,68594,1.0,1459.0363257986417,141.4955829699288,0.2999999999999545,0.10000000000218279,2.9999999999340616,2816,0.7822222222222223,2056.553208062382,72.0,1.1802157076747473,0.397993485452525
8054116039,8,-21.79172516,-46.63333511,1274.1,61,754,2066,5,8,23,23,10,26,19,3,16,53.0,348,47,67,26285.2,0,24,131,0,0,68596,2.0,2200.1347685994147,24.859605789312106,1.3999999999998636,0.0,0.0,16356,9.086666666666666,2135.9825467041837,70.6,10.631347612220743,1.5446809455540773
8054217039,8,-21.79187965,-46.63333511,1274.3,102,935,2323,58,-91,12,23,10,26,19,3,17,53.0,341,107,69,26285.2,0,32,131,0,0,68597,1.0,2506.1839517481553,108.57716150277645,0.20000000000004547,0.0,0.0,36487,10.135277777777778,2165.2709924227524,69.6,13.821032483954774,3.6857547061769953
8054319039,8,-21.79219246,-46.63333511,1274.7,190,782,2454,-2,-17,-9,23,10,26,19,3,19,53.0,350,21,70,26285.2,0,16,131,0,0,68599,2.0,2582.5839773374264,19.339079605813716,0.40000000000009095,0.0,0.0,7350,4.083333333333333,2184.496806673003,69.2,3.32751033378351,-0.7558229995498231
8054421039,8,-21.79252434,-46.63333511,1274.5,103,677,1432,30,-25,-24,23,10,26,19,3,21,53.0,348,40,69,26285.3,0,22,131,0,0,68601,2.0,1587.3128236110235,45.83666654546336,-0.20000000000004547,0.09999999999854481,-2.0000000000295586,13920,7.733333333333333,2067.0503694189324,69.0,6.967246468941562,-0.7660868643917711
8054522039,8,-21.79267502,-46.63333511,1275.0,289,895,1980,34,10,-30,23,10,26,19,3,22,53.0,341,104,71,26285.3,0,32,131,0,0,68602,1.0,2192.0187042997604,46.4327470649756,0.5,0.0,0.0,35464,9.851111111111111,2213.6468451191563,69.2,13.811625277154224,3.9605141660431133
8054624039,8,-21.79299927,-46.63333511,1275.9,594,824,2400,45,6,-25,23,10,26,19,3,24,53.0,329,270,75,26285.3,0,66,131,0,0,68604,2.0,2606.110511854783,51.82663407939975,0.900000000000091,0.0,0.0,88830,49.35,2294.8419937702297,70.8,32.89023903577486,-16.45976096422514
8054725039,8,-21.79316902,-46.63333511,1276.3,203,1454,1721,29,1,-29,23,10,26,19,3,25,52.5,345,60,81,26285.4,0,26,131,0,0,68605,1.0,2262.11538167265,41.02438299353203,0.3999999999998636,0.10000000000218279,3.9999999999113243,20700,5.75,2246.028279755129,73.2,9.418860875522903,3.6688608755229026
8054827039,8,-21.79351807,-46.63333511,1278.2,97,891,1804,16,22,-13,23,10,26,19,3,27,52.5,345,60,81,26285.4,0,26,131,0,0,68607,2.0,2014.374840986652,30.14962686336267,1.900000000000091,0.0,0.0,20700,11.5,2132.386452484974,75.4,12.440237082154288,0.9402370821542885
8054929039,8,-21.7938652,-46.63333511,1280.5,252,1139,1843,28,6,-22,23,10,26,19,3,29,52.5,337,119,82,26285.4,0,30,130,0,0,68609,2.0,2181.1634510049907,36.11094017053558,2.2999999999999545,0.0,0.0,40103,22.279444444444444,2251.156577963767,78.0,18.297720911954,-3.981723532490445
8055030039,8,-21.79403114,-46.63333511,1281.7,67,1206,1199,34,6,-15,23,10,26,19,3,30,52.5,346,50,80,26285.5,0,18,130,0,0,68610,1.0,1701.9183294153688,37.64306044943742,1.2000000000000455,0.09999999999854481,12.000000000175078,17300,4.805555555555555,2153.136502986889,79.8,5.34310464670109,0.537549091145535
8055132039,8,-21.79434586,-46.63333511,1283.9,159,594,1891,4,-6,-10,23,10,26,19,3,32,52.5,347,42,77,26285.5,0,22,130,0,0,68612,2.0,1988.466243113018,12.328828005937952,2.2000000000000455,0.0,0.0,14574,8.096666666666666,2029.607649238536,80.2,8.403373924828069,0.30670725816140276
8055233039,8,-21.79450226,-46.63333511,1285.0,-150,877,1782,-42,27,-20,23,10,26,19,3,33,52.5,345,59,76,26285.5,0,24,130,0,0,68613,1.0,1991.7713222154796,53.786615435440815,1.099999999999909,0.0,0.0,20355,5.654166666666667,1975.538837347102,79.2,8.791374160662587,3.13720749399592
8055335039,8,-21.7947979,-46.63333511,1286.0,62,943,1865,-11,-48,0,23,10,26,19,3,35,52.5,346,49,74,26285.6,0,24,130,0,0,68615,2.0,2090.7697147223075,49.24428900898052,1.0,0.09999999999854481,10.00000000014552,16954,9.418888888888889,1990.8178120942327,77.8,9.316683418718437,-0.10220547017045156
8055436039,8,-21.79494095,-46.63333511,1287.4,183,972,1108,-11,50,-25,23,10,26,19,3,36,52.5,346,52,74,26285.6,0,24,130,0,0,68616,1.0,1485.239711292423,56.97367813297646,1.400000000000091,0.0,0.0,17992,4.997777777777777,1851.6330641517193,76.2,10.59298278586829,5.595205008090513
8055538039,8,-21.79521561,-46.63333511,1289.1,240,944,2518,110,-32,-40,23,10,26,19,3,38,52.5,343,78,73,26285.6,0,28,130,0,0,68618,2.0,2699.825920314123,121.3424904969401,1.699999999999818,0.0,0.0,26754,14.863333333333333,2051.2145823314704,74.8,12.838751012757788,-2.0245823205755453
8055640039,8,-21.79546738,-46.63333511,1290.7,26,900,2057,-27,7,-41,23,10,26,19,3,40,52.5,347,42,72,26285.7,0,22,130,0,0,68620,2.0,2245.423122709838,49.58830507286975,1.6000000000001364,0.10000000000218279,15.999999999652118,14574,8.096666666666666,2102.605958250834,73.8,8.011426839076371,-0.08523982759029458
8055741039,8,-21.79558182,-46.63333511,1292.3,90,780,2027,-52,-78,-23,23,10,26,19,3,41,52.5,347,39,70,26285.7,0,20,130,0,0,68621,1.0,2173.759186294563,96.52460826131335,1.599999999999909,0.0,0.0,13533,3.7591666666666668,2139.003531066651,72.6,4.9601486422287016,1.2009819755620348
8056249039,8,-21.79625893,-46.63333511,1300.1,-143,838,1675,9,0,-17,23,10,26,19,3,49,52.5,352,4,56,26285.9,0,8,130,0,0,68629,1.0,1878.3817503372418,19.235384061671343,1.5,0.10000000000218279,14.999999999672582,1408,0.39111111111111113,2098.4598711342223,61.4,1.7143564465580128,1.3232453354469016
8056351039,8,-21.79639053,-46.63333511,1301.5,-68,684,1656,-32,8,12,23,10,26,19,3,51,52.5,350,21,55,26285.9,0,16,130,0,0,68631,2.0,1792.9907975223966,35.09985754956849,1.400000000000091,0.0,0.0,7350,4.083333333333333,2039.0693226572541,58.6,3.5633485905584856,-0.5199847427748474
8056452039,8,-21.79646111,-46.63333511,1301.1,-99,1022,1956,25,-45,5,23,10,26,19,3,52,52.5,349,29,56,26285.9,0,18,130,0,0,68632,1.0,2209.1222238708297,51.720402163943,-0.40000000000009095,0.0,0.0,10121,2.8113888888888887,2020.6718209751477,57.0,4.2211860103857175,1.4097971214968288
8056554039,8,-21.79660606,-46.63333511,1301.4,-205,891,1437,-61,-23,6,23,10,26,19,3,54,52.5,348,50,58,26285.9,0,24,130,0,0,68634,2.0,1703.1955260627008,65.46754921333164,0.3000000000001819,0.0,0.0,17400,9.666666666666666,1967.2901653133401,56.6,7.499824576299728,-2.166842090366938
8056655039,8,-21.79668236,-46.63333511,1301.1,137,1101,1635,-9,9,-20,23,10,26,19,3,55,52.5,347,54,61,26286.0,0,24,130,0,0,68635,1.0,1975.903590765501,23.706539182259394,-0.3000000000001819,0.09999999999854481,-3.0000000000454747,18738,5.205,1911.9187777117338,57.2,9.510071980819943,4.3050719808199425
8056757039,8,-21.79683876,-46.63333511,1300.8,21,909,1618,17,29,32,23,10,26,19,3,57,52.5,347,35,64,26286.0,0,16,130,0,0,68637,2.0,1855.975754151977,46.411205543489174,-0.2999999999999545,0.0,0.0,12145,6.747222222222222,1907.4375784746808,58.8,3.1562477769807495,-3.5909744452414722
8057307049,8,-21.79769135,-46.63333511,1298.5,48,724,1494,-9,-31,21,23,10,26,19,4,7,52.5,353,2,55,26286.1,0,4,130,0,0,68647,2.0,1660.8780810161834,38.50973902793941,-0.599999999999909,0.0,0.0,706,0.39222222222222225,2109.1721965541587,57.2,1.0915683918169448,0.6993461695947225
8057408049,8,-21.79778099,-46.63333511,1298.3,3,659,2108,15,-22,28,23,10,26,19,4,8,52.5,353,2,55,26286.2,0,6,130,0,0,68648,1.0,2208.609064547187,38.63935817272331,-0.20000000000004547,0.10000000000218279,-1.999999999956799,706,0.19611111111111112,2014.6187816187885,55.8,0.7874716914086749,0.5913605802975638
8057510049,8,-21.79795837,-46.63333511,1297.7,165,791,1074,6,28,24,23,10,26,19,4,10,52.5,353,2,55,26286.2,0,6,130,0,2,68650,2.0,1344.0171129862892,37.36308338453881,-0.599999999999909,0.0,0.0,706,0.39222222222222225,1920.5065666361813,55.0,0.9746954441756117,0.5824732219533895
8057611049,8,-21.79806328,-46.63333511,1296.1,-405,968,1999,17,27,27,23,10,26,19,4,11,52.5,353,4,55,26286.2,0,8,115,0,2,68651,1.0,2257.664722672523,41.79712908801273,-1.6000000000001364,0.0,0.0,1412,0.39222222222222225,1895.3252571358396,54.8,0.8338644223386663,0.44164220011644406
8057713049,8,-21.79825783,-46.63333511,1295.5,-146,899,1680,43,-30,23,23,10,26,19,4,13,52.5,353,2,54,26286.2,0,6,115,0,2,68653,2.0,1910.9989534272383,57.253820833198546,-0.599999999999909,0.0,0.0,706,0.39222222222222225,1876.433586929884,54.8,0.7352689164504097,0.34304669422818745
8057919049,8,-21.79885674,-46.63333511,1294.1,-166,1269,2140,-1,43,-35,23,10,26,19,4,19,52.5,349,38,51,26286.3,0,22,115,0,2,68659,6.0,2493.4949368306325,55.452682532047085,-1.400000000000091,0.09999999999854481,-14.000000000204636,13262,22.10333333333333,2042.956958092774,54.0,9.58770302603694,-12.515630307296393
8058020049,8,-21.79896164,-46.63333511,1294.9,-17,1112,1665,-31,67,-36,23,10,26,19,4,20,52.5,343,73,54,26286.3,0,26,115,0,2,68660,1.0,2002.2632194594196,82.13403679352427,0.8000000000001819,0.0,0.0,25039,6.955277777777778,2001.6877890752207,53.8,8.16193856385551,1.206660786077733
8058122049,8,-21.79918671,-46.63333511,1295.7,-86,964,1913,-26,-1,18,23,10,26,19,4,22,52.5,346,58,56,26286.4,0,24,115,0,2,68662,2.0,2143.889222884429,31.63858403911275,0.7999999999999545,0.10000000000218279,7.999999999824922,20068,11.148888888888889,2161.6622110548483,54.0,7.786511617856261,-3.362377271032628
8058223049,8,-21.79930496,-46.63333511,1295.3,268,1018,1737,-67,-28,5,23,10,26,19,4,23,52.5,346,56,59,26286.4,0,24,115,0,2,68663,1.0,2031.0876396650146,72.78736154031138,-0.40000000000009095,0.0,0.0,19376,5.3822222222222225,2116.346794453347,54.8,8.7456834495709,3.363461227348677
8058325049,8,-21.79955292,-46.63333511,1296.0,-337,1204,1714,-36,-30,24,23,10,26,19,4,25,52.5,348,39,61,26286.4,0,20,130,0,0,68665,2.0,2121.5515548767603,52.64978632435273,0.7000000000000455,0.0,0.0,13572,7.54,2158.457314743251,56.2,5.178050899459287,-2.3619491005407127
8058426049,8,-21.79967499,-46.63333511,1295.9,-159,921,1500,-65,-31,21,23,10,26,19,4,26,52.5,348,37,62,26286.5,0,20,130,0,0,68666,1.0,1767.3488619964085,75.0133321483588,-0.09999999999990905,0.09999999999854481,-1.0000000000136424,12876,3.5766666666666667,2013.2280997764065,58.4,4.552660737643116,0.9759940709764492
8058528049,8,-21.79993439,-46.63333511,1295.0,-240,1010,2181,-31,7,33,23,10,26,19,4,28,52.5,348,33,65,26286.5,0,20,130,0,0,68668,2.0,2415.4628955957905,45.81484475582123,-0.900000000000091,0.0,0.0,11484,6.38,2095.8680350036802,60.6,6.074799214724619,-0.30520078527538086
8058630049,8,-21.8002243,-46.63333511,1294.5,276,444,1445,-41,-35,12,23,10,26,19,4,30,52.5,349,31,68,26286.5,0,18,129,0,0,68670,2.0,1536.664244394331,55.226805085936306,-0.5,0.0,0.0,10819,6.010555555555555,1974.4230393056612,63.0,4.222291432686725,-1.7882641228688305
8058731049,8,-21.80037308,-46.63333511,1294.6,-38,981,1646,25,27,14,23,10,26,19,4,31,52.5,350,18,70,26286.5,0,16,129,0,0,68671,1.0,1916.5388073295046,39.370039370059054,0.09999999999990905,0.0,0.0,6300,1.75,1951.513272838559,65.2,3.438424263782934,1.688424263782934
8058833049,8,-21.80069351,-46.63333511,1294.5,255,802,1818,-14,22,26,23,10,26,19,4,33,52.5,348,41,74,26286.6,0,20,129,0,0,68673,2.0,2003.3354686622008,36.823905279043935,-0.09999999999990905,0.09999999999854481,-1.0000000000136424,14268,7.926666666666667,1927.870055595647,67.8,5.5580340869636204,-2.3686325797030463
8058934049,8,-21.80084991,-46.63333511,1294.2,105,932,2152,28,-21,1,23,10,26,19,4,34,52.5,351,14,76,26286.6,0,14,129,0,0,68674,1.0,2347.499307774126,35.014282800023196,-0.2999999999999545,0.0,0.0,4914,1.365,2043.9001447511905,70.6,2.7546674247554424,1.3896674247554424
8059036049,8,-21.80122948,-46.65000153,1291.8,-36,860,2324,-44,-41,-12,23,10,26,19,4,36,52.5,351,12,78,26286.6,0,12,129,0,0,68676,2.0,2478.280048743483,61.326992425847855,-2.400000000000091,0.0,0.0,4212,2.34,2056.4635753807293,73.2,1.772824781033299,-0.5671752189667008
8059138049,8,-21.80158615,-46.65000153,1288.3,269,768,1920,-2,-62,-20,23,10,26,19,4,38,52.5,351,14,80,26286.7,0,14,129,0,0,68678,2.0,2085.326113585115,65.1766829472013,-3.5,0.10000000000218279,-34.999999999236024,4914,2.73,2166.1959492188857,75.6,2.3216587979362555,-0.40834120206374447
8059341049,8,-21.80211639,-46.65000153,1284.1,-67,885,2543,-6,94,-6,23,10,26,19,4,41,52.5,349,29,83,26286.7,0,20,129,0,0,68681,2.0,2693.4295981146415,94.38220171197534,-2.0,0.0,0.0,10121,5.622777777777777,2442.8167759587604,79.8,5.212223035818037,-0.4105547419597402
8059442049,8,-21.80228996,-46.65000153,1284.0,247,709,1717,-23,-9,2,23,10,26,19,4,42,52.0,349,32,86,26286.8,0,20,129,0,0,68682,1.0,1873.9741193517054,24.779023386727733,-0.09999999999990905,0.09999999999854481,-1.0000000000136424,11168,3.102222222222222,2348.111738274277,81.8,5.083764122526752,1.9815419003045296
8059544049,8,-21.80263901,-46.65000153,1281.5,-44,926,1525,-49,49,-10,23,10,26,19,4,44,52.0,349,27,88,26286.8,0,18,129,0,0,68684,2.0,1784.6671958659408,70.01428425685718,-2.5,0.0,0.0,9423,5.235,2209.3891676987682,83.8,4.765878904304758,-0.4691210956952423
8059646049,8,-21.8029995,-46.65000153,1279.6,-418,1056,2115,-12,-39,16,23,10,26,19,4,46,52.0,351,13,88,26286.9,0,14,129,0,0,68686,2.0,2400.6426222992877,43.829214001622255,-1.900000000000091,0.10000000000218279,-18.99999999958618,4563,2.535,2272.4524694416027,85.4,2.6208389449384377,0.08583894493843758
8059747049,8,-21.80319214,-46.65000153,1277.7,-491,826,1250,70,-26,21,23,10,26,19,4,47,52.0,348,40,87,26286.9,0,20,129,0,0,68687,1.0,1576.6600775056113,77.56932383358772,-1.8999999999998636,0.0,0.0,13920,3.8666666666666667,2065.8747226274377,86.4,6.17309933616459,2.3064326694979234
8059849049,8,-21.80354691,-46.65000153,1276.9,-105,1049,1457,-31,35,-3,23,10,26,19,4,49,52.0,348,43,85,26286.9,0,22,129,0,0,68689,2.0,1798.4090191054981,46.850827100489916,-0.7999999999999545,0.0,0.0,14964,8.313333333333333,1886.8706068256083,86.8,7.634988754541087,-0.6783445787922453
8059950049,8,-21.80372238,-46.65000153,1278.1,-87,968,1903,0,28,-7,23,10,26,19,4,50,52.0,347,52,83,26287.0,0,22,129,0,0,68690,1.0,2136.8205352813325,28.861739379323623,1.199999999999818,0.09999999999854481,12.000000000172804,18044,5.012222222222222,1939.4398900115339,86.2,7.657519445408944,2.645297223186722
8060052049,8,-21.80406952,-46.65000153,1280.3,243,699,2088,-72,72,-43,23,10,26,19,4,52,52.0,348,44,80,26287.0,0,22,129,0,0,68692,2.0,2215.2638669016383,110.53053876644228,2.2000000000000455,0.0,0.0,15312,8.506666666666666,2025.5592242186735,84.6,9.330958873238542,0.8242922065718759
8060153049,8,-21.80423927,-46.65000153,1281.1,47,898,2319,4,15,4,23,10,26,19,4,53,52.0,349,24,78,26287.0,0,16,129,0,0,68693,1.0,2487.242247952539,16.0312195418814,0.7999999999999545,0.0,0.0,8376,2.3266666666666667,2042.8791493493238,82.6,3.0097460916286196,0.683079424961953
8060255049,8,-21.80455971,-46.65000153,1283.6,-102,945,1456,16,-42,35,23,10,26,19,4,55,52.0,350,23,75,26287.1,0,16,129,0,0,68695,2.0,1738.7826201109788,56.96490147450446,2.5,0.09999999999854481,25.000000000363798,8050,4.472222222222222,2075.303657870397,80.2,4.896632586485623,0.42441036426340073
8060357049,8,-21.80486107,-46.65000153,1285.6,176,913,2052,-20,-14,2,23,10,26,19,4,57,52.0,350,19,72,26287.1,0,16,129,0,0,68697,2.0,2252.8313296827173,24.49489742783178,2.0,0.0,0.0,6650,3.6944444444444446,2166.1881199858412,77.6,2.4932763471840946,-1.20116809726035
8060458049,8,-21.80501556,-46.65000153,1285.6,130,999,1958,-7,29,7,23,10,26,19,4,58,52.0,346,51,69,26287.1,0,24,129,0,0,68698,1.0,2201.968437557632,30.643106892089126,0.0,0.0,0.0,17646,4.901666666666666,2179.217700441101,74.8,7.821766788682638,2.9201001220159712
8060500059,8,-21.80527306,-46.65000153,1285.5,61,917,1613,19,31,26,23,10,26,19,5,0,52.0,346,57,70,26287.2,0,24,129,0,0,68700,2.0,1856.4425657692725,44.69899327725402,-0.09999999999990905,0.10000000000218279,-0.9999999999772626,19722,10.956666666666667,2107.4534402146282,72.8,8.16541444156216,-2.7912522251045075
8060601059,8,-21.80542374,-46.65000153,1286.3,-10,949,1754,38,38,36,23,10,26,19,5,1,52.0,346,43,71,26287.2,0,16,129,0,0,68701,1.0,1994.2961164280493,64.68384651518491,0.7999999999999545,0.0,0.0,14878,4.132777777777778,2008.86421390973,71.4,3.1844947910914234,-0.9482829866863547
8060703059,8,-21.80573273,-46.65000153,1286.1,58,578,1803,-22,0,15,23,10,26,19,5,3,52.0,350,15,71,26287.2,0,10,129,0,0,68703,2.0,1894.2695161987906,26.627053911388696,-0.20000000000004547,0.0,0.0,5250,2.9166666666666665,2039.9615931272924,70.6,0.7419812920366139,-2.1746853746300525
8060909059,8,-21.80669594,-46.65000153,1288.4,93,819,1399,-9,-26,18,23,10,26,19,5,9,52.0,350,22,71,26287.4,0,16,114,0,2,68709,6.0,1623.7644533613857,32.87856444554719,2.300000000000182,0.2000000000007276,11.499999999959073,7700,12.833333333333334,1914.148217863026,70.4,3.209478321704921,-9.623855011628413
8061010059,8,-21.80685806,-46.65000153,1288.9,29,771,1482,22,-6,5,23,10,26,19,5,10,52.0,349,28,72,26287.4,0,18,114,0,2,68710,1.0,1670.8099832117355,23.345235059857504,0.5,0.0,0.0,9772,2.7144444444444447,1807.916526993847,71.0,4.120552941227707,1.4061084967832627
8061112059,8,-21.80718613,-46.65000153,1288.0,-234,1029,2190,9,-11,19,23,10,26,19,5,12,52.0,350,23,72,26287.4,0,16,114,0,2,68712,2.0,2430.986836657081,23.727621035409346,-0.900000000000091,0.0,0.0,8050,4.472222222222222,1922.8253811714083,71.4,3.293415461798769,-1.1788067604234533
8061213059,8,-21.80735016,-46.65000153,1287.5,91,1010,1558,24,-22,-5,23,10,26,19,5,13,52.0,348,41,73,26287.4,0,20,114,0,2,68713,1.0,1858.96342083431,32.93933818400121,-0.5,0.0,0.0,14268,3.9633333333333334,1895.7588420526604,71.8,5.484389250915447,1.5210559175821134
8061315059,8,-21.80767632,-46.65000153,1284.9,88,689,1756,-13,37,-30,23,10,26,19,5,15,52.0,347,42,74,26287.5,0,20,114,0,2,68715,2.0,1888.3858186292334,49.37610758251404,-2.599999999999909,0.09999999999854481,-26.00000000037744,14574,8.096666666666666,1894.582102538749,72.4,5.6655615420815915,-2.4311051245850743
8061521059,8,-21.80866432,-46.65000153,1282.3,113,859,2363,-9,-55,-50,23,10,26,19,5,21,52.0,343,71,82,26287.6,0,26,114,0,2,68721,6.0,2516.827169274839,74.87322618933953,-2.6000000000001364,0.09999999999854481,-26.000000000379714,24353,40.58833333333333,2073.19464572144,74.6,10.835368486731308,-29.752964846602023
8061622059,8,-21.80881691,-46.65000153,1282.0,250,1017,1848,23,-26,-34,23,10,26,19,5,22,52.0,341,97,84,26287.6,0,32,114,0,2,68722,1.0,2124.1217008448457,48.590122453025366,-0.2999999999999545,0.0,0.0,33077,9.188055555555556,2163.856989248062,77.0,15.231748866850602,6.043693311295046
8061724059,8,-21.80911446,-46.65000153,1284.6,-29,867,1848,-31,58,-8,23,10,26,19,5,24,52.0,342,86,86,26287.7,0,30,114,0,2,68724,2.0,2041.4783858762746,66.24952830020754,2.599999999999909,0.10000000000218279,25.999999999431566,29412,16.34,2085.9552990919005,79.8,19.24796657836977,2.90796657836977
8061825059,8,-21.80926323,-46.65000153,1283.3,-242,900,1709,51,68,-27,23,10,26,19,5,25,52.0,340,95,86,26287.7,0,30,114,0,2,68725,1.0,1946.5983150100587,89.1852005660132,-1.2999999999999545,0.0,0.0,32300,8.972222222222221,2103.4822779270503,82.4,13.351851231235466,4.379629009013245
8061927059,8,-21.80958176,-46.65000153,1282.5,237,820,1972,13,58,12,23,10,26,19,5,27,52.0,341,91,87,26287.8,0,30,114,0,2,68727,2.0,2148.802689871734,60.63827174318213,-0.7999999999999545,0.09999999999854481,-8.00000000011596,31031,17.239444444444445,2155.5656521755504,85.0,12.851171535373247,-4.388272909071198
8062029059,8,-21.80988312,-46.65000153,1283.1,-227,1081,1748,5,30,-11,23,10,26,19,5,29,51.5,340,92,87,26287.8,0,30,114,0,2,68729,2.0,2067.7509521216525,32.341923257592455,0.599999999999909,0.0,0.0,31280,17.377777777777776,2065.7504087449133,86.0,13.205779492533345,-4.171998285244431
8062130059,8,-21.81004333,-46.65000153,1284.7,267,764,2283,14,-50,4,23,10,26,19,5,30,51.5,341,82,87,26287.8,0,28,114,0,2,68730,1.0,2422.204367926043,52.076866265166146,1.6000000000001364,0.0,0.0,27962,7.767222222222222,2125.3669421611526,86.6,12.682481954633017,4.915259732410795
8062232059,8,-21.81032753,-46.65000153,1284.7,-65,637,1224,20,46,-36,23,10,26,19,5,32,51.5,345,40,87,26287.9,0,22,127,0,0,68732,2.0,1381.365266683653,61.741396161732524,0.0,0.10000000000218279,0.0,13800,7.666666666666667,1993.3443183226286,86.8,6.218873075002128,-1.4477935916645386
8062333059,8,-21.81048775,-46.65000153,1286.3,-64,846,2420,-36,15,2,23,10,26,19,5,33,51.5,346,39,85,26287.9,0,20,127,0,0,68733,1.0,2564.412603307042,39.05124837953327,1.599999999999909,0.0,0.0,13494,3.7483333333333335,2116.907175982025,86.6,5.814203046907719,2.065869713574385
8062435059,8,-21.81077385,-46.65000153,1289.0,-96,917,1713,-23,-1,8,23,10,26,19,5,35,51.5,344,56,84,26287.9,0,24,127,0,0,68735,2.0,1945.372457911338,24.372115213907882,2.7000000000000455,0.0,0.0,19264,10.702222222222222,2076.221129589946,86.0,10.13191186517884,-0.5703103570433825
8062536059,8,-21.81091118,-46.65000153,1286.6,-189,1165,2225,-69,-51,10,23,10,26,19,5,36,51.5,345,49,83,26288.0,0,24,127,0,0,68736,1.0,2518.644675217209,86.38286867197685,-2.400000000000091,0.09999999999854481,-24.000000000350155,16905,4.695833333333334,2166.399874209057,85.2,10.76671280462547,6.070879471292137
8062638059,8,-21.81121445,-46.65000153,1288.8,212,865,2007,-28,3,0,23,10,26,19,5,38,51.5,345,52,83,26288.0,0,22,127,0,0,68738,2.0,2195.7272143870696,28.160255680657446,2.2000000000000455,0.0,0.0,17940,9.966666666666667,2121.1044435012627,84.4,8.18852791905529,-1.7781387476113775
8062740059,8,-21.81150818,-46.65000153,1291.3,-107,1175,2363,30,-1,25,23,10,26,19,5,40,51.5,345,48,83,26288.1,0,24,127,0,0,68740,2.0,2641.1821217023257,39.06404996924922,2.5,0.09999999999854481,25.000000000363798,16560,9.2,2373.067814504997,83.6,13.20325732457557,4.003257324575571
8062841059,8,-21.81165504,-46.65000153,1291.9,-62,936,1777,-13,31,4,23,10,26,19,5,41,51.5,342,85,83,26288.1,0,30,127,0,0,68741,1.0,2009.39518263581,33.85262175962151,0.6000000000001364,0.0,0.0,29070,8.075,2262.06433037075,83.2,11.78997450966489,3.7149745096648914
8062943059,8,-21.81197357,-46.65000153,1293.6,99,1027,1976,-23,64,5,23,10,26,19,5,43,51.5,341,84,84,26288.1,0,30,127,0,0,68743,2.0,2229.14916504033,68.19090848492928,1.699999999999818,0.0,0.0,28644,15.913333333333334,2318.819671796549,83.2,12.420786432088608,-3.492546901244726
8063044059,8,-21.81213379,-46.65000153,1294.5,52,1091,2184,-27,-55,35,23,10,26,19,5,44,51.5,342,79,86,26288.2,0,28,126,0,0,68744,1.0,2441.8929132949297,70.5620294492725,0.900000000000091,0.10000000000218279,8.999999999804459,27018,7.505,2303.469319412093,83.8,9.816960824036457,2.311960824036457
8063146059,8,-21.8124733,-46.65000153,1294.6,-37,986,1855,-28,-21,43,23,10,26,19,5,46,51.5,341,80,87,26288.2,0,28,126,0,0,68746,2.0,2101.092572924858,55.44366510251645,0.09999999999990905,0.0,0.0,27280,15.155555555555555,2284.5423911196503,84.6,11.609179211094588,-3.546376344460967
8063248059,8,-21.81283569,-46.65000153,1296.3,-285,830,2289,27,25,-22,23,10,26,19,5,48,51.5,341,81,88,26288.2,0,28,126,0,0,68748,2.0,2451.4579335570907,42.871902220452036,1.7000000000000455,0.0,0.0,27621,15.345,2246.597553490604,85.6,14.49395554056407,-0.851044459435931
8063349059,8,-21.81302643,-46.65000153,1298.0,-20,879,1844,6,103,-16,23,10,26,19,5,49,51.5,341,79,90,26288.3,0,28,126,0,0,68749,1.0,2042.8844803365657,104.40785411069419,1.7000000000000455,0.09999999999854481,17.000000000247837,26939,7.483055555555556,2253.295413030755,87.0,12.939433359880626,5.45637780432507
8063451059,8,-21.8133831,-46.65000153,1298.6,260,989,2099,-31,1,1,23,10,26,19,5,51,51.5,341,80,91,26288.3,0,28,126,0,0,68751,2.0,2334.8494598153434,31.0322412983658,0.599999999999909,0.0,0.0,27280,15.155555555555555,2274.4354719857574,88.4,12.772591361204666,-2.3829641943508886
8063552059,8,-21.81354904,-46.65000153,1298.2,-345,848,2068,-13,32,-14,23,10,26,19,5,52,51.5,343,58,91,26288.4,0,24,126,0,0,68752,1.0,2261.5819684459816,37.26929030716845,-0.3999999999998636,0.10000000000218279,-3.9999999999113243,19894,5.526111111111111,2238.373283015968,89.4,8.48873510851867,2.962623997407559
8063654059,8,-21.81391335,-46.65000153,1299.0,-331,1096,1524,27,-28,-6,23,10,26,19,5,54,51.5,343,58,92,26288.4,0,24,126,0,0,68754,2.0,1906.135619519241,39.35733730830886,0.7999999999999545,0.0,0.0,19894,11.052222222222222,2199.3818923348445,90.4,8.78154659343395,-2.270675628788272
8063756059,8,-21.81428719,-46.65000153,1300.5,-192,746,2405,-74,-8,0,23,10,26,19,5,56,51.0,344,58,92,26288.4,0,24,126,0,0,68756,2.0,2525.352450649216,74.43117626371358,1.5,0.0,0.0,19952,11.084444444444445,2214.1607957532697,91.2,11.353516300432787,0.2690718559883418
8063857059,8,-21.81447601,-46.65000153,1300.4,149,1109,2144,-37,-45,-10,23,10,26,19,5,57,51.0,344,58,92,26288.5,0,24,126,0,0,68757,1.0,2418.4329637184487,59.1100668245266,-0.09999999999990905,0.09999999999854481,-1.0000000000136424,19952,5.542222222222223,2289.270492429646,91.6,7.625572944557868,2.0833507223356458
8063959059,8,-21.81485367,-46.65000153,1302.0,55,991,1583,5,10,-16,23,10,26,19,5,59,51.0,344,58,93,26288.5,0,24,126,0,0,68759,2.0,1868.420455893159,19.519221295943137,1.599999999999909,0.0,0.0,19952,11.084444444444445,2195.984691645209,92.0,11.214577568301188,0.13013312385674247
8064000069,8,-21.8150425,-46.65000153,1302.1,230,643,1421,-33,-51,5,23,10,26,19,6,0,51.0,343,58,93,26288.6,0,24,126,0,0,68760,1.0,1576.5754025735655,60.95079983068311,0.09999999999990905,0.09999999999854481,1.0000000000136424,19894,5.526111111111111,2058.9833784707257,92.4,8.280733955788852,2.7546228446777414
8064102069,8,-21.81542206,-46.65000153,1303.0,-246,911,1870,-1,-4,17,23,10,26,19,6,2,51.0,344,51,93,26288.6,0,22,126,0,0,68762,2.0,2094.597097295802,17.4928556845359,0.900000000000091,0.0,0.0,17544,9.746666666666666,2096.675674026038,92.6,7.154740603321842,-2.5919260633448244
8064203069,8,-21.81561661,-46.65000153,1303.3,-43,821,1984,-25,-25,-13,23,10,26,19,6,3,51.0,344,51,93,26288.6,0,24,126,0,0,68763,1.0,2147.5907431352,37.66961640367472,0.2999999999999545,0.0,0.0,17544,4.873333333333333,2021.1233325232351,92.8,8.09265857914086,3.2193252458075268
8064305069,8,-21.81599998,-46.65000153,1304.5,273,633,1882,-11,-23,-7,23,10,26,19,6,5,51.0,344,51,93,26288.7,0,24,126,0,0,68765,2.0,2004.2809184343396,26.43860813280457,1.2000000000000455,0.10000000000218279,11.99999999973852,17544,9.746666666666666,1938.292923466413,93.0,8.980537368920203,-0.7661292977464633
8064407069,8,-21.81638718,-46.65000153,1305.8,180,904,2252,0,-6,-10,23,10,26,19,6,7,51.0,343,59,93,26288.7,0,24,125,0,0,68767,2.0,2433.335159816666,11.661903789690601,1.2999999999999545,0.0,0.0,20237,11.242777777777778,2051.2758642511144,93.0,9.028404313673606,-2.214373464104172
8064508069,8,-21.81658554,-46.65000153,1306.2,256,926,1734,-22,-33,-6,23,10,26,19,6,8,51.0,344,59,93,26288.8,0,24,125,0,0,68768,1.0,1982.3642450367188,40.11234224026316,0.40000000000009095,0.09999999999854481,4.000000000059117,20296,5.637777777777778,2132.433632743745,93.0,8.588562249801841,2.950784472024063
8064610069,8,-21.81697464,-46.65000153,1307.1,-131,873,2210,-13,-42,0,23,10,26,19,6,10,51.0,346,36,93,26288.8,0,20,125,0,0,68770,2.0,2379.7878056667155,43.965895873961216,0.8999999999998636,0.0,0.0,12456,6.92,2189.471774417928,93.0,4.395283982750796,-2.5247160172492036
8064711069,8,-21.81716347,-46.65000153,1307.4,292,1090,1849,18,34,-11,23,10,26,19,6,11,51.0,346,35,92,26288.9,0,20,125,0,0,68771,1.0,2166.140577155601,40.01249804748511,0.3000000000001819,0.10000000000218279,2.9999999999363354,12110,3.363888888888889,2193.181741222008,92.8,4.530677134605478,1.1667882457165888
8064813069,8,-21.81755638,-46.65000153,1307.2,-118,775,1708,-34,-20,-10,23,10,26,19,6,13,51.0,345,50,92,26288.9,0,22,125,0,0,68773,2.0,1879.3118421379672,40.69397989875161,-0.20000000000004547,0.0,0.0,17250,9.583333333333334,2168.187925962734,92.6,6.316677555162481,-3.266655778170853
8064915069,8,-21.81793022,-46.65000153,1308.2,-83,1078,2472,-19,-3,-26,23,10,26,19,6,15,51.0,345,50,92,26288.9,0,22,125,0,0,68775,2.0,2698.102481374642,32.341923257592455,1.0,0.0,0.0,17250,9.583333333333334,2221.141390274329,92.4,7.1739613106019515,-2.4093720227313824
8065016069,8,-21.81809998,-46.65000153,1308.5,-5,678,1507,11,-10,3,23,10,26,19,6,16,51.0,343,65,92,26289.0,0,26,125,0,0,68776,1.0,1652.5005295006715,15.165750888103101,0.2999999999999545,0.09999999999854481,3.000000000043201,22295,6.1930555555555555,2155.1686471671196,92.2,7.702555021207453,1.5094994656518974
8065118069,8,-21.81846619,-46.65000153,1307.6,197,838,2201,-66,-30,-23,23,10,26,19,6,18,51.0,343,58,93,26289.0,0,24,125,0,0,68778,2.0,2363.356511404913,76.05918747922567,-0.900000000000091,0.0,0.0,19894,11.052222222222222,2151.882388314759,92.2,9.806656060580389,-1.2455661616418325
8065219069,8,-21.8186512,-46.65000153,1307.7,149,679,2297,22,36,17,23,10,26,19,6,19,51.0,343,58,93,26289.1,0,24,125,0,0,68779,1.0,2399.8856222745285,45.48626166217664,0.10000000000013642,0.09999999999854481,1.0000000000159162,19894,5.526111111111111,2198.6313973385445,92.4,7.4789958405995955,1.9528847294884848
8065321069,8,-21.81903648,-46.65000153,1309.1,-261,906,2099,6,39,-17,23,10,26,19,6,21,51.0,343,58,92,26289.1,0,24,125,0,0,68781,2.0,2301.03411534901,42.96510211788167,1.3999999999998636,0.0,0.0,19894,11.052222222222222,2282.9758519807533,92.4,9.695656562728303,-1.3565656594939188
8065422069,8,-21.81922531,-46.65000153,1309.6,340,1235,1882,-42,-36,-4,23,10,26,19,6,22,51.0,343,58,92,26289.1,0,24,125,0,0,68782,1.0,2276.565175873513,55.46169849544819,0.5,0.0,0.0,19894,5.526111111111111,2198.668390880527,92.4,7.5311345348989525,2.0050234237878417
8065524069,8,-21.81959915,-46.65000153,1311.6,174,1050,1644,7,-27,2,23,10,26,19,6,24,51.0,343,65,92,26289.2,0,26,125,0,0,68784,2.0,1958.446322981562,27.964262908219126,2.0,0.10000000000218279,19.999999999563443,22295,12.386111111111111,2259.857549576705,92.4,12.134908102298498,-0.25120300881261315
8065626069,8,-21.8199749,-46.65000153,1313.2,-337,990,2504,7,-25,10,23,10,26,19,6,26,50.5,342,65,91,26289.2,0,26,125,0,0,68786,2.0,2713.611062772261,27.820855486487112,1.6000000000001364,0.0,0.0,22230,12.35,2329.908459850175,92.0,11.468260629344174,-0.8817393706558256
8065727069,8,-21.8201561,-46.65000153,1314.0,144,827,1975,4,8,-38,23,10,26,19,6,27,50.5,342,65,91,26289.3,0,26,124,0,0,68787,1.0,2145.99394220953,39.03844259188627,0.7999999999999545,0.09999999999854481,8.00000000011596,22230,6.175,2279.1301238371752,91.6,7.513510726825918,1.338510726825918
8065829069,8,-21.8205204,-46.65000153,1315.8,467,967,1815,-18,-79,-54,23,10,26,19,6,29,50.5,343,59,90,26289.3,0,24,124,0,0,68789,2.0,2108.88667310503,97.37042672187485,1.7999999999999545,0.0,0.0,20237,11.242777777777778,2240.700635388379,91.2,10.118084310440679,-1.1246934673370994
8065930069,8,-21.82069778,-46.65000153,1316.3,189,465,1309,-4,2,-34,23,10,26,19,6,30,50.5,343,56,89,26289.3,0,24,124,0,0,68790,1.0,1401.936874470459,34.292856398964496,0.5,0.0,0.0,19208,5.335555555555556,2065.774975107768,90.6,7.424864611129264,2.0893090555737084
8066032069,8,-21.82102394,-46.65000153,1317.2,213,865,1953,11,-15,-26,23,10,26,19,6,32,50.5,343,56,89,26289.4,0,24,124,0,0,68792,2.0,2146.579371931073,31.96873472629156,0.900000000000091,0.10000000000218279,8.999999999804459,19208,10.671111111111111,2103.4015848976705,90.0,7.678645789032279,-2.992465322078832
8066134069,8,-21.82132149,-46.65000153,1319.3,197,941,1608,-12,-34,-45,23,10,26,19,6,34,50.5,343,56,89,26289.4,0,24,124,0,0,68794,2.0,1873.4871229875052,57.66281297335398,2.099999999999909,0.0,0.0,19208,10.671111111111111,1935.3767969407195,89.6,9.656295582192266,-1.0148155289188452
8066235069,8,-21.82146454,-46.65000153,1319.2,210,841,2205,-31,37,-67,23,10,26,19,6,35,50.5,343,56,89,26289.5,0,24,124,0,0,68795,1.0,2369.2627545293494,82.57723657279892,-0.09999999999990905,0.09999999999854481,-1.0000000000136424,19208,5.335555555555556,1980.0305594046833,89.2,8.061325005524285,2.7257694499687295
8066337069,8,-21.82172394,-46.65000153,1320.8,-16,900,1876,85,60,-39,23,10,26,19,6,37,50.5,345,41,88,26289.5,0,22,124,0,0,68797,2.0,2080.7767780326653,111.11255554616679,1.599999999999909,0.0,0.0,14145,7.858333333333333,1974.4085803902103,88.8,6.084720039007088,-1.7736132943262453
8066438069,8,-21.82183266,-46.65000153,1322.9,211,483,2000,12,-19,-19,23,10,26,19,6,38,50.5,345,40,86,26289.5,0,22,123,0,0,68798,1.0,2068.286730605793,29.427877939124322,2.1000000000001364,0.0,0.0,13800,3.8333333333333335,2107.6785516172777,88.2,7.824754784654083,3.991421451320749
8066540069,8,-21.82203293,-46.66666794,1325.9,-214,1107,2346,-1,2,7,23,10,26,19,6,40,50.5,345,39,84,26289.6,0,20,123,0,0,68800,2.0,2602.875525260476,7.3484692283495345,3.0,0.09999999999854481,30.000000000436557,13455,7.475,2198.937782283158,87.2,9.570043033577562,2.0950430335775625
8066642069,8,-21.82224464,-46.66666794,1327.9,-221,844,1843,13,25,8,23,10,26,19,6,42,50.5,344,52,82,26289.6,0,22,123,0,0,68802,2.0,2039.0747901928462,29.29163703175362,2.0,0.0,0.0,17888,9.937777777777777,2232.0553157242257,85.8,7.141054955163505,-2.7967228226142717
8066744069,8,-21.82244492,-46.66666794,1329.6,-132,1225,1973,30,-58,30,23,10,26,19,6,44,50.5,340,90,81,26289.7,0,30,123,0,0,68804,2.0,2326.107908073054,71.86097689288673,1.699999999999818,0.10000000000218279,16.999999999627107,30600,17.0,2223.424346432967,84.2,11.519888771011441,-5.480111228988559
8066846069,8,-21.82266045,-46.66666794,1331.4,370,761,1893,-11,-9,-6,23,10,26,19,6,46,50.5,338,102,82,26289.7,0,32,123,0,0,68806,2.0,2073.5163370468053,15.427248620541512,1.800000000000182,0.0,0.0,34476,19.153333333333332,2221.9722582357945,83.0,16.454219071663204,-2.699114261670129
8066947069,8,-21.82276917,-46.66666794,1332.3,86,881,2030,-16,11,-15,23,10,26,19,6,47,50.5,337,106,83,26289.7,0,32,123,0,0,68807,1.0,2214.60086697355,24.535688292770594,0.8999999999998636,0.0,0.0,35722,9.922777777777778,2251.2350855093464,82.4,11.981233047911982,2.0584552701342034
8067049069,8,-21.82299805,-46.66666794,1334.9,105,747,1997,-32,-1,-14,23,10,26,19,6,49,50.5,338,98,84,26289.8,0,32,123,0,0,68809,2.0,2134.7231670640576,34.942810419312295,2.6000000000001364,0.09999999999854481,26.000000000379714,33124,18.40222222222222,2157.604613870063,82.4,23.487861318278668,5.085639096056447
8067150069,8,-21.82310677,-46.66666794,1335.1,-20,747,1862,-14,2,8,23,10,26,19,6,50,50.5,341,74,85,26289.8,0,28,123,0,0,68810,1.0,2006.353159341595,16.24807680927192,0.1999999999998181,0.0,0.0,25234,7.009444444444444,2151.0602876998128,83.0,11.779592763396144,4.7701483189516996
8067252069,8,-21.82333946,-46.66666794,1337.6,2,939,1739,-42,-16,14,23,10,26,19,6,52,50.5,341,75,86,26289.9,0,28,123,0,0,68812,2.0,1976.3213301485162,47.07440918375928,2.5,0.10000000000218279,24.999999999454303,25575,14.208333333333334,2081.1029721149052,84.0,13.875865068393846,-0.33246826493948767
8067354069,8,-21.82355118,-46.66666794,1336.6,194,1014,1512,-34,-16,4,23,10,26,19,6,54,50.5,343,55,87,26289.9,0,24,123,0,0,68814,2.0,1830.8402442594493,37.78888725538237,-1.0,0.0,0.0,18865,10.480555555555556,2032.5677535574337,85.0,9.345455459447521,-1.1351000961080349
8067658069,8,-21.82401276,-46.66666794,1335.5,108,899,1903,-32,-37,33,23,10,26,19,6,58,50.0,349,6,89,26290.0,0,10,123,0,0,68818,1.0,2107.4330357095573,59.00847396772772,0.5,0.0,0.0,2094,0.5816666666666667,1987.4560699463314,87.6,0.6467147734650847,0.06504810679841799
8067700079,8,-21.82426071,-46.66666794,1336.2,-129,1033,2645,-18,-13,87,23,10,26,19,7,0,50.0,349,6,91,26290.0,0,10,123,0,0,68820,2.0,2842.4909850340773,89.78864070694021,0.7000000000000455,0.0,0.0,2094,1.1633333333333333,2160.6900009234437,88.6,1.3175881726611625,0.15425483932782913
8067802079,8,-21.82454109,-46.66666794,1333.0,-307,1097,1653,-27,-21,78,23,10,26,19,7,2,50.0,349,3,93,26290.1,0,8,123,0,0,68822,2.0,2007.5026774577414,85.17041739947034,-3.2000000000000455,0.09999999999854481,-32.000000000466116,1047,0.5816666666666667,2196.022487563102,89.8,0.5176233613163223,-0.06404330535034441
8067903079,8,-21.82472038,-46.66666794,1332.0,-598,1011,2288,70,8,94,23,10,26,19,7,3,50.0,350,3,94,26290.1,0,8,123,0,0,68823,1.0,2571.8998814106276,117.4734012447073,-1.0,0.0,0.0,1050,0.2916666666666667,2260.172922388872,91.0,0.8324170877819281,0.5407504211152614
8068614079,8,-21.82711983,-46.66666794,1313.2,-480,1326,1539,26,100,58,23,10,26,19,7,14,50.5,350,14,93,26290.4,0,14,123,0,0,68834,1.0,2087.3899971016435,118.490505948789,-0.09999999999990905,0.0,0.0,4900,1.3611111111111112,2402.456348006386,93.2,2.6821039088860203,1.3209927977749092
8068716079,8,-21.82756424,-46.66666794,1312.3,-79,1204,2329,21,-14,8,23,10,26,19,7,16,50.5,349,14,92,26290.5,0,14,123,0,0,68836,2.0,2622.9940907291425,26.476404589747453,-0.900000000000091,0.09999999999854481,-9.000000000131877,4886,2.7144444444444447,2519.7068140013807,92.8,2.2197578653197447,-0.49468657912469993
8068817079,8,-21.82778358,-46.66666794,1312.0,97,705,830,37,145,-3,23,10,26,19,7,17,50.5,349,14,92,26290.5,0,14,123,0,0,68837,1.0,1093.313312824828,149.67631743198388,-0.2999999999999545,0.0,0.0,4886,1.3572222222222223,2226.290498282722,92.6,2.31467123962394,0.9574490174017176
8068919079,8,-21.82822227,-46.66666794,1312.4,464,966,3840,19,44,-31,23,10,26,19,7,19,50.5,349,14,92,26290.5,0,14,123,0,0,68839,2.0,3986.7345033247448,57.07889277132134,0.40000000000009095,0.0,0.0,4886,2.7144444444444447,2439.1167748461776,92.4,1.9688224293325305,-0.7456220151119142
8069021079,8,-21.82861519,-46.66666794,1308.5,249,781,2053,36,-70,30,23,10,26,19,7,21,50.5,344,57,91,26290.6,0,24,123,0,0,68841,2.0,2210.6042160459206,84.23775875461075,-3.900000000000091,0.09999999999854481,-39.000000000568434,19608,10.893333333333333,2400.2072240052557,92.0,7.891769824131977,-3.0015635092013557
8069122079,8,-21.82882118,-46.66666794,1308.9,-21,724,2295,34,-53,18,23,10,26,19,7,22,50.0,348,20,90,26290.6,0,16,123,0,0,68842,1.0,2406.5830548726135,65.49045732013177,0.40000000000009095,0.0,0.0,6960,1.9333333333333333,2464.04583555945,91.4,2.988571408103009,1.0552380747696757
8069224079,8,-21.82923889,-46.66666794,1308.5,-207,828,1406,27,45,38,23,10,26,19,7,24,50.0,348,24,89,26290.7,0,16,123,0,0,68844,2.0,1644.7701967144226,64.79197481170026,-0.40000000000009095,0.10000000000218279,-3.999999999913598,8352,4.64,2268.4010567565065,90.8,2.2877666858522288,-2.352233314147771
8069325079,8,-21.82943916,-46.66666794,1311.4,-99,906,2663,-37,19,33,23,10,26,19,7,25,50.0,350,9,87,26290.7,0,12,123,0,0,68845,1.0,2814.6413625895575,53.094255809833136,2.900000000000091,0.0,0.0,3150,0.875,2612.666666709452,89.8,1.3306732781072255,0.45567327810722547
8069732079,8,-21.8307457,-46.66666794,1310.3,26,427,1557,-40,-44,-11,23,10,26,19,7,32,50.5,352,2,74,26290.8,0,6,123,0,0,68852,2.0,1614.6993528208277,60.473134530963414,-1.0,0.0,0.0,704,0.39111111111111113,2118.4299316453184,81.0,0.3367422569093588,-0.05436885420175236
8069833079,8,-21.83092117,-46.66666794,1310.1,124,857,1750,-10,30,-5,23,10,26,19,7,33,50.5,351,2,74,26290.9,0,6,123,0,0,68853,1.0,1952.5176055544289,32.01562118716424,-0.20000000000004547,0.10000000000218279,-1.999999999956799,702,0.195,1946.0051802382927,78.4,0.2894336575641994,0.09443365756419941
8069935079,8,-21.83127403,-46.66666794,1310.4,-106,724,1516,45,27,-3,23,10,26,19,7,35,50.5,351,11,72,26290.9,0,14,123,0,0,68855,2.0,1683.3502309382916,52.5642464038057,0.3000000000001819,0.0,0.0,3861,2.145,1764.4662724315222,76.0,2.0301529463802743,-0.11484705361972569
8070036079,8,-21.83144379,-46.66666794,1310.7,-105,903,1765,47,9,-1,23,10,26,19,7,36,50.5,348,27,71,26290.9,0,18,123,0,0,68856,1.0,1985.3611762095077,47.86439177509728,0.2999999999999545,0.0,0.0,9396,2.61,1784.1342151700132,73.8,3.678116412432706,1.068116412432706
8070138079,8,-21.83179092,-46.66666794,1311.5,12,859,2056,3,-51,-44,23,10,26,19,7,38,50.0,346,52,70,26291.0,0,24,123,0,0,68858,2.0,2228.264122585112,67.42403132415029,0.7999999999999545,0.09999999999854481,8.00000000011596,17992,9.995555555555555,1892.8384976216337,72.2,7.8180685071946945,-2.1774870483608604
8070240079,8,-21.83214569,-46.66666794,1310.9,53,823,2252,25,-41,-59,23,10,26,19,7,40,50.0,341,85,72,26291.0,0,30,123,0,0,68860,2.0,2398.2581178847286,76.0723339986358,-0.599999999999909,0.0,0.0,28985,16.102777777777778,2049.5502506344137,71.8,12.63436065064378,-3.468417127133998
8070341079,8,-21.8323307,-46.66666794,1311.4,362,780,1613,-43,-80,-81,23,10,26,19,7,41,50.0,342,79,74,26291.0,0,28,123,0,0,68861,1.0,1827.8985201591472,121.69634341261039,0.5,0.0,0.0,27018,7.505,2024.6264335553576,71.8,11.087926732440637,3.5829267324406375
8070443079,8,-21.83270836,-46.66666794,1311.2,-1,1061,1420,-2,-8,-63,23,10,26,19,7,43,50.0,346,42,77,26291.1,0,22,122,0,0,68863,2.0,1772.6031704811994,63.53739056650029,-0.20000000000004547,0.09999999999854481,-2.0000000000295586,14532,8.073333333333334,2042.4770214639393,72.8,7.4180245289405375,-0.6553088043927966
8070544079,8,-21.83289719,-46.66666794,1310.0,317,672,1564,-15,-5,-71,23,10,26,19,7,44,50.0,348,24,79,26291.1,0,18,122,0,0,68864,1.0,1731.52216272273,72.73926037567333,-1.2000000000000455,0.0,0.0,8352,2.32,1991.7092187665835,74.4,3.727205258716972,1.407205258716972
8070646079,8,-21.83328629,-46.66666794,1308.7,303,950,2407,41,8,-95,23,10,26,19,7,46,50.0,349,15,81,26291.1,0,14,122,0,0,68866,2.0,2605.3709908571564,103.77861051295686,-1.2999999999999545,0.0,0.0,5235,2.908333333333333,2067.1305924209923,76.6,2.4357143891008657,-0.47261894423246753
8070747079,8,-21.83347893,-46.66666794,1308.3,592,866,1419,-47,-30,-47,23,10,26,19,7,47,50.0,350,9,84,26291.2,0,14,122,0,0,68867,1.0,1764.6475568792766,72.92461861401813,-0.40000000000009095,0.10000000000218279,-3.999999999913598,3150,0.875,1940.4084802199018,79.0,1.5637610062757379,0.6887610062757379
8070951079,8,-21.83422089,-46.66666794,1301.9,17,579,1459,16,-13,-81,23,10,26,19,7,51,50.0,351,3,87,26291.3,0,8,122,0,0,68871,2.0,1569.7805579124747,83.58229477586745,-2.699999999999818,0.09999999999854481,-27.000000000391083,1053,0.585,2102.022864353197,83.2,0.793191609782038,0.208191609782038
8071052079,8,-21.83438683,-46.66666794,1299.7,125,849,2085,-32,-42,-38,23,10,26,19,7,52,50.0,351,3,88,26291.3,0,8,123,0,0,68872,1.0,2254.695323098001,65.05382386916237,-2.2000000000000455,0.0,0.0,1053,0.2925,2206.6574964282513,85.0,0.5688872111004758,0.2763872111004758
8071805089,8,-21.83616829,-46.66666794,1288.4,266,812,1334,38,11,-8,23,10,26,19,8,5,50.0,351,2,68,26291.6,0,8,123,0,0,68885,2.0,1584.1893826181263,40.36087214122113,1.800000000000182,0.09999999999854481,18.000000000263753,702,0.39,2145.422849606433,74.6,0.8042535792154524,0.41425357921545236
8071907089,8,-21.83639717,-46.66666794,1289.2,-111,985,1791,5,-72,0,23,10,26,19,8,7,50.0,351,10,65,26291.6,0,12,123,0,0,68887,2.0,2047.0043966733438,72.17340230306452,0.7999999999999545,0.0,0.0,3510,1.95,2019.7207108221605,71.2,2.262589963730907,0.31258996373090686
8072008089,8,-21.83649254,-46.66666794,1289.7,-56,905,2139,3,-22,12,23,10,26,19,8,8,50.0,348,29,62,26291.6,0,18,123,0,0,68888,1.0,2323.2481572143774,25.238858928247925,0.5,0.0,0.0,10092,2.8033333333333332,2047.0091642896696,68.0,4.138632210885185,1.335298877551852
8072110089,8,-21.83670616,-46.66666794,1290.4,-28,899,1695,19,32,-2,23,10,26,19,8,10,50.0,347,38,60,26291.7,0,22,123,0,0,68890,2.0,1918.8564302729894,37.26929030716845,0.7000000000000455,0.10000000000218279,6.99999999984766,13186,7.325555555555556,1977.465284041617,65.2,7.033304950286033,-0.2922506052695226
8072211089,8,-21.83681107,-46.66666794,1291.4,30,746,1534,15,8,-1,23,10,26,19,8,11,50.0,345,54,60,26291.7,0,24,123,0,0,68891,1.0,1706.0398588544172,17.029386365926403,1.0,0.0,0.0,18630,5.175,1915.8676451266506,63.0,8.49149800536144,3.3164980053614395
8072313089,8,-21.83701897,-46.66666794,1291.8,167,951,1911,12,-5,11,23,10,26,19,8,13,50.0,345,56,60,26291.7,0,24,123,0,0,68893,2.0,2141.0770654042326,17.029386365926403,0.3999999999998636,0.0,0.0,19320,10.733333333333333,2027.2451816838723,61.4,8.645425546363517,-2.087907786969815
8072414089,8,-21.83711815,-46.66666794,1293.2,1,979,1717,-45,-23,14,23,10,26,19,8,14,50.0,346,41,59,26291.7,0,22,123,0,0,68894,1.0,1976.494624328637,52.44044240850758,1.400000000000091,0.0,0.0,14186,3.9405555555555556,2013.143227214931,60.2,7.2970232595348525,3.356467703979297
8072516089,8,-21.83732414,-46.66666794,1294.7,33,994,2021,6,-11,11,23,10,26,19,8,16,50.0,345,48,58,26291.8,0,22,123,0,0,68896,2.0,2252.4577687495052,16.673332000533065,1.5,0.09999999999854481,15.000000000218279,16560,9.2,1998.9851495219561,59.4,9.083579919600108,-0.11642008039989094
8072618089,8,-21.83751869,-46.66666794,1295.8,77,636,2126,-42,-110,38,23,10,26,19,8,18,50.0,349,19,55,26291.8,0,16,123,0,0,68898,2.0,2220.428111873924,123.72550262577235,1.099999999999909,0.0,0.0,6631,3.6838888888888888,2059.2994858421434,58.4,2.4438346009291596,-1.2400542879597292
8072719089,8,-21.83760834,-46.66666794,1297.3,-8,987,2048,-25,1,33,23,10,26,19,8,19,50.0,348,29,53,26291.8,0,18,123,0,0,68899,1.0,2273.4416640855334,41.41255848169731,1.5,0.0,0.0,10092,2.8033333333333332,2172.7798468883666,57.0,4.393758270882189,1.5904249375488555
8072821089,8,-21.83779907,-46.66666794,1299.7,-178,971,1841,-41,9,18,23,10,26,19,8,21,50.0,347,33,52,26291.8,0,20,123,0,0,68901,2.0,2088.972474687017,45.67274898667694,2.400000000000091,0.0,0.0,11451,6.361666666666666,2162.3589287449236,55.4,5.858600252731269,-0.5030664139353975
8072922089,8,-21.83789253,-46.66666794,1300.4,189,787,2156,26,52,21,23,10,26,19,8,22,50.0,345,48,52,26291.9,0,22,123,0,0,68902,1.0,2302.91684608889,61.814237842102365,0.7000000000000455,0.10000000000218279,6.99999999984766,16560,4.6,2227.643373096974,54.0,7.11330763452884,2.5133076345288403
8073024089,8,-21.83809662,-46.66666794,1301.6,140,807,2016,0,18,13,23,10,26,19,8,24,50.0,347,27,52,26291.9,0,18,123,0,0,68904,2.0,2176.0296413422316,22.20360331117452,1.199999999999818,0.0,0.0,9369,5.205,2212.357747615519,52.8,4.075514727474862,-1.1294852725251383
8073126089,8,-21.83830833,-46.66666794,1302.0,114,808,1856,-3,-27,21,23,10,26,19,8,26,50.0,349,20,50,26291.9,0,16,123,0,0,68906,2.0,2027.460480502641,34.336569426778794,0.40000000000009095,0.0,0.0,6980,3.8777777777777778,2173.764221341263,51.8,2.9286117834774728,-0.949165994300305
8073227089,8,-21.83841324,-46.66666794,1302.0,35,795,2226,-13,17,-11,23,10,26,19,8,27,50.0,347,32,50,26291.9,0,20,123,0,0,68907,1.0,2363.9640437197854,24.06241883103193,0.0,0.0,0.0,11104,3.0844444444444443,2191.8686972681126,51.2,4.555604355767186,1.4711599113227418
8073329089,8,-21.83861923,-46.66666794,1303.6,-134,775,1594,-10,-10,26,23,10,26,19,8,29,50.0,346,44,50,26292.0,0,22,123,0,0,68909,2.0,1777.47489433747,29.597297173897484,1.599999999999909,0.09999999999854481,16.00000000023192,15224,8.457777777777778,2129.5691811982038,50.8,8.770768761805705,0.3129909840279268
8073430089,8,-21.83872223,-46.66666794,1303.9,0,961,1798,14,23,1,23,10,26,19,8,30,50.0,344,62,51,26292.0,0,28,123,0,0,68910,1.0,2038.7066978847154,26.94438717061496,0.3000000000001819,0.0,0.0,21328,5.924444444444444,2076.727151557369,50.6,11.730023417463775,5.805578973019331
8073532089,8,-21.83893585,-46.66666794,1305.7,-47,951,1650,-24,37,-5,23,10,26,19,8,32,50.0,342,74,53,26292.0,0,28,122,0,0,68912,2.0,1905.0223095806516,44.384682042344295,1.7999999999999545,0.0,0.0,25308,14.06,2022.5256852050527,50.8,12.424935538172553,-1.6350644618274472
8073633089,8,-21.83904839,-46.66666794,1306.5,318,709,2313,57,41,-14,23,10,26,19,8,33,50.0,341,80,55,26292.0,0,28,122,0,0,68913,1.0,2440.0356554771897,71.596089278675,0.7999999999999545,0.0,0.0,27280,7.5777777777777775,2105.0407201999624,51.8,11.8668006466165,4.289022868838723
8073735089,8,-21.8392849,-46.66666794,1307.7,51,936,1530,23,-35,-1,23,10,26,19,8,35,50.0,341,80,57,26292.1,0,28,122,0,0,68915,2.0,1794.323549419112,41.892720131306824,1.2000000000000455,0.09999999999854481,12.000000000175078,27280,15.155555555555555,1991.112621339828,53.2,8.044179974810396,-7.111375580745159
8073837089,8,-21.83952332,-46.66666794,1309.9,-138,966,1786,-6,10,-4,23,10,26,19,8,37,50.0,341,78,59,26292.1,0,28,122,0,0,68917,2.0,2035.1894260731603,12.328828005937952,2.2000000000000455,0.0,0.0,26598,14.776666666666667,2042.6555276869658,55.0,13.107813439203094,-1.6688532274635737
8073938089,8,-21.83964348,-46.66666794,1310.8,-450,1015,1717,-58,-40,6,23,10,26,19,8,38,50.0,347,28,60,26292.1,0,18,122,0,0,68918,1.0,2044.703890542589,70.71067811865476,0.8999999999998636,0.0,0.0,9716,2.698888888888889,2043.8549662185403,56.8,3.4037193878392964,0.7048304989504075
8074040089,8,-21.83989334,-46.66666794,1311.5,46,1073,2248,-42,1,11,23,10,26,19,8,40,50.0,344,53,60,26292.1,0,24,121,0,0,68920,2.0,2491.3749216045344,43.42810150121693,0.7000000000000455,0.0,0.0,18232,10.12888888888889,2161.1254886233173,58.2,7.516681563066067,-2.6122073258228227
8074141089,8,-21.84002304,-46.66666794,1311.3,-91,986,1446,-28,-37,9,23,10,26,19,8,41,50.0,344,51,62,26292.2,0,24,121,0,0,68921,1.0,1752.5390152575776,47.265209192385896,-0.20000000000004547,0.10000000000218279,-1.999999999956799,17544,4.873333333333333,2023.6261605793948,59.6,8.272810406995477,3.399477073662144
8074243089,8,-21.84025955,-46.66666794,1312.5,-107,1070,2089,-6,-11,-3,23,10,26,19,8,43,50.0,344,53,64,26292.2,0,24,121,0,0,68923,2.0,2349.5254840073558,12.884098726725126,1.2000000000000455,0.0,0.0,18232,10.12888888888889,2134.6665474970437,61.0,8.983147219739484,-1.1457416691494053
8074345089,8,-21.8405304,-46.66666794,1311.2,167,821,1939,31,-1,9,23,10,26,19,8,45,49.5,347,20,66,26292.2,0,16,121,0,0,68925,2.0,2112.2620576055424,32.29551052391029,-1.2999999999999545,0.0,0.0,6940,3.8555555555555556,2150.08107380352,62.4,2.876340358002305,-0.9792151975532506
8074446089,8,-21.84066582,-46.66666794,1310.9,33,604,1842,-58,-40,-5,23,10,26,19,8,46,49.5,350,5,65,26292.2,0,12,121,0,0,68926,1.0,1938.7802866751044,70.63285354564121,-0.2999999999999545,0.0,0.0,1750,0.4861111111111111,2128.896353030023,63.4,0.8606724644654702,0.3745613533543591
8074548089,8,-21.84092331,-46.66666794,1313.2,-238,686,2043,-37,-3,-3,23,10,26,19,8,48,49.5,349,10,66,26292.3,0,12,121,0,0,68928,2.0,2168.1994834424254,37.242448899072144,2.2999999999999545,0.09999999999854481,23.00000000033424,3490,1.9388888888888889,2064.261265397601,64.6,2.5883827669379995,0.6494938780491106
8074649089,8,-21.84105682,-46.66666794,1312.0,-94,721,1290,-25,-94,27,23,10,26,19,8,49,49.5,349,10,67,26292.3,0,12,121,0,0,68929,1.0,1480.8028227957968,100.94552986635911,-1.2000000000000455,0.0,0.0,3490,0.9694444444444444,2009.9140269052448,65.6,2.1119995459445025,1.142555101500058
8074751089,8,-21.84133339,-46.66666794,1310.2,3,443,1559,-27,13,3,23,10,26,19,8,51,49.5,350,2,69,26292.3,0,4,121,0,0,68931,2.0,1620.7217528002764,30.116440692751194,-1.7999999999999545,0.0,0.0,700,0.3888888888888889,1864.153280663829,66.6,0.6012221065633039,0.212333217674415
8075910099,8,-21.84373856,-46.66666794,1296.1,-149,713,1733,-3,63,36,23,10,26,19,9,10,50.0,351,2,52,26292.7,0,6,122,0,0,68950,2.0,1879.8561115149212,72.62231062146122,0.09999999999990905,0.0,0.0,702,0.39,2056.5854030103296,56.6,0.7000110993168429,0.3100110993168429
8076012099,8,-21.8439827,-46.66666794,1292.9,39,809,2140,3,8,15,23,10,26,19,9,12,50.0,351,4,52,26292.7,0,8,122,0,0,68952,2.0,2288.1437891880832,17.26267650163207,-3.199999999999818,0.0,0.0,1404,0.78,2026.6974329298166,54.2,0.8106456503367765,0.030645650336776464
8076215099,8,-21.84431267,-46.66666794,1290.7,63,898,1506,28,-76,9,23,10,26,19,9,15,50.0,351,2,50,26292.7,0,6,122,0,0,68955,2.0,1754.5395407342635,81.49233092751734,-0.2999999999999545,0.0,0.0,702,0.39,2019.4994653973959,51.6,0.6720874886965478,0.28208748869654776
8076316099,8,-21.84441376,-46.66666794,1290.6,115,696,1686,-70,-53,-9,23,10,26,19,9,16,50.0,351,9,50,26292.8,0,12,122,0,0,68956,1.0,1827.6315274146482,88.26097665446491,-0.10000000000013642,0.09999999999854481,-1.0000000000159162,3159,0.8775,2020.468121118316,51.0,1.774371891762931,0.896871891762931
8076418099,8,-21.84460449,-46.66666794,1290.3,36,1031,1571,-7,-48,-27,23,10,26,19,9,18,50.0,350,11,50,26292.8,0,12,122,0,0,68958,2.0,1879.4408743027805,55.51576352712804,-0.2999999999999545,0.0,0.0,3850,2.138888888888889,2020.385073675888,50.6,2.260695397732398,0.12180650884350896
8076519099,8,-21.8447113,-46.66666794,1289.1,48,1031,2195,9,-15,-11,23,10,26,19,9,19,50.0,350,8,50,26292.8,0,10,122,0,0,68959,1.0,2425.5494222959055,20.663978319771825,-1.2000000000000455,0.0,0.0,2800,0.7777777777777778,2047.8662002974525,50.2,1.1021127500125831,0.32433497223480534
8076621099,8,-21.84490204,-46.66666794,1290.5,-54,890,1704,-12,-105,11,23,10,26,19,9,21,50.0,351,4,49,26292.8,0,8,122,0,0,68961,2.0,1923.1827786250583,106.25441167311595,1.400000000000091,0.0,0.0,1404,0.78,1962.0688286745312,49.8,0.6480588056325642,-0.1319411943674358
8076723099,8,-21.8450737,-46.66666794,1292.3,-39,851,2129,-66,-19,-43,23,10,26,19,9,23,50.0,351,3,47,26292.9,0,8,122,0,0,68963,2.0,2293.112077505153,81.03085831953157,1.7999999999999545,0.10000000000218279,17.999999999606644,1053,0.585,2069.783336028709,49.2,0.7845104842151116,0.19951048421511164
8076824099,8,-21.84515381,-46.66666794,1293.2,-3,918,2156,16,40,-57,23,10,26,19,9,24,50.0,351,3,44,26292.9,0,8,122,0,0,68964,1.0,2343.303010709456,71.449282711585,0.900000000000091,0.0,0.0,1053,0.2925,2172.917632687671,48.0,0.24098297263798252,-0.051517027362017465
8076926099,8,-21.84531021,-46.66666794,1293.6,-240,569,1109,-37,-49,-60,23,10,26,19,9,26,50.0,351,1,42,26292.9,0,2,122,0,0,68966,2.0,1269.3470762561358,85.84870412533901,0.3999999999998636,0.0,0.0,351,0.195,2050.8988730783417,46.4,0.9896566432727896,0.7946566432727895
8077027099,8,-21.84537697,-46.66666794,1293.7,26,619,1750,-14,-6,-48,23,10,26,19,9,27,50.0,351,3,41,26292.9,0,10,122,0,0,68967,1.0,1856.4312537769881,50.35871324805669,0.10000000000013642,0.0,0.0,1053,0.2925,1937.0752393745584,44.6,0.908565078604682,0.6160650786046821
8077129099,8,-21.8454895,-46.66666794,1293.5,-16,809,1634,-45,-47,-11,23,10,26,19,9,29,50.0,350,18,41,26292.9,0,18,122,0,0,68969,2.0,1823.3740702335328,65.99242380758567,-0.20000000000004547,0.0,0.0,6300,3.5,1917.1134976962535,43.0,4.1794631862335585,0.6794631862335585
8077231099,8,-21.84562111,-46.66666794,1291.0,-66,988,1838,-16,-33,-1,23,10,26,19,9,31,50.0,346,44,44,26293.0,0,22,122,0,0,68971,2.0,2087.760522665375,36.68787265568828,-2.5,0.09999999999854481,-25.000000000363798,15224,8.457777777777778,1876.0431867282975,42.4,7.720565781768756,-0.7372119960090222
8077332099,8,-21.84567451,-46.66666794,1290.6,66,901,1947,0,9,-11,23,10,26,19,9,32,50.0,347,38,48,26293.0,0,20,122,0,2,68972,1.0,2146.3844017323645,14.212670403551895,-0.40000000000009095,0.0,0.0,13186,3.662777777777778,1836.6594649328792,43.2,4.424099741514278,0.7613219637365005
8077434099,8,-21.84579849,-46.66666794,1290.4,40,939,1601,-1,18,-8,23,10,26,19,9,34,50.0,346,39,51,26293.0,0,20,108,0,2,68974,2.0,1856.481079892817,19.72308292331602,-0.1999999999998181,0.0,0.0,13494,7.496666666666667,1954.0862656602155,45.0,4.936217417149328,-2.5604492495173394
8077535099,8,-21.84586334,-46.66666794,1290.2,11,888,1822,-9,-15,-6,23,10,26,19,9,35,50.0,347,35,55,26293.0,0,20,108,0,2,68975,1.0,2026.9062632494872,18.49324200890693,-0.20000000000004547,0.0,0.0,12145,3.373611111111111,1988.1812675547153,47.8,4.717797565821128,1.3441864547100169
8077637099,8,-21.8460083,-46.66666794,1290.3,124,915,1861,7,9,-22,23,10,26,19,9,37,49.5,348,28,59,26293.0,0,18,108,0,2,68977,2.0,2077.479723126077,24.779023386727733,0.09999999999990905,0.0,0.0,9744,5.413333333333333,2039.002398133224,51.4,3.9450882099395144,-1.4682451233938187
8077738099,8,-21.84610748,-46.66666794,1290.5,38,942,1867,-10,5,-7,23,10,26,19,9,38,49.5,348,30,63,26293.1,0,18,108,0,2,68978,1.0,2091.52982288085,13.19090595827292,0.20000000000004547,0.09999999999854481,2.0000000000295586,10440,2.9,2039.756258176319,55.2,4.256101127978297,1.3561011279782975
8077840099,8,-21.84626961,-46.66666794,1292.2,-50,876,1804,-16,-31,9,23,10,26,19,9,40,49.5,348,26,66,26293.1,0,18,108,0,2,68980,2.0,2006.0638075594704,36.02776706930364,1.7000000000000455,0.0,0.0,9048,5.026666666666666,2011.6921393417404,58.8,4.640699205943456,-0.38596746072321064
8077942099,8,-21.84645271,-46.66666794,1294.7,-5,822,1859,-44,-11,-6,23,10,26,19,9,42,49.5,348,22,69,26293.1,0,16,108,0,2,68982,2.0,2032.6312995720596,45.749316934791494,2.5,0.0,0.0,7656,4.253333333333333,2046.9221832775886,62.4,3.5055529432633863,-0.7477803900699467
8078043099,8,-21.84652901,-46.66666794,1295.3,56,876,1956,-22,-2,0,23,10,26,19,9,43,49.5,345,46,73,26293.2,0,24,108,0,2,68983,1.0,2143.9328347688506,22.090722034374522,0.599999999999909,0.10000000000218279,5.999999999868123,15870,4.408333333333333,2070.3274975814616,66.0,8.6695434473874,4.261210114054066
8078145099,8,-21.84671974,-46.66666794,1293.6,-60,932,1703,12,16,1,23,10,26,19,9,45,49.5,348,21,77,26293.2,0,16,108,0,2,68985,2.0,1942.275212218907,20.024984394500787,-1.7000000000000455,0.0,0.0,7308,4.06,2043.2865954000274,69.6,3.1675475955322967,-0.8924524044677029
8078246099,8,-21.84682465,-46.66666794,1292.3,-211,850,1782,-4,12,62,23,10,26,19,9,46,49.5,348,25,80,26293.2,0,18,108,0,2,68986,1.0,1985.584296875859,63.2771680782255,-1.2999999999999545,0.0,0.0,8700,2.4166666666666665,2022.0974901990292,73.0,4.423910745436204,2.007244078769537
8078348099,8,-21.84703255,-46.68333435,1291.6,-264,860,2021,4,18,52,23,10,26,19,9,48,49.5,347,32,83,26293.3,0,18,108,0,2,68988,2.0,2212.17924228576,55.17245689653489,-0.7000000000000455,0.09999999999854481,-7.000000000102318,11104,6.168888888888889,2063.320577144287,76.4,4.492169758546226,-1.6767191303426623
8078551099,8,-21.84746361,-46.68333435,1287.5,-295,952,1929,-5,40,55,23,10,26,19,9,51,49.5,350,7,85,26293.3,0,10,108,0,2,68991,1.0,2171.260002855485,68.19090848492928,-2.2000000000000455,0.0,0.0,2450,0.6805555555555556,2107.366884018532,81.8,1.1147647689661626,0.43420921341060703
8078653099,8,-21.84781837,-46.68333435,1285.3,-302,890,1946,7,12,62,23,10,26,19,9,53,49.5,350,7,87,26293.4,0,10,108,0,2,68993,2.0,2161.0691798274297,63.53739056650029,-2.2000000000000455,0.10000000000218279,-21.99999999952024,2450,1.3611111111111112,2151.1256775402367,83.8,1.155182255626191,-0.20592885548492013
8079710109,8,-21.85120201,-46.68333435,1265.3,-100,892,1846,1,6,18,23,10,26,19,10,10,49.5,352,3,81,26293.8,0,6,122,0,0,69010,1.0,2052.6519432188206,19.0,0.0,0.0,0.0,1056,0.29333333333333333,2150.414685184816,83.2,0.6725298232631061,0.37919648992977273
8079812109,8,-21.85159874,-46.68333435,1263.5,-127,841,1935,-11,-19,16,23,10,26,19,10,12,49.5,351,3,81,26293.8,0,6,122,0,0,69012,2.0,2113.6780738797474,27.16615541441225,-1.7999999999999545,0.0,0.0,1053,0.585,2153.73189311624,82.2,0.532341218113571,-0.05265878188642892
8079913109,8,-21.85179901,-46.68333435,1262.8,-115,859,2009,2,15,28,23,10,26,19,10,13,49.5,351,3,81,26293.9,0,2,122,0,0,69013,1.0,2187.964122192135,31.827660925679098,-0.7000000000000455,0.10000000000218279,-6.99999999984766,1053,0.2925,2156.7579908026064,81.4,0.5930605109801051,0.30056051098010517
8080218109,8,-21.85284233,-46.68333435,1260.7,-15,921,1942,-9,13,12,23,10,26,19,10,18,50.0,348,25,80,26294.0,0,18,122,0,0,69018,1.0,2149.378980077734,19.849433241279208,-2.099999999999909,0.09999999999854481,-21.00000000030468,8700,2.4166666666666665,2131.206008908018,80.4,4.948400377861494,2.531733711194827
8080320109,8,-21.85323906,-46.68333435,1257.6,-4,810,1775,5,11,12,23,10,26,19,10,20,50.0,351,6,81,26294.0,0,10,122,0,0,69020,2.0,1951.087132856962,17.029386365926403,-3.1000000000001364,0.0,0.0,2106,1.17,2098.6878207034606,80.4,0.9588942407393978,-0.21110575926060215
8081945109,8,-21.85755157,-46.68333435,1220.3,252,766,1887,-28,-36,-92,23,10,26,19,10,45,50.0,353,2,67,26294.5,0,6,122,0,0,69045,2.0,2052.0791895051225,102.68398122394748,-6.0,0.0,0.0,706,0.39222222222222225,2112.741044188092,65.0,0.8697924301989141,0.4775702079766918
8082047109,8,-21.85775185,-46.68333435,1218.6,190,803,2073,8,-35,-90,23,10,26,19,10,47,50.0,352,2,69,26294.5,0,6,122,0,0,69047,2.0,2231.196539975804,96.89685237405806,-1.7000000000000455,0.0,0.0,704,0.39111111111111113,2131.876196268094,66.0,0.5396649648086831,0.14855385369757196
8082148109,8,-21.85780907,-46.68333435,1217.9,188,786,1915,46,-6,-103,23,10,26,19,10,48,50.0,352,2,70,26294.6,0,2,122,0,0,69048,1.0,2078.5487725814855,112.96459622377269,-0.6999999999998181,0.09999999999854481,-7.000000000100044,704,0.19555555555555557,2112.32556894382,67.2,0.4114497037818699,0.21589414822631434
8082351109,8,-21.85793114,-46.68333435,1216.9,212,895,1955,25,-73,-56,23,10,26,19,10,51,50.0,352,5,70,26294.6,0,10,122,0,0,69051,1.0,2160.5540955967754,95.34149149242423,-0.6999999999998181,0.0,0.0,1760,0.4888888888888889,2174.814831237424,69.4,0.855876689374047,0.36698780048515817
8082453109,8,-21.85792732,-46.68333435,1214.9,69,780,2190,-6,-48,3,23,10,26,19,10,53,50.0,352,8,71,26294.7,0,12,122,0,0,69053,2.0,2325.7818040392353,48.46648326421054,-2.0,0.10000000000218279,-19.999999999563443,2816,1.5644444444444445,2229.5553541442464,70.2,1.9634861046748522,0.39904166023040766
8082555109,8,-21.85791969,-46.68333435,1215.0,197,767,2116,-14,-12,15,23,10,26,19,10,55,50.0,350,19,72,26294.7,0,16,122,0,0,69055,2.0,2259.3260056928484,23.769728648009426,0.09999999999990905,0.0,0.0,6650,3.6944444444444446,2235.1812472876554,70.8,3.145943645539509,-0.5485007989049357
8082656109,8,-21.85791588,-46.68333435,1214.6,81,749,1832,-7,4,63,23,10,26,19,10,56,50.0,351,13,73,26294.7,0,12,122,0,0,69056,1.0,1980.8548659606538,63.51377803280167,-0.40000000000009095,0.0,0.0,4563,1.2675,2215.642465963489,71.4,1.829887768990135,0.5623877689901349
8082758109,8,-21.85794449,-46.68333435,1214.0,-310,948,2169,-12,18,96,23,10,26,19,10,58,50.0,351,13,73,26294.8,0,14,122,0,0,69058,2.0,2387.3342874427954,98.40731680114035,-0.599999999999909,0.09999999999854481,-6.000000000086402,4563,2.535,2222.7702117464614,71.8,2.714107061214648,0.1791070612146477
8082859109,8,-21.8579731,-46.68333435,1213.6,-404,1056,1819,-5,41,128,23,10,26,19,10,59,50.0,350,22,74,26294.8,0,16,122,0,0,69059,1.0,2141.754654483095,134.49907062875937,-0.40000000000009095,0.0,0.0,7700,2.138888888888889,2219.0103235237257,72.6,2.6564106159516654,0.5175217270627765
8082901119,8,-21.85812378,-46.68333435,1212.9,-435,989,1703,-10,49,101,23,10,26,19,11,1,50.0,349,23,75,26294.8,0,16,122,0,0,69061,2.0,2016.8180383961267,112.70314991161516,-0.6999999999998181,0.0,0.0,8027,4.459444444444444,2157.217570395104,73.4,3.36527304532012,-1.0941713991243245
8083510119,8,-21.85943413,-46.68333435,1209.7,-36,882,1888,-6,17,35,23,10,26,19,11,10,50.0,352,2,68,26295.0,0,8,122,0,0,69070,1.0,2084.169858720733,39.370039370059054,-1.2999999999999545,0.0,0.0,704,0.19555555555555557,2232.260005112763,68.6,0.5251339606898606,0.32957840513430503
8083612119,8,-21.85977554,-46.68333435,1207.5,18,846,1886,-15,-1,-3,23,10,26,19,11,12,50.0,351,13,68,26295.1,0,14,122,0,0,69072,2.0,2067.1323131333415,15.329709716755891,-2.2000000000000455,0.09999999999854481,-22.000000000320597,4563,2.535,2166.7389131992704,68.0,2.2660179996780028,-0.26898200032199737
8083714119,8,-21.86013794,-46.68333435,1204.1,-21,854,1846,-4,17,7,23,10,26,19,11,14,50.0,351,13,70,26295.1,0,14,122,0,0,69074,2.0,2034.0779237777494,18.81488772222678,-3.400000000000091,0.0,0.0,4563,2.535,2098.756267124081,68.4,2.496795484532896,-0.03820451546710402
8083815119,8,-21.86031342,-46.68333435,1205.0,-38,956,1989,-13,-14,7,23,10,26,19,11,15,50.0,351,13,70,26295.1,0,14,122,0,0,69075,1.0,2207.1477068832523,20.346989949375804,0.900000000000091,0.0,0.0,4563,1.2675,2115.096123845834,68.6,2.838080381711935,1.570580381711935
8083917119,8,-21.86068344,-46.68333435,1203.6,90,848,1737,-1,-6,9,23,10,26,19,11,17,50.0,351,13,71,26295.2,0,14,122,0,0,69077,2.0,1935.0382425161524,10.862780491200215,-1.400000000000091,0.10000000000218279,-13.99999999969532,4563,2.535,2065.5132090062457,69.4,2.6443146316494754,0.1093146316494753
8084018119,8,-21.8608532,-46.68333435,1204.3,103,758,1936,0,0,8,23,10,26,19,11,18,50.0,350,19,72,26295.2,0,16,122,0,0,69078,1.0,2081.650547041938,8.0,0.7000000000000455,0.0,0.0,6650,1.8472222222222223,2065.009346670487,70.2,2.988846765990404,1.1416245437681818
8084120119,8,-21.86123085,-46.68333435,1201.5,24,899,1925,19,15,18,23,10,26,19,11,20,50.0,350,22,73,26295.2,0,16,122,0,0,69080,2.0,2124.7122158071197,30.166206257996713,-2.7999999999999545,0.0,0.0,7700,4.277777777777778,2076.5253272052423,71.2,3.1490592342073325,-1.1287185435704452
8084222119,8,-21.86159706,-46.68333435,1198.4,-86,912,1747,-15,10,11,23,10,26,19,11,22,50.0,349,23,74,26295.2,0,16,122,0,0,69082,2.0,1972.599553888219,21.118712081942874,-3.099999999999909,0.0,0.0,8027,4.459444444444444,2064.2296532273363,72.0,2.701129227112656,-1.7583152173317882
8084323119,8,-21.86177635,-46.68333435,1199.5,149,917,2007,-18,-16,9,23,10,26,19,11,23,50.0,348,35,76,26295.3,0,20,122,0,0,69083,1.0,2211.5919605569197,25.709920264364882,1.099999999999909,0.09999999999854481,11.000000000159162,12180,3.3833333333333333,2065.1185039620696,73.2,4.901701998310998,1.518368664977665
8084425119,8,-21.86216736,-46.68333435,1198.9,188,870,1740,-1,6,-2,23,10,26,19,11,25,50.0,348,33,78,26295.3,0,20,122,0,0,69085,2.0,1954.44211988997,6.4031242374328485,-0.599999999999909,0.0,0.0,11484,6.38,2068.9992794368327,74.6,4.485823699974892,-1.8941763000251077
8086803129,8,-21.86906815,-46.68333435,1161.9,199,813,2179,19,-2,-54,23,10,26,19,12,3,50.0,353,2,77,26296.1,0,8,123,0,0,69123,2.0,2334.225995913849,57.28001396647874,-0.599999999999909,0.0,0.0,706,0.39222222222222225,2143.5799863609186,73.8,0.5672397154703858,0.1750174932481635
8086904129,8,-21.86925697,-46.68333435,1161.7,244,719,2212,2,-36,-46,23,10,26,19,12,4,50.0,352,5,78,26296.2,0,8,123,0,0,69124,1.0,2338.6836040815783,58.44655678480983,-0.20000000000004547,0.10000000000218279,-1.999999999956799,1760,0.4888888888888889,2201.0471860085277,75.0,0.6016836261913101,0.11279473730242123
8087006129,8,-21.8696537,-46.68333435,1153.3,158,878,1887,27,-35,-57,23,10,26,19,12,6,50.0,352,6,80,26296.2,0,8,123,0,0,69126,2.0,2087.251063001286,72.131823767322,-8.400000000000091,0.0,0.0,2112,1.1733333333333333,2182.7627545879086,76.6,0.9150428099817685,-0.2582905233515649
8087107129,8,-21.86984062,-46.68333435,1152.2,156,825,1918,13,-5,-55,23,10,26,19,12,7,50.0,352,6,82,26296.2,0,8,123,0,0,69127,1.0,2093.7251491062525,56.73623181001713,-1.099999999999909,0.0,0.0,2112,0.5866666666666667,2181.4735953245086,78.4,0.8586717428392916,0.2720050761726249
8087209129,8,-21.87020111,-46.68333435,1151.0,145,642,1661,14,-23,-50,23,10,26,19,12,9,50.0,353,2,84,26296.3,0,6,123,0,0,69129,2.0,1786.6476989042915,56.789083458002736,-1.2000000000000455,0.09999999999854481,-12.000000000175078,706,0.39222222222222225,2128.1067022014513,80.2,0.4518718036269658,0.059649581404743524
8089548129,8,-21.87486649,-46.68333435,1100.4,-446,905,1845,14,46,106,23,10,26,19,12,48,50.5,353,2,58,26297.1,0,8,124,0,0,69168,6.0,2102.8471176003263,116.3958762156117,-8.899999999999864,0.09999999999854481,-89.00000000129376,706,1.1766666666666667,2215.5165227176794,63.8,0.7826900813407529,-0.39397658532591384
8089650129,8,-21.87514114,-46.68333435,1097.4,-108,914,2359,20,38,64,23,10,26,19,12,50,50.5,353,2,59,26297.2,0,8,124,0,0,69170,2.0,2532.181075673697,77.07139547199077,-3.0,0.10000000000218279,-29.999999999345164,706,0.39222222222222225,2298.7339764535413,60.8,0.4902321567877974,0.09800993456557516
8089751129,8,-21.87528419,-46.68333435,1097.2,-333,698,2057,3,-3,9,23,10,26,19,12,51,50.5,353,2,60,26297.2,0,6,124,0,0,69171,1.0,2197.5763923013005,9.9498743710662,-0.20000000000004547,0.0,0.0,706,0.19611111111111112,2241.9992372815605,59.6,0.8290899933167301,0.6329788822056189
8089853129,8,-21.8755722,-46.68333435,1097.1,24,627,1905,-6,-9,2,23,10,26,19,12,53,50.5,353,2,61,26297.2,0,6,124,0,0,69173,2.0,2005.6744501538628,11.0,-0.10000000000013642,0.0,0.0,706,0.39222222222222225,2145.388569823368,59.6,0.44882568913544313,0.05660346691322088
8089954129,8,-21.87572098,-46.68333435,1097.2,200,832,1852,-20,-23,15,23,10,26,19,12,54,50.5,353,2,62,26297.2,0,6,124,0,0,69174,1.0,2040.12940766021,33.97057550292606,0.10000000000013642,0.0,0.0,706,0.19611111111111112,2175.6816886778793,60.0,0.5155004719074673,0.31938936079635616
8090504139,8,-21.87723923,-46.68333435,1085.1,107,955,1950,7,-38,-29,23,10,26,19,13,4,50.5,353,7,62,26297.4,0,10,124,0,0,69184,2.0,2173.9305416687075,48.31148931672465,-0.40000000000009095,0.0,0.0,2471,1.3727777777777779,2026.684430164961,61.4,0.9751050132337287,-0.3976727645440492
8090605139,8,-21.87739182,-46.68333435,1083.8,126,1026,2183,47,-2,-3,23,10,26,19,13,5,50.5,353,7,63,26297.4,0,10,124,0,0,69185,1.0,2415.375954173594,47.138094997570704,-1.2999999999999545,0.0,0.0,2471,0.6863888888888889,2092.0687305076794,61.6,1.3301022369403213,0.6437133480514323
8090707139,8,-21.87770844,-46.68333435,1084.5,-80,746,1679,16,21,-4,23,10,26,19,13,7,50.5,352,7,65,26297.5,0,10,124,0,0,69187,2.0,1839.0097879021744,26.70205984563738,0.7000000000000455,0.09999999999854481,7.000000000102318,2464,1.3688888888888888,2035.3609473282584,62.4,1.1741092521700955,-0.19477963671879328
8090809139,8,-21.87803459,-46.68333435,1084.0,-15,1076,1826,-46,27,1,23,10,26,19,13,9,50.5,353,1,66,26297.5,0,0,124,0,0,69189,2.0,2119.4992333096043,53.34791467339656,-0.5,0.0,0.0,353,0.19611111111111112,2107.79705475098,63.4,0.9470606401177516,0.7509495290066405
8091520139,8,-21.87953949,-46.68333435,1079.8,44,893,1771,20,-9,-3,23,10,26,19,13,20,50.5,353,2,46,26297.7,0,6,124,0,0,69200,2.0,1983.89163010483,22.135943621178654,-1.900000000000091,0.10000000000218279,-18.99999999958618,706,0.39222222222222225,1968.5079615430454,48.6,0.6543619071452275,0.2621396849230052
8091621139,8,-21.87965202,-46.68333435,1078.6,15,1072,2294,25,4,8,23,10,26,19,13,21,50.5,353,2,47,26297.7,0,4,124,0,0,69201,1.0,2532.1621196124074,26.551836094703507,-1.2000000000000455,0.0,0.0,706,0.19611111111111112,2145.801752060088,47.6,0.3262737195853025,0.13016260847419137
8091723139,8,-21.87988472,-46.68333435,1078.6,-254,727,1648,-4,2,-7,23,10,26,19,13,23,50.5,353,1,48,26297.7,0,2,124,0,0,69203,2.0,1819.0516760114322,8.306623862918075,0.0,0.0,0.0,353,0.19611111111111112,2082.62749737651,47.0,0.595831436340386,0.3997203252292749
8092637139,8,-21.8812027,-46.68333435,1065.8,-278,807,1537,-20,-58,6,23,10,26,19,13,37,50.5,353,2,52,26297.9,0,6,124,0,0,69217,1.0,1758.0961293399175,61.644140029689765,-0.40000000000009095,0.0,0.0,706,0.19611111111111112,2052.0467645970466,50.2,0.7599259267492124,0.5638148156381013
8092739139,8,-21.88130188,-46.68333435,1065.1,52,904,1936,-7,17,-2,23,10,26,19,13,39,50.5,353,2,53,26297.9,0,4,124,0,0,69219,2.0,2137.291744240828,18.49324200890693,-0.7000000000000455,0.0,0.0,706,0.39222222222222225,1996.9228510277044,51.0,0.5387760586046542,0.1465538363824319
8093958139,8,-21.88271332,-46.68333435,1059.2,-13,709,2332,22,40,68,23,10,26,19,13,58,50.5,353,2,53,26298.2,0,6,124,0,0,69238,2.0,2437.4318452010098,81.90238091777309,-2.599999999999909,0.0,0.0,706,0.39222222222222225,1960.1271540021316,51.8,0.9046658044815242,0.512443582259302
8094059139,8,-21.8828373,-46.68333435,1058.9,274,795,2233,13,7,20,23,10,26,19,13,59,50.5,353,2,54,26298.2,0,6,124,0,0,69239,1.0,2386.0825635337937,24.859605789312106,-0.2999999999999545,0.0,0.0,706,0.19611111111111112,2123.2284012409414,52.2,0.7900520078354797,0.5939408967243686
8094101149,8,-21.88310051,-46.68333435,1058.2,224,729,2056,-16,10,24,23,10,26,19,14,1,50.5,353,2,55,26298.3,0,6,124,0,0,69241,2.0,2192.8869099887484,30.528675044947494,-0.7000000000000455,0.09999999999854481,-7.000000000102318,706,0.39222222222222225,2145.5226584305865,53.0,0.6221476786280452,0.22992545640582296
8094203149,8,-21.88337517,-46.68333435,1054.6,-335,1029,1698,30,1,0,23,10,26,19,14,3,50.5,353,2,56,26298.3,0,6,124,0,0,69243,2.0,2013.5217902967925,30.01666203960727,-3.6000000000001364,0.0,0.0,706,0.39222222222222225,2230.0910707057565,54.0,0.6778089367241713,0.28558671450194906
8094304149,8,-21.88350868,-46.68333435,1053.5,-6,1136,2364,15,-41,13,23,10,26,19,14,4,50.5,353,2,57,26298.3,0,6,124,0,0,69244,1.0,2622.790117413134,45.552167895721496,-1.099999999999909,0.0,0.0,706,0.19611111111111112,2330.5426452866955,55.0,0.6163038764759635,0.4201927653648524
8094406149,8,-21.88379097,-46.68333435,1050.9,-144,991,1452,-39,-22,6,23,10,26,19,14,6,50.5,353,2,58,26298.3,0,6,124,0,0,69246,2.0,1763.8370106106743,45.17742799230607,-2.599999999999909,0.0,0.0,706,0.39222222222222225,2195.823678368629,56.0,1.0613479765875276,0.6691257543653053
8094507149,8,-21.88393784,-46.68333435,1050.0,9,758,1558,7,3,-2,23,10,26,19,14,7,50.5,353,2,59,26298.4,0,6,124,0,0,69247,1.0,1732.630658853756,7.874007874011811,-0.900000000000091,0.10000000000218279,-8.999999999804459,706,0.19611111111111112,2065.1332974326206,57.0,0.5720862620853051,0.375975150974194
8095625149,8,-21.88630295,-46.70000076,1034.2,293,782,2431,-7,-44,34,23,10,26,19,14,25,50.5,353,2,52,26298.6,0,10,125,0,0,69265,2.0,2570.4345936047466,56.04462507680822,-1.0,0.0,0.0,706,0.39222222222222225,2073.9967600702685,50.0,1.220182516318184,0.8279602940959618
8095726149,8,-21.88643646,-46.70000076,1032.2,-364,1047,1616,5,-18,69,23,10,26,19,14,26,50.5,353,4,54,26298.6,0,8,125,0,0,69266,1.0,1959.6328737801884,71.48426400264607,-2.0,0.0,0.0,1412,0.39222222222222225,2072.504677414129,51.0,0.8422393594958933,0.4500171372736711
8095828149,8,-21.88670158,-46.70000076,1031.1,-6,882,1506,-14,-30,64,23,10,26,19,14,28,50.5,353,2,56,26298.7,0,6,125,0,0,69268,2.0,1745.2782013192052,72.05553413860729,-1.1000000000001364,0.10000000000218279,-10.999999999761258,706,0.39222222222222225,2002.3577890596425,52.4,0.6257945439471285,0.23357232172490627
8101910169,8,-21.89842415,-46.68333435,960.2,82,1058,1885,3,13,5,23,10,26,19,16,10,51.0,354,3,42,26300.1,0,10,126,0,0,69370,2.0,2163.1719765196663,14.247806848775006,-0.5,0.0,0.0,1062,0.59,2083.1015285472286,43.2,0.9273895836973638,0.3373895836973638
8102011169,8,-21.89852524,-46.68333435,956.7,-62,1195,2335,-22,-50,12,23,10,26,19,16,11,51.0,350,30,45,26300.2,0,20,126,0,0,69371,1.0,2623.755705091463,55.92852581643825,-3.5,0.10000000000218279,-34.999999999236024,10500,2.9166666666666665,2198.158637390289,43.2,6.7408971334998915,3.824230466833225
8102113169,8,-21.8987236,-46.68333435,956.5,349,903,1764,-38,10,56,23,10,26,19,16,13,51.0,350,31,49,26300.2,0,20,126,0,0,69373,2.0,2012.1893549067395,68.41052550594829,-0.20000000000004547,0.0,0.0,10850,6.027777777777778,2233.636946566797,44.2,5.1540377755821165,-0.8737400021956612
8102214169,8,-21.89883804,-46.68333435,957.0,-30,1262,2107,-24,22,99,23,10,26,19,16,14,51.0,347,47,54,26300.2,0,20,125,0,0,69374,1.0,2456.2151778702128,104.21612159354233,0.5,0.0,0.0,16309,4.530277777777778,2342.671609652743,46.4,4.456099404308634,-0.07417837346914435
8102316169,8,-21.89910507,-46.68333435,956.1,-242,950,1831,-22,28,131,23,10,26,19,16,16,51.0,349,38,57,26300.2,0,20,125,0,0,69376,2.0,2076.92681623595,135.7534529947581,-0.8999999999999773,0.0,0.0,13262,7.3677777777777775,2266.4518061248064,49.4,4.819478987456559,-2.548298790321218
8103637169,8,-21.90207672,-46.68333435,947.5,-212,975,2396,3,-10,-3,23,10,26,19,16,37,51.0,354,3,47,26300.6,0,18,126,0,0,69397,2.0,2595.4546807833112,10.862780491200215,-1.0,0.09999999999854481,-10.00000000014552,1062,0.59,2110.272284241699,50.0,3.9027015169027996,3.3127015169028
8103738169,8,-21.90219688,-46.68333435,947.5,74,1082,2241,-72,-17,-5,23,10,26,19,16,38,51.0,330,208,55,26300.6,0,48,126,0,0,69398,1.0,2489.6347121616054,74.14849964766651,0.0,0.0,0.0,68640,19.066666666666666,2172.0975412840185,50.4,20.44792178702819,1.3812551203615229
8103840169,8,-21.9024601,-46.68333435,947.7,310,969,1616,-27,-7,-29,23,10,26,19,16,40,51.0,325,239,68,26300.6,0,48,125,0,0,69400,2.0,1909.5855571301329,40.23679907746142,0.20000000000004547,0.0,0.0,77675,43.15277777777778,2173.4679932844233,53.6,24.10069007269505,-19.05208770508273
8103941169,8,-21.90262604,-46.68333435,946.0,578,880,2189,-5,-64,-83,23,10,26,19,16,41,51.0,332,174,75,26300.6,0,38,125,0,0,69401,1.0,2429.0337585138664,104.9285471165974,-1.7000000000000455,0.0,0.0,57768,16.046666666666667,2293.591494071872,58.6,19.456985754732052,3.4103190880653855
8104043169,8,-21.90299988,-46.68333435,947.0,224,1014,1338,38,-10,-75,23,10,26,19,16,43,50.5,337,124,79,26300.7,0,36,125,0,0,69403,2.0,1693.6989106685994,84.66994744299774,1.0,0.10000000000218279,9.999999999781721,41788,23.215555555555557,2223.481523851503,64.8,16.941482102925523,-6.274073452630034
8104144169,8,-21.9031868,-46.68333435,947.4,-134,595,1610,-34,-33,54,23,10,26,19,16,44,50.5,349,2,78,26300.7,0,12,125,0,0,69404,1.0,1721.6506614293157,71.84010022264724,0.39999999999997726,0.0,0.0,698,0.1938888888888889,2048.720719980704,71.0,2.005004999820201,1.8111161109313119
8104246169,8,-21.90355873,-46.68333435,951.4,-270,1411,1859,28,21,90,23,10,26,19,16,46,50.5,322,234,83,26300.7,0,50,125,0,0,69406,2.0,2349.40460542666,96.56603957913983,4.0,0.0,0.0,75348,41.86,2020.6746986337153,76.6,38.09076606789119,-3.7692339321088113
8104348169,8,-21.90396881,-46.68333435,951.6,-183,1293,2009,-21,-9,73,23,10,26,19,16,48,50.5,321,264,90,26300.8,0,56,124,0,0,69408,2.0,2396.1258314203783,76.49182962905255,0.20000000000004547,0.09999999999854481,2.0000000000295586,84744,47.08,2117.982753491764,81.0,28.717301473364685,-18.362698526635313
8104449169,8,-21.90419388,-46.68333435,952.3,6,1337,1687,25,23,90,23,10,26,19,16,49,50.5,323,188,96,26300.8,0,42,124,0,0,69409,1.0,2152.5738082583835,96.1977130705299,0.6999999999999318,0.0,0.0,60724,16.86777777777778,2062.6907634406675,85.2,21.456781468307437,4.589003690529658
8104551169,8,-21.90466499,-46.68333435,953.1,343,951,1677,-10,19,-1,23,10,26,19,16,51,50.5,339,96,97,26300.9,0,30,124,0,0,69411,2.0,1958.1570417103935,21.494185260204677,0.8000000000000682,0.10000000000218279,7.999999999826059,32544,18.08,2115.5823896490265,88.8,10.803477377881872,-7.276522622118126
8104652169,8,-21.90490532,-46.68333435,951.9,-75,1032,1846,-81,1,30,23,10,26,19,16,52,50.5,340,82,98,26300.9,0,28,124,0,0,69412,1.0,2116.2147811599843,86.38286867197685,-1.2000000000000455,0.0,0.0,27880,7.7444444444444445,2194.49521359516,92.8,12.250880364498098,4.5064359200536535
8104957169,8,-21.90605736,-46.68333435,952.4,27,690,1895,12,6,1,23,10,26,19,16,57,50.5,350,6,87,26301.0,0,10,124,0,0,69417,1.0,2016.8921637013716,13.45362404707371,0.6999999999999318,0.0,0.0,2100,0.5833333333333334,1991.126009151861,93.2,0.790868136841696,0.20753480350836262
8105059169,8,-21.90649033,-46.68333435,953.1,-134,960,2293,-13,23,-7,23,10,26,19,16,59,50.5,350,6,85,26301.1,0,10,124,0,0,69419,2.0,2489.458776521515,27.331300737432898,0.7000000000000455,0.09999999999854481,7.000000000102318,2100,1.1666666666666667,2097.386356114085,90.8,1.0795874372848893,-0.08707922938177748
8105100179,8,-21.90670013,-46.68333435,953.4,-118,653,1598,-42,-85,12,23,10,26,19,17,0,50.5,350,6,82,26301.1,0,10,124,0,0,69420,1.0,1730.2996850256893,95.56673061269805,0.2999999999999545,0.0,0.0,2100,0.5833333333333334,2020.203336887226,87.6,0.8848362403200731,0.30150290698673976
8105202179,8,-21.90710831,-46.68333435,954.6,-464,1111,1858,-36,-56,-16,23,10,26,19,17,2,50.5,335,182,84,26301.1,0,44,123,0,0,69422,2.0,2213.996612463533,68.46897107449476,1.2000000000000455,0.0,0.0,60970,33.87222222222222,2145.10399628114,85.6,23.469748878735636,-10.402473343486584
8105303179,8,-21.90731049,-46.68333435,955.5,327,759,1855,-19,-55,-57,23,10,26,19,17,3,50.0,341,79,86,26301.2,0,30,123,0,0,69423,1.0,2030.7720206857293,81.4555093287127,0.8999999999999773,0.10000000000218279,8.999999999803322,26939,7.483055555555556,2096.283851679568,84.8,10.941481435968798,3.458425880413243
8105405179,8,-21.90774345,-46.68333435,956.2,257,958,1739,50,-24,-53,23,10,26,19,17,5,50.0,346,27,87,26301.2,0,18,123,0,0,69425,2.0,2001.9825174061834,76.71375365604267,0.7000000000000455,0.0,0.0,9342,5.19,2093.30192242053,84.8,4.2534614084161815,-0.9365385915838189
8105507179,8,-21.90817833,-46.68333435,957.5,387,1383,2820,71,16,-68,23,10,26,19,17,7,50.0,331,171,89,26301.3,0,42,123,0,0,69427,2.0,3164.6260442586263,99.60421677820673,1.2999999999999545,0.09999999999854481,13.00000000018872,56601,31.445,2228.335375967952,85.6,25.837022474577076,-5.607977525422925
8106322179,8,-21.91104507,-46.68333435,944.7,-296,865,1888,-23,-18,62,23,10,26,19,17,22,50.0,351,3,92,26301.7,0,8,122,0,0,69442,2.0,2097.70946510712,68.53466276272175,-3.099999999999909,0.10000000000218279,-30.999999999322426,1053,0.585,2205.0721814211233,92.4,0.5862815367538426,0.0012815367538426825
8106423179,8,-21.91123009,-46.68333435,945.2,-289,934,2198,-19,4,56,23,10,26,19,17,23,50.0,350,10,92,26301.7,0,12,122,0,0,69443,1.0,2405.635259136347,59.270566050949775,0.5,0.0,0.0,3500,0.9722222222222222,2232.365563276673,92.0,1.9515750268091776,0.9793528045869554
8106931179,8,-21.91300964,-46.68333435,938.8,-526,750,1681,-31,-52,37,23,10,26,19,17,31,50.0,351,3,92,26301.9,0,6,123,0,0,69451,1.0,1914.402517758478,70.95068710026705,-1.0,0.0,0.0,1053,0.2925,2095.174551368715,92.2,0.7721765180580055,0.4796765180580055
8107033179,8,-21.91347122,-46.68333435,936.3,-397,889,1557,41,23,16,23,10,26,19,17,33,50.0,351,6,95,26301.9,0,10,123,0,0,69453,2.0,1836.349367631334,49.658836071740545,-2.5,0.0,0.0,2106,1.17,2081.616799846588,92.6,1.3966950889706717,0.2266950889706718
8107135179,8,-21.91393661,-46.68333435,935.0,204,746,2883,50,16,27,23,10,26,19,17,35,50.0,346,48,96,26302.0,0,22,123,0,0,69455,2.0,2984.932327541112,59.033888572581766,-1.2999999999999545,0.09999999999854481,-13.00000000018872,16608,9.226666666666667,2271.9220142502136,93.4,7.78979036720555,-1.4368762994611162
8107236179,8,-21.91417503,-46.68333435,934.7,-128,764,1617,8,-17,10,23,10,26,19,17,36,50.0,346,46,98,26302.0,0,22,122,0,0,69456,1.0,1792.977690881847,21.283796653792763,-0.2999999999999545,0.0,0.0,15916,4.421111111111111,2104.5276665922643,94.6,6.542533258676795,2.121422147565684
8107338179,8,-21.91468048,-46.68333435,934.1,-228,1012,2094,-24,29,0,23,10,26,19,17,38,50.0,345,54,99,26302.1,0,24,122,0,0,69458,2.0,2336.8705569628796,37.64306044943742,-0.6000000000000227,0.09999999999854481,-6.000000000087539,18630,10.35,2173.1064921551306,96.0,8.234009298814385,-2.1159907011856145
8107439179,8,-21.91492653,-46.68333435,931.3,-76,865,1942,-8,23,4,23,10,26,19,17,39,50.0,344,62,98,26302.1,0,26,122,0,0,69459,1.0,2127.2905302285344,24.677925358506133,-2.800000000000068,0.0,0.0,21328,5.924444444444444,2215.6840946491416,97.2,8.712455800226987,2.788011355782543
8107541179,8,-21.915411,-46.68333435,929.0,482,764,2718,4,2,-6,23,10,26,19,17,41,50.0,339,104,99,26302.1,0,32,122,0,0,69461,2.0,2864.1829550501834,7.483314773547883,-2.2999999999999545,0.0,0.0,35256,19.586666666666666,2421.250812132911,98.0,14.272896194693955,-5.3137704719727115
8107642179,8,-21.91566467,-46.68333435,928.7,136,906,2503,-20,-26,2,23,10,26,19,17,42,50.0,337,119,100,26302.2,0,34,122,0,0,69462,1.0,2665.396968558342,32.863353450309965,-0.2999999999999545,0.10000000000218279,-2.9999999999340616,40103,11.139722222222222,2357.3437403363573,98.8,18.192076140277955,7.052353918055733
8107744179,8,-21.91616249,-46.68333435,930.6,-130,949,1904,-30,-110,18,23,10,26,19,17,44,50.0,337,121,101,26302.2,0,34,122,0,0,69464,2.0,2131.365055545389,115.4296322440646,1.8999999999999773,0.0,0.0,40777,22.65388888888889,2425.021213269066,99.4,19.919917247723426,-2.733971641165464
8107947179,8,-21.91691971,-46.68333435,932.6,-203,714,1783,-5,22,15,23,10,26,19,17,47,50.0,350,6,96,26302.3,0,10,122,0,0,69467,1.0,1931.3451271070119,27.09243436828813,0.8999999999999773,0.0,0.0,2100,0.5833333333333334,2420.482921033063,99.2,1.5715406756413186,0.9882073423079852
8108049179,8,-21.91739273,-46.68333435,934.6,-173,720,1339,-8,-27,57,23,10,26,19,17,49,50.0,348,18,94,26302.4,0,16,122,0,0,69469,2.0,1530.1143748099355,63.57672530100933,2.0,0.10000000000218279,19.999999999563443,6264,3.48,2153.669204985013,98.2,1.2845078251194513,-2.195492174880549
8108455179,8,-21.91868782,-46.68333435,931.9,-851,949,1831,7,-6,53,23,10,26,19,17,55,50.0,351,3,89,26302.5,0,8,122,0,0,69475,1.0,2231.0004482294485,53.79591062525106,-0.8000000000000682,0.0,0.0,1053,0.2925,2003.8341920000516,90.6,0.7757004200210519,0.4832004200210519
8108903189,8,-21.92016983,-46.68333435,924.6,903,585,2461,-56,-145,-186,23,10,26,19,18,3,50.0,352,3,74,26302.7,0,8,122,0,0,69483,2.0,2685.917906414863,242.3984323381651,-0.5,0.0,0.0,1056,0.5866666666666667,2440.2823506397035,82.8,0.2553486116568461,-0.3313180550098206
8109005189,8,-21.9205265,-46.68333435,924.6,720,834,1585,-47,-99,-136,23,10,26,19,18,5,50.0,344,66,76,26302.7,0,26,122,0,0,69485,2.0,1930.3318367576078,174.6596690710251,0.0,0.0,0.0,22704,12.613333333333333,2348.8777974107147,80.0,7.163611772507622,-5.4497215608257115
8109208189,8,-21.92102242,-46.68333435,924.0,-267,822,2076,-49,20,42,23,10,26,19,18,8,50.0,352,2,75,26302.8,0,10,122,0,0,69488,2.0,2248.7216368416966,67.56478372643548,-1.3999999999999773,0.0,0.0,704,0.39111111111111113,2216.111985584278,75.8,0.9889083362546945,0.5977972251435835
8109309189,8,-21.92117882,-46.68333435,923.3,-598,1037,2080,-4,72,105,23,10,26,19,18,9,50.0,348,13,77,26302.8,0,2,122,0,0,69489,1.0,2399.869371445038,127.37739202856997,-0.7000000000000455,0.0,0.0,4524,1.2566666666666666,2231.943769560416,75.8,0.0,-1.2566666666666666
8109411189,8,-21.92155838,-46.68333435,917.5,-14,997,1806,0,33,83,23,10,26,19,18,11,50.0,351,2,79,26302.9,0,6,122,0,0,69491,2.0,2062.968976984385,89.31965069345043,-5.7999999999999545,0.10000000000218279,-57.99999999873353,702,0.39,2107.3539836743207,76.8,0.576810670853258,0.18681067085325798
8109513189,8,-21.92196083,-46.68333435,914.0,-223,1015,1801,-4,3,12,23,10,26,19,18,13,50.0,348,31,82,26302.9,0,20,122,0,0,69493,2.0,2079.3159933016436,13.0,-3.5,0.0,0.0,10788,5.993333333333333,2137.1508149831275,78.0,6.1823421434510415,0.18900881011770831
8109614189,8,-21.92216873,-46.68333435,913.3,-139,862,1439,0,3,-3,23,10,26,19,18,14,50.0,350,13,84,26303.0,0,12,122,0,0,69494,1.0,1683.1773525092358,4.242640687119285,-0.7000000000000455,0.09999999999854481,-7.000000000102318,4550,1.2638888888888888,2094.8106662164,79.4,1.2330103320200207,-0.03087855686886809
8110020189,8,-21.92339516,-46.68333435,911.2,-386,968,1162,55,152,132,23,10,26,19,18,20,50.0,347,39,77,26303.1,0,20,122,0,0,69500,1.0,1560.8536126107406,208.6935552430884,-0.7999999999999545,0.0,0.0,13533,3.7591666666666668,1680.1742575811836,80.8,5.890773304934348,2.1316066382676815
8110122189,8,-21.92376518,-46.68333435,911.3,-320,1208,1664,-20,92,112,23,10,26,19,18,22,50.0,344,68,79,26303.1,0,26,122,0,0,69502,2.0,2080.9997597308848,146.31472926537506,0.09999999999990905,0.0,0.0,23392,12.995555555555555,1759.7387390255135,79.8,7.994673614171433,-5.0008819413841215
8110224189,8,-21.92397499,-46.68333435,911.6,-28,801,1368,31,69,19,23,10,26,19,18,24,50.0,345,57,81,26303.2,0,24,123,0,0,69504,2.0,1585.499605802537,77.99358948016176,0.3000000000000682,0.10000000000218279,2.9999999999351985,19665,10.925,1645.013417755706,79.2,6.215171475771559,-4.709828524228442
8110325189,8,-21.92409706,-46.68333435,911.6,-96,855,1632,-28,-33,3,23,10,26,19,18,25,50.0,348,31,82,26303.2,0,18,122,0,0,69505,1.0,1844.902436444811,43.382023926967726,0.0,0.0,0.0,10788,2.9966666666666666,1698.288219318231,79.2,4.071885375756027,1.0752187090893606
8110427189,8,-21.92434883,-46.68333435,911.3,97,1126,1668,-17,-42,-9,23,10,26,19,18,27,50.0,349,12,82,26303.2,0,10,122,0,0,69507,2.0,2014.8223246728232,46.195237849804386,-0.3000000000000682,0.0,0.0,4188,2.3266666666666667,1817.4155478523594,80.2,1.0865582607334534,-1.2401084059332133
8110528189,8,-21.92447472,-46.68333435,911.2,237,458,1360,-20,-85,-83,23,10,26,19,18,28,50.0,350,6,81,26303.3,0,10,122,0,0,69508,1.0,1454.487194855974,120.47406359876801,-0.09999999999990905,0.09999999999854481,-1.0000000000136424,2100,0.5833333333333334,1796.142264301406,81.0,1.0414881535012537,0.4581548201679203
8110630189,8,-21.92474747,-46.68333435,911.7,508,410,1938,17,-61,-117,23,10,26,19,18,30,50.0,350,12,80,26303.3,0,14,122,0,0,69510,2.0,2044.9958435165584,133.03758867327684,0.5,0.0,0.0,4200,2.3333333333333335,1788.9414810585408,81.2,2.485000474365618,0.15166714103228474
8110732189,8,-21.92509842,-46.68333435,909.3,309,809,2763,-15,-51,-125,23,10,26,19,18,32,50.0,349,30,79,26303.3,0,18,122,0,0,69512,2.0,2895.5363924495923,135.834458073053,-2.400000000000091,0.0,0.0,10470,5.816666666666666,2050.9488383879516,80.8,4.88236849921651,-0.934298167450156
8110833189,8,-21.92528343,-46.68333435,908.9,895,290,2304,23,-10,-127,23,10,26,19,18,33,50.0,347,31,79,26303.4,0,20,122,0,0,69513,1.0,2488.682583215465,129.4526940623485,-0.39999999999997726,0.10000000000218279,-3.999999999912461,10757,2.9880555555555555,2179.7048677420826,80.2,5.800932451074979,2.812876895519423
8110935189,8,-21.92562866,-46.68333435,907.4,51,926,1419,4,5,-56,23,10,26,19,18,35,50.0,347,37,79,26303.4,0,20,122,0,0,69515,2.0,1695.180816314295,56.36488268416781,-1.5,0.0,0.0,12839,7.132777777777778,2115.776566070377,79.6,5.514075405485629,-1.618702372292149
8111036189,8,-21.92586136,-46.68333435,907.0,219,853,2166,5,-74,-12,23,10,26,19,18,36,50.0,347,30,80,26303.5,0,18,122,0,0,69516,1.0,2338.1886151463486,75.13321502504735,-0.39999999999997726,0.09999999999854481,-4.00000000005798,10410,2.8916666666666666,2292.516850128452,79.4,3.841598592867015,0.9499319262003483
8111140189,8,-21.92663002,-46.68333435,906.9,-42,813,1922,-32,3,-7,23,10,26,19,18,40,50.0,348,24,79,26303.5,0,18,122,0,0,69520,4.0,2087.29897235638,32.89376840679705,-0.10000000000002274,0.0,0.0,8352,9.28,2300.9774758964163,79.2,4.462594549877145,-4.8174054501228545
8111547189,8,-21.92800522,-46.68333435,899.3,48,848,2187,46,-8,11,23,10,26,19,18,47,50.0,348,42,71,26303.7,0,22,122,0,0,69527,2.0,2346.140873860732,47.968739820845826,-2.0,0.10000000000218279,-19.999999999563443,14616,8.12,2178.460832832798,75.6,8.007199972702113,-0.11280002729788663
8111648189,8,-21.92817879,-46.68333435,897.5,-63,890,1819,1,9,9,23,10,26,19,18,48,50.0,346,52,74,26303.7,0,24,122,0,0,69528,1.0,2026.0380055665294,12.767145334803704,-1.7999999999999545,0.0,0.0,17992,4.997777777777777,2166.2086394748276,74.6,8.139877633830858,3.142099856053081
8111750189,8,-21.92854691,-46.68333435,894.5,58,826,1698,-24,11,12,23,10,26,19,18,50,50.0,347,41,75,26303.7,0,20,122,0,0,69530,2.0,1889.1384279612757,29.0,-3.0,0.0,0.0,14227,7.903888888888889,2115.418919914189,73.8,5.69051973951989,-2.213369149368999
8112909199,8,-21.93055344,-46.68333435,891.1,-26,793,1851,-5,-5,-6,23,10,26,19,19,9,50.0,352,2,7,26304.0,4,0,122,0,0,69549,2.0,2013.8833134022439,9.273618495495704,-0.10000000000002274,0.0,0.0,704,0.39111111111111113,2146.5003396689303,13.6,0.2955625538225882,-0.0955485572885229
8113011199,8,-21.93058205,-46.68333435,892.8,-33,684,2057,-22,-5,10,23,10,26,19,19,11,50.0,352,1,2,26304.0,12,0,122,0,0,69551,2.0,2167.993081169772,24.677925358506133,1.6999999999999318,0.0,0.0,352,0.19555555555555557,2134.821469384646,9.2,0.3637005490805025,0.1681449935249469
8114026199,8,-21.93055916,-46.68333435,894.4,52,943,1896,-2,-4,-1,23,10,26,19,19,26,50.0,351,8,3,26304.0,0,28,122,0,0,69566,1.0,2118.199471249108,4.58257569495584,0.10000000000002274,0.0,0.0,2808,0.78,2088.013399464776,0.6,1.8068194964039368,1.0268194964039368
8114128199,8,-21.93055916,-46.68333435,894.5,18,831,1930,17,-7,8,23,10,26,19,19,28,50.0,352,1,5,26304.0,0,0,122,0,0,69568,2.0,2101.3769295392963,20.049937655763422,0.10000000000002274,0.0,0.0,352,0.19555555555555557,2093.632638667922,1.6,0.12418810616664813,-0.07136744938890743
8114230199,8,-21.93055916,-46.68333435,894.4,-15,765,1973,-4,-4,2,23,10,26,19,19,30,50.0,352,1,2,26304.0,2,0,122,0,0,69570,2.0,2116.170834313714,6.0,-0.10000000000002274,0.0,0.0,352,0.19555555555555557,2101.552851996715,2.0,0.18028077961501293,-0.015274775940542634
8115652199,8,-21.93056107,-46.68333435,894.2,151,1009,1877,-6,-13,-13,23,10,26,19,19,52,50.0,351,10,2,26304.0,0,32,122,0,0,69592,2.0,2136.3546053967725,19.339079605813716,0.0,0.0,0.0,3510,1.95,2106.8953953145965,0.4,4.414021834004278,2.464021834004278
8115753199,8,-21.93056107,-46.68333435,894.2,212,1176,1780,1,-19,-34,23,10,26,19,19,53,50.0,347,48,13,26304.0,0,40,122,0,0,69593,1.0,2143.902982879589,38.961519477556315,0.0,0.0,0.0,16656,4.626666666666667,2113.0278166903836,3.0,4.944199861589846,0.317533194923179
8115855199,8,-21.93060875,-46.68333435,894.3,311,1319,1524,-38,15,3,23,10,26,19,19,55,50.0,340,108,26,26304.0,0,46,122,0,0,69595,2.0,2039.376865613612,40.963398296528084,0.09999999999990905,0.0,0.0,36720,20.4,2099.880577593762,8.2,24.578021740515442,4.178021740515444
8115956199,8,-21.93064117,-46.68333435,893.7,290,1108,1904,-25,42,-36,23,10,26,19,19,56,50.0,334,153,41,26304.0,0,44,122,0,0,69596,1.0,2221.9315921062916,60.70420084310476,-0.599999999999909,0.0,0.0,51102,14.195,2121.9844313068584,16.4,24.645889371673945,10.450889371673945
8116058199,8,-21.93093109,-46.68333435,894.5,144,1253,1683,9,3,1,23,10,26,19,19,58,49.5,333,151,53,26304.0,0,38,122,0,0,69598,2.0,2103.1485919924917,9.539392014169456,0.7999999999999545,0.0,0.0,50283,27.935,2128.9429275977513,27.0,15.077507205941167,-12.857492794058832
8116100209,8,-21.93119049,-46.68333435,893.8,160,1073,2259,49,22,4,23,10,26,19,20,0,49.5,338,112,61,26304.0,0,34,122,0,0,69600,2.0,2505.9948124447506,53.86093203798092,-0.7000000000000455,0.0,0.0,37856,21.031111111111112,2202.870969007347,38.8,18.370127038828922,-2.66098407228219
8116201209,8,-21.93136215,-46.68333435,893.0,-44,976,2380,-13,-46,5,23,10,26,19,20,1,49.5,329,199,68,26304.1,0,48,121,0,0,69601,1.0,2572.724625761568,48.062459362791664,-0.7999999999999545,0.09999999999854481,-8.00000000011596,65471,18.18638888888889,2288.6352975837426,49.8,30.386537992581058,12.20014910369217
8116303209,8,-21.93169403,-46.68333435,891.3,13,1084,1337,45,61,-8,23,10,26,19,20,3,49.5,327,195,78,26304.1,0,46,121,0,0,69603,2.0,1721.276851642408,76.22335600063802,-1.7000000000000455,0.0,0.0,63765,35.425,2225.0152947895017,60.2,25.969132698263753,-9.455867301736244
8116404209,8,-21.93189049,-46.68333435,890.4,-114,1082,1977,0,-11,35,23,10,26,19,20,4,49.5,329,170,85,26304.1,0,42,121,0,0,69604,1.0,2256.6012053528643,36.68787265568828,-0.8999999999999773,0.0,0.0,55930,15.536111111111111,2231.9492174388165,69.0,21.72181598799587,6.18570487688476
8116506209,8,-21.93230629,-46.68333435,888.0,38,1406,1962,26,31,30,23,10,26,19,20,6,49.5,331,159,88,26304.2,0,40,121,0,0,69606,2.0,2414.067936078022,50.368641037852115,-2.3999999999999773,0.10000000000218279,-23.999999999475904,52629,29.238333333333333,2294.1330862559225,76.0,24.96896711467142,-4.269366218661915
8116608209,8,-21.93271828,-46.68333435,883.1,138,985,1928,0,-34,8,23,10,26,19,20,8,49.5,342,56,89,26304.2,0,24,121,0,0,69608,2.0,2169.4361018476666,34.92849839314596,-4.899999999999977,0.0,0.0,19152,10.64,2226.8213441365056,81.6,8.275400313280011,-2.3645996867199894
8116709209,8,-21.93294716,-46.68333435,883.6,-101,1068,1326,-27,-2,0,23,10,26,19,20,9,49.5,342,55,87,26304.3,0,24,120,0,0,69609,1.0,1705.6086890022577,27.073972741361768,0.5,0.09999999999854481,5.00000000007276,18810,5.225,2053.3981567846436,85.4,7.283715250583968,2.058715250583968
8116811209,8,-21.93338585,-46.68333435,886.9,232,623,1580,-17,-62,13,23,10,26,19,20,11,49.5,343,54,85,26304.3,0,24,120,0,0,69611,2.0,1714.1624777132417,65.58963332722634,3.2999999999999545,0.0,0.0,18522,10.29,2051.9752819988107,86.8,9.196969327224704,-1.0930306727752956
8116912209,8,-21.93359947,-46.68333435,888.4,-44,770,2063,-29,33,-14,23,10,26,19,20,12,49.5,342,57,85,26304.3,0,24,120,0,0,69612,1.0,2202.4543128065106,46.10856753359401,1.5,0.0,0.0,19494,5.415,2041.1459034895397,86.8,10.48909367106254,5.074093671062539
8117014209,8,-21.93402863,-46.68333435,891.6,-408,952,1579,-28,-28,8,23,10,26,19,20,14,49.0,346,6,84,26304.4,0,0,120,0,0,69614,2.0,1888.3879368392502,40.39801975344831,3.2000000000000455,0.10000000000218279,31.999999999301963,2076,1.1533333333333333,1936.0099036417855,86.0,3.270726862175792,2.1173935288424586
8117217209,8,-21.93463898,-46.68333435,891.7,-131,627,1911,19,12,-14,23,10,26,19,20,17,49.5,349,5,76,26304.4,0,10,120,0,0,69617,1.0,2015.4927437229835,26.476404589747453,0.10000000000002274,0.0,0.0,1745,0.4847222222222222,2013.1422984121666,82.0,0.8146885085075893,0.3299662862853671
8117319209,8,-21.9350071,-46.68333435,895.7,267,1123,1823,50,63,-2,23,10,26,19,20,19,49.5,349,2,73,26304.5,0,6,120,0,0,69619,2.0,2157.7180075255433,80.45495634204272,4.0,0.09999999999854481,40.00000000058208,698,0.3877777777777778,2101.8534043746267,79.6,7.013179204125486,6.625401426347708
8117420209,8,-21.93519783,-46.68333435,896.4,-124,828,1603,-7,-15,-18,23,10,26,19,20,20,49.5,349,5,72,26304.5,0,10,120,0,0,69620,1.0,1808.4714540185587,24.454038521274967,0.6999999999999318,0.0,0.0,1745,0.4847222222222222,2023.0568326170364,77.0,1.0225567956791985,0.5378345734569763
8117522209,8,-21.9355545,-46.68333435,898.5,551,653,2427,33,2,-92,23,10,26,19,20,22,49.0,349,8,70,26304.5,0,12,120,0,0,69622,2.0,2573.001943256165,97.75990998359194,2.1000000000000227,0.0,0.0,2792,1.551111111111111,2159.9796339004192,74.2,2.251082224024734,0.699971112913623
8117623209,8,-21.93572998,-46.68333435,898.1,493,666,2043,25,-38,-138,23,10,26,19,20,23,49.0,348,13,69,26304.6,0,14,120,0,0,69623,1.0,2204.643735391276,145.3031314184247,-0.39999999999997726,0.09999999999854481,-4.00000000005798,4524,1.2566666666666666,2151.8655767829055,72.0,2.9033590495689476,1.646692382902281
8117827209,8,-21.9362793,-46.68333435,896.7,502,669,1913,9,-48,-164,23,10,26,19,20,27,49.5,350,2,65,26304.6,0,6,120,0,0,69627,2.0,2087.8539220932103,171.11691909334974,-4.2999999999999545,0.0,0.0,700,0.3888888888888889,2129.9564054998527,68.6,1.1588433128754363,0.7699544239865475
8117928209,8,-21.93637466,-46.68333435,898.2,615,666,2213,-21,-40,-149,23,10,26,19,20,28,49.5,349,20,66,26304.7,0,16,120,0,0,69628,1.0,2391.4744405909923,155.69842645319187,1.5,0.10000000000218279,14.999999999672582,6980,1.9388888888888889,2246.5570028143397,67.4,4.552598490071658,2.6137096011827685
8118030209,8,-21.93645477,-46.68333435,894.8,526,714,1747,-27,-59,-149,23,10,26,19,20,30,49.0,343,60,69,26304.7,0,26,120,0,0,69630,2.0,1959.2041751690915,162.5146147274146,-3.400000000000091,0.0,0.0,20580,11.433333333333334,2123.797449196925,67.2,9.296368336718695,-2.1369649966146387
8118131209,8,-21.9364624,-46.68333435,894.8,628,634,2040,-16,-35,-116,23,10,26,19,20,31,49.0,343,64,74,26304.7,0,26,120,0,0,69631,1.0,2226.6432134493393,122.21702009131134,0.0,0.0,0.0,21952,6.097777777777778,2128.1973448085373,68.2,7.538179416941326,1.4404016391635484
8118233209,8,-21.93642807,-46.68333435,894.8,69,794,1988,1,-16,-27,23,10,26,19,20,33,49.0,346,30,78,26304.8,0,18,120,0,0,69633,2.0,2141.8078812069025,31.400636936215164,0.0,0.09999999999854481,0.0,10380,5.766666666666667,2161.3967265019073,70.4,3.552770051850223,-2.2138966148164436
8118436209,8,-21.93631172,-46.68333435,893.5,-454,946,2234,-3,57,60,23,10,26,19,20,36,49.0,349,9,82,26304.8,0,14,120,0,0,69636,1.0,2468.1547763460862,82.81304245105356,-0.2999999999999545,0.0,0.0,3141,0.8725,2212.8332999283284,76.6,3.0054829542608195,2.1329829542608194
8118538209,8,-21.93628311,-46.68333435,890.0,-381,1145,1788,1,68,79,23,10,26,19,20,38,49.0,348,15,84,26304.9,0,14,120,0,0,69638,2.0,2157.111494568605,104.2401074443038,-3.5,0.10000000000218279,-34.999999999236024,5220,2.9,2252.414763808231,79.6,2.2197891752698617,-0.6802108247301382
8118639209,8,-21.93629837,-46.68333435,888.3,-569,887,1514,-33,-5,82,23,10,26,19,20,39,49.0,348,15,86,26304.9,0,14,120,0,0,69639,1.0,1844.6479338887407,88.53247991556545,-1.7000000000000455,0.0,0.0,5220,1.45,2176.015707896111,82.0,3.1263765639667924,1.6763765639667925
8118741209,8,-21.93638611,-46.68333435,885.0,-357,968,1378,-14,14,87,23,10,26,19,20,41,49.0,348,16,87,26304.9,0,14,120,0,0,69641,2.0,1721.44038525881,89.22443611477743,-3.2999999999999545,0.0,0.0,5568,3.0933333333333333,2091.9422087064927,83.8,3.1556133524728054,0.06228001913947212
8118842209,8,-21.93642235,-46.68333435,886.5,-326,957,2415,21,-30,86,23,10,26,19,20,42,49.0,348,16,88,26305.0,0,14,120,0,0,69642,1.0,2618.08135855248,93.47192091746055,1.5,0.09999999999854481,15.000000000218279,5568,1.5466666666666666,2161.8871897229446,85.4,3.319347230887475,1.7726805642208083
8119452209,8,-21.9375515,-46.70000076,887.8,331,630,1692,25,-25,-114,23,10,26,19,20,52,49.0,351,2,78,26305.2,0,6,120,0,0,69652,2.0,1835.5721178967608,119.35660853090624,-0.8000000000000682,0.0,0.0,702,0.39,2200.338546164915,81.0,0.3824022974432979,-0.007597702556702113
8119554209,8,-21.93763351,-46.70000076,884.4,706,545,2303,58,-73,-122,23,10,26,19,20,54,49.0,350,2,80,26305.2,0,6,120,0,0,69654,2.0,2469.6700184437595,153.5480380858056,-3.3999999999999773,0.0,0.0,700,0.3888888888888889,2254.7266933153523,80.0,0.649822551902281,0.2609336630133921
8119655209,8,-21.93765068,-46.70000076,885.1,512,464,2105,16,-51,-119,23,10,26,19,20,55,49.0,351,3,81,26305.3,0,8,120,0,0,69655,1.0,2215.5055856395397,130.4530566909032,0.7000000000000455,0.09999999999854481,7.000000000102318,1053,0.2925,2256.6543751595846,79.6,1.1031055567965506,0.8106055567965507
8119757209,8,-21.93759346,-46.70000076,883.5,-143,622,1177,-3,-34,-25,23,10,26,19,20,57,49.0,350,6,82,26305.3,0,8,120,0,0,69657,2.0,1338.9032825413492,42.30839160261236,-1.6000000000000227,0.0,0.0,2100,1.1666666666666667,2009.3525140068487,79.8,0.32657949142659737,-0.8400871752400694
8119858209,8,-21.93754196,-46.70000076,882.3,99,813,1878,-22,0,3,23,10,26,19,20,58,49.0,350,2,83,26305.3,0,8,120,0,0,69658,1.0,2048.817707850066,22.20360331117452,-1.2000000000000455,0.0,0.0,700,0.19444444444444445,1981.693742474295,80.8,0.5361758335372715,0.3417313890928271
8119900219,8,-21.93742752,-46.70000076,880.0,-111,768,2175,-3,49,-10,23,10,26,19,21,0,49.0,350,1,85,26305.4,0,0,120,0,0,69660,2.0,2309.2791082933218,50.0999001995014,-2.2999999999999545,0.10000000000218279,-22.999999999497504,350,0.19444444444444445,2076.435140553607,82.2,1.1782291763357058,0.9837847318912614
8121223219,8,-21.93499756,-46.70000076,858.7,-38,995,1811,-13,75,20,23,10,26,19,21,23,49.5,351,15,65,26305.9,0,14,121,0,0,69683,4.0,2066.6857526000417,78.70196947980399,-3.2999999999999545,0.10000000000218279,-32.999999999279225,5265,5.85,2158.003284840314,70.2,2.92670372421204,-2.9232962757879597
8122239219,8,-21.93433571,-46.70000076,851.1,25,800,1926,-49,-123,-57,23,10,26,19,21,39,49.5,352,2,49,26306.1,0,6,121,0,0,69699,2.0,2085.6895742176016,144.14922823241199,-1.2999999999999545,0.0,0.0,704,0.39111111111111113,2145.5664631799837,48.0,0.2541393308569498,-0.13697178025416135
8122340219,8,-21.93421745,-46.70000076,849.4,-2,680,2032,-16,-70,14,23,10,26,19,21,40,49.5,352,2,51,26306.1,0,2,121,0,0,69700,1.0,2142.7617693061447,73.15736463268753,-1.7000000000000455,0.0,0.0,704,0.19555555555555557,2181.636409792174,48.4,0.7241921149329051,0.5286365593773495
8123559219,8,-21.93320084,-46.70000076,840.6,92,766,1927,30,18,8,23,10,26,19,21,59,49.5,352,2,35,26306.4,0,10,121,0,0,69719,1.0,2075.704458732023,35.888716889852724,-0.6999999999999318,0.0,0.0,704,0.19555555555555557,2046.4403546321323,37.0,0.7024541515086761,0.5068985959531205
8123601229,8,-21.93316078,-46.70000076,840.8,-4,830,1941,-1,7,8,23,10,26,19,22,1,49.5,352,3,35,26306.4,0,10,121,0,0,69721,2.0,2111.0180008706698,10.677078252031311,0.1999999999999318,0.0,0.0,1056,0.5866666666666667,2008.5166246029844,36.0,0.6854860878059369,0.09881942113927022
8123703229,8,-21.93309975,-46.70000076,837.1,227,951,1832,-18,-19,6,23,10,26,19,22,3,49.5,352,5,35,26306.4,0,10,121,0,0,69723,2.0,2076.5726570481465,26.851443164195103,-3.699999999999932,0.0,0.0,1760,0.9777777777777777,2009.2950297220334,35.4,0.8684979847493102,-0.10927979302846758
8123804229,8,-21.93307495,-46.70000076,836.7,121,908,2151,12,-3,-4,23,10,26,19,22,4,49.5,351,8,34,26306.4,0,12,121,0,0,69724,1.0,2337.9277148791407,13.0,-0.39999999999997726,0.0,0.0,2808,0.78,2042.6479161645234,34.8,1.3624102908599665,0.5824102908599664
8123906229,8,-21.93301392,-46.70000076,830.3,-173,981,1864,2,12,10,23,10,26,19,22,6,49.5,351,9,34,26306.4,0,14,121,0,0,69726,2.0,2113.477229591083,15.748015748023622,-6.400000000000091,0.0,0.0,3159,1.755,2142.9400122242123,34.6,2.374824131717699,0.6198241317176989
8124007229,8,-21.93297577,-46.70000076,830.2,124,947,1959,12,36,14,23,10,26,19,22,7,49.5,347,44,36,26306.4,0,24,121,0,0,69727,1.0,2179.418729845185,40.44749683231337,-0.09999999999990905,0.0,0.0,15268,4.2411111111111115,2163.6828664468453,34.8,6.663808528962678,2.422697417851566
8124109229,8,-21.93292809,-46.70000076,831.7,76,827,1597,-14,2,2,23,10,26,19,22,9,49.5,346,48,39,26306.5,0,24,121,0,0,69729,2.0,1800.0316663881222,14.2828568570857,1.5,0.09999999999854481,15.000000000218279,16608,9.226666666666667,2101.485599550336,35.6,9.561647547934097,0.3349808812674304
8124211229,8,-21.93289566,-46.70000076,833.6,335,837,1778,12,14,-2,23,10,26,19,22,11,49.5,346,46,42,26306.5,0,24,121,0,0,69731,2.0,1993.5089666214196,18.547236990991408,1.8999999999999773,0.0,0.0,15916,8.842222222222222,2084.87286146499,37.0,7.953998973932933,-0.8882232482892896
8124312229,8,-21.93287086,-46.70000076,832.3,143,967,2040,-20,-35,8,23,10,26,19,22,12,49.5,348,35,44,26306.5,0,20,121,0,0,69732,1.0,2262.109192766786,41.09744517606904,-1.3000000000000682,0.0,0.0,12180,3.3833333333333333,2069.709157042519,39.0,4.9569971522056075,1.5736638188722742
8124617229,8,-21.93276787,-46.70000076,834.4,0,686,1412,31,35,43,23,10,26,19,22,17,49.5,352,3,39,26306.6,0,8,121,0,0,69737,2.0,1569.8216459203256,63.52164985262898,2.2999999999999545,0.09999999999854481,23.00000000033424,1056,0.5866666666666667,1967.3116828728653,41.8,2.584899548092553,1.9982328814258865
8125226229,8,-21.93280411,-46.70000076,836.5,-52,786,1959,-1,9,-5,23,10,26,19,22,26,49.5,352,1,16,26306.6,0,12,121,0,0,69746,1.0,2111.440503542546,10.344080432788601,0.2999999999999545,0.0,0.0,352,0.09777777777777778,2158.5728264574745,28.2,0.7426486626637401,0.6448708848859623
8125836229,8,-21.93283653,-46.70000076,836.3,-5,889,1941,-8,17,1,23,10,26,19,22,36,49.5,352,3,11,26306.7,0,14,121,0,0,69756,2.0,2134.9067895343815,18.81488772222678,0.09999999999990905,0.0,0.0,1056,0.5866666666666667,2103.051196172734,11.4,0.9699431463299536,0.38327647966328693
8125938229,8,-21.93283653,-46.70000076,835.5,-56,909,1888,0,-18,7,23,10,26,19,22,38,49.5,351,9,13,26306.7,0,18,121,0,0,69758,2.0,2096.1777119318867,19.313207915827967,-0.7999999999999545,0.0,0.0,3159,1.755,2100.191867706598,11.4,1.2953297432996953,-0.4596702567003046
8126039229,8,-21.93283653,-46.70000076,834.9,-6,873,1887,11,-7,-15,23,10,26,19,22,39,49.5,352,2,14,26306.7,0,10,121,0,0,69759,1.0,2079.16665998664,19.87460691435179,-0.6000000000000227,0.0,0.0,704,0.19555555555555557,2094.218561538996,11.8,0.586013261622411,0.39045770606685537
8126141229,8,-21.93284416,-46.70000076,834.7,56,798,1664,17,-11,-9,23,10,26,19,22,41,49.5,351,4,16,26306.7,0,16,121,0,0,69761,2.0,1846.3033336914061,22.15851980616034,-0.1999999999999318,0.0,0.0,1404,0.78,2042.6698177361154,12.8,1.2566178649916921,0.4766178649916921
8126242229,8,-21.93284798,-46.70000076,832.7,80,1255,2093,-123,96,-56,23,10,26,19,22,42,49.5,344,70,24,26306.7,0,38,121,0,0,69762,1.0,2441.735857950241,165.77394246382633,-2.0,0.0,0.0,24080,6.688888888888889,2119.658070618911,15.6,11.702477553425087,5.013588664536198
8126344229,8,-21.93287277,-46.70000076,834.4,-76,987,1743,-25,20,16,23,10,26,19,22,44,49.5,349,18,31,26306.7,0,18,121,0,0,69764,2.0,2004.4934522217827,35.79106033634656,1.6999999999999318,0.0,0.0,6282,3.49,2093.575403156391,19.6,3.7600872888128523,0.27008728881285204
8126547229,8,-21.93292236,-46.70000076,833.1,-206,695,1774,16,46,105,23,10,26,19,22,47,49.5,351,1,33,26306.8,0,6,121,0,0,69767,2.0,1916.3864432832956,115.74541027617467,-1.3999999999999773,0.09999999999854481,-14.0000000002035,351,0.195,2159.657701690755,27.4,0.44269237307669074,0.24769237307669073
8127300239,8,-21.93354797,-46.70000076,834.7,36,822,1925,-14,-15,-21,23,10,26,19,23,0,49.5,352,1,22,26306.9,0,6,121,0,0,69780,2.0,2093.4672197099244,29.359836511806396,0.900000000000091,0.0,0.0,352,0.19555555555555557,2117.9235817174003,25.2,0.36381387976035673,0.16825832420480116
8127401239,8,-21.93358231,-46.70000076,834.5,-3,854,2011,2,-3,-26,23,10,26,19,23,1,49.5,352,2,22,26306.9,0,8,121,0,0,69781,1.0,2184.821731858231,26.248809496813376,-0.20000000000004547,0.0,0.0,704,0.19555555555555557,2175.344781661661,24.2,0.490070834486664,0.2945152789311084
8127503239,8,-21.93365288,-46.70000076,836.0,29,833,1956,-16,-19,6,23,10,26,19,23,3,49.5,351,4,23,26306.9,0,12,121,0,0,69783,2.0,2126.185786802273,25.553864678361276,1.5,0.0,0.0,1404,0.78,2142.549145436328,23.4,0.9107485107397467,0.1307485107397467
8128316239,8,-21.93391418,-46.70000076,834.7,133,947,1736,-159,94,-51,23,10,26,19,23,16,49.5,350,18,14,26306.9,0,26,121,0,0,69796,2.0,1981.9672045722655,191.61941446523628,-0.39999999999997726,0.0,0.0,6300,3.5,2095.765437675806,11.4,2.50994445119589,-0.9900555488041101
8128417239,8,-21.93393707,-46.70000076,834.6,89,1099,1864,-4,10,35,23,10,26,19,23,17,49.5,349,22,21,26306.9,0,22,121,0,0,69797,1.0,2165.691113709432,36.61966684720111,-0.10000000000002274,0.0,0.0,7678,2.1327777777777777,2124.772345125249,13.2,3.9276209863936002,1.7948432086158226
8128519239,8,-21.93399048,-46.70000076,836.4,63,940,1863,-9,4,58,23,10,26,19,23,19,49.5,348,31,25,26307.0,0,24,121,0,0,69799,2.0,2087.6632870269095,58.83026432033091,1.7999999999999545,0.09999999999854481,18.00000000026148,10788,5.993333333333333,2115.996194270703,16.0,5.183063361412672,-0.8102699719206612
8128620239,8,-21.93402863,-46.70000076,835.7,-19,939,1972,-33,19,61,23,10,26,19,23,20,49.5,350,11,27,26307.0,0,16,121,0,0,69800,1.0,2184.231214867144,71.90966555338719,-0.6999999999999318,0.0,0.0,3850,1.0694444444444444,2111.6690472941036,19.2,1.9826930660155262,0.9132486215710818
8128722239,8,-21.93412971,-46.70000076,835.1,40,833,2144,-4,60,69,23,10,26,19,23,22,49.5,350,8,28,26307.0,0,12,121,0,0,69802,2.0,2300.4836448016754,91.52595260361949,-0.6000000000000227,0.0,0.0,2800,1.5555555555555556,2144.0072929954854,23.0,1.469962695432944,-0.08559286012261147
8128823239,8,-21.93419075,-46.70000076,835.5,-94,940,1921,-11,12,82,23,10,26,19,23,23,49.5,351,7,29,26307.0,0,12,121,0,0,69803,1.0,2140.718804514035,83.60023923410746,0.39999999999997726,0.0,0.0,2457,0.6825,2175.757612983839,26.0,1.1049399526896113,0.4224399526896113
8128925239,8,-21.93432045,-46.70000076,836.9,28,835,2024,7,20,70,23,10,26,19,23,25,49.5,351,8,31,26307.0,0,14,121,0,0,69805,2.0,2189.6540822696174,73.13685801290619,1.3999999999999773,0.0,0.0,2808,1.56,2180.550206695876,28.0,2.52833606868497,0.96833606868497
8129027239,8,-21.93446541,-46.70000076,837.6,-17,814,1923,0,27,46,23,10,26,19,23,27,49.5,350,9,33,26307.0,0,14,121,0,0,69807,2.0,2088.2562103343544,53.33854141237835,0.7000000000000455,0.0,0.0,3150,1.75,2180.668791357365,29.6,1.828398360570145,0.07839836057014504
8129128239,8,-21.93454933,-46.70000076,838.1,3,790,2010,1,38,51,23,10,26,19,23,28,49.5,351,5,34,26307.0,0,10,121,0,0,69808,1.0,2159.6779852561353,63.608175575157006,0.5,0.0,0.0,1755,0.4875,2175.7581454351634,31.0,0.12974898408781796,-0.35775101591218206
8130144239,8,-21.935606,-46.70000076,837.6,154,821,1784,-26,-61,29,23,10,26,19,23,44,49.5,351,3,15,26307.2,0,10,121,0,0,69824,1.0,1969.876392061187,72.37402849088892,-0.1999999999999318,0.10000000000218279,-1.9999999999556621,1053,0.2925,2052.0164295785225,17.6,0.5619936617960114,0.2694936617960114
8130246239,8,-21.93566895,-46.70000076,838.4,-6,956,2182,-187,-76,13,23,10,26,19,23,46,49.5,350,17,17,26307.2,0,24,121,0,0,69826,2.0,2382.245999052155,202.27209397245088,0.7999999999999545,0.0,0.0,5950,3.3055555555555554,2101.9726751681364,16.8,4.0948227315533146,0.7892671759977592
8130347239,8,-21.935709,-46.70000076,839.0,7,1018,1795,27,-36,22,23,10,26,19,23,47,49.5,348,32,21,26307.2,0,26,121,0,0,69827,1.0,2063.5886217945667,50.08991914547278,0.6000000000000227,0.0,0.0,11136,3.0933333333333333,2095.404864360381,17.2,4.501606644296413,1.40827331096308
8130449239,8,-21.93582726,-46.70000076,839.8,168,1105,1837,19,7,-1,23,10,26,19,23,49,49.5,348,35,26,26307.2,0,26,121,0,0,69829,2.0,2150.3064897823288,20.273134932713294,0.7999999999999545,0.0,0.0,12180,6.766666666666667,2124.386768680125,19.0,5.996968132140629,-0.7696985345260376
8130550239,8,-21.93589401,-46.70000076,839.9,-105,1356,1593,-36,-40,29,23,10,26,19,23,50,49.5,347,35,30,26307.2,0,24,121,0,0,69830,1.0,2094.6145230089473,61.1310068623117,0.10000000000002274,0.0,0.0,12145,3.373611111111111,2132.1264051398366,21.8,5.000520779671665,1.626909668560554
8130754239,8,-21.93619919,-46.70000076,839.0,-58,900,2018,-12,7,3,23,10,26,19,23,54,49.5,351,3,29,26307.2,0,10,121,0,0,69834,2.0,2210.3592468193942,14.212670403551895,-0.5,0.0,0.0,1053,0.585,2110.6187098859778,27.4,0.6718988814265906,0.08689888142659064
8130855239,8,-21.93627357,-46.70000076,839.6,105,943,1856,-5,-15,-3,23,10,26,19,23,55,49.5,351,5,28,26307.2,0,12,121,0,0,69835,1.0,2084.468757261667,16.09347693943108,0.6000000000000227,0.0,0.0,1755,0.4875,2114.7947369793974,28.8,1.3144656466303377,0.8269656466303377
8130957239,8,-21.93642426,-46.70000076,841.0,-209,959,1733,-15,-34,1,23,10,26,19,23,57,49.5,350,10,28,26307.2,0,14,121,0,0,69837,2.0,1991.6452997459162,37.17526059088221,1.3999999999999773,0.0,0.0,3500,1.9444444444444444,2083.0624989721155,29.2,1.7152649202725003,-0.2291795241719441
8131058239,8,-21.93649864,-46.70000076,840.6,173,958,1951,31,-23,-2,23,10,26,19,23,58,49.5,350,14,29,26307.3,0,16,121,0,0,69838,1.0,2180.38849749305,38.65229618017538,-0.39999999999997726,0.09999999999854481,-4.00000000005798,4900,1.3611111111111112,2100.2172938689355,29.0,2.3452781129255187,0.9841670018144075
8131303249,8,-21.93684769,-46.70000076,841.6,-70,862,1936,-1,-8,-2,23,10,26,19,24,3,49.5,351,2,21,26307.3,0,8,121,0,0,69843,1.0,2120.386757174266,8.306623862918075,0.20000000000004547,0.0,0.0,702,0.195,2036.2037094287389,26.2,0.3398491151866578,0.14484911518665777
8131709249,8,-21.93712807,-46.70000076,842.4,35,1177,1836,-212,83,-34,23,10,26,19,24,9,49.5,349,21,16,26307.3,0,24,121,0,0,69849,1.0,2181.1579493470895,230.1933969513461,0.5,0.0,0.0,7329,2.035833333333333,2095.5325076026647,17.8,2.872823176510491,0.8369898431771579
8131811249,8,-21.93722153,-46.70000076,841.6,96,1089,1749,-9,-18,-10,23,10,26,19,24,11,49.5,347,38,20,26307.3,0,30,121,0,0,69851,2.0,2062.5561810530157,22.47220505424423,-0.7999999999999545,0.0,0.0,13186,7.325555555555556,2083.9663923784146,17.6,7.746982350243927,0.4214267946883714
8131913249,8,-21.93734932,-46.70000076,840.6,106,1014,1782,-2,-27,3,23,10,26,19,24,13,49.5,349,18,24,26307.4,0,20,121,0,0,69853,2.0,2053.0358009542842,27.23967694375247,-1.0,0.10000000000218279,-9.999999999781721,6282,3.49,2073.3841414962963,18.4,2.665149083063481,-0.8248509169365192
8132014249,8,-21.93740654,-46.70000076,841.0,-8,918,1909,-18,44,74,23,10,26,19,24,14,49.5,351,2,24,26307.4,0,2,121,0,0,69854,1.0,2118.270284925887,87.95453370918409,0.39999999999997726,0.0,0.0,702,0.195,2102.3125215867467,19.6,0.0733492782166845,-0.12165072178331551
8132725249,8,-21.93760109,-46.70000076,840.5,-3,929,1932,5,-8,1,23,10,26,19,24,25,49.5,351,4,8,26307.4,0,16,121,0,0,69865,1.0,2143.7523177830035,9.486832980505138,-0.39999999999997726,0.0,0.0,1404,0.39,2102.703399108427,13.0,0.8742153920636466,0.4842153920636466
8132827249,8,-21.93759918,-46.70000076,839.7,73,952,1812,-2,-7,3,23,10,26,19,24,27,49.5,351,8,9,26307.4,0,20,121,0,0,69867,2.0,2048.1643000501695,7.874007874011811,-0.7999999999999545,0.0,0.0,2808,1.56,2091.519814572861,10.8,1.3956544799098247,-0.16434552009017533
8132928249,8,-21.93758965,-46.70000076,840.3,47,1007,1893,6,0,2,23,10,26,19,24,28,49.5,350,14,12,26307.4,0,22,121,0,0,69868,1.0,2144.692751887785,6.324555320336759,0.599999999999909,0.0,0.0,4900,1.3611111111111112,2124.570047365774,9.6,2.7213728695537323,1.360261758442621
8133030249,8,-21.93758392,-46.70000076,840.5,235,990,1614,8,24,-9,23,10,26,19,24,30,49.5,348,28,15,26307.4,0,28,121,0,0,69870,2.0,1907.9625258374442,26.851443164195103,0.20000000000004547,0.0,0.0,9744,5.413333333333333,2068.1441967535084,10.4,4.573577861134973,-0.8397554721983598
8133132249,8,-21.93756485,-46.70000076,840.1,32,1808,3066,-45,-72,52,23,10,26,19,24,32,49.5,347,39,20,26307.4,0,36,121,0,0,69872,2.0,3559.528620477717,99.56404973684026,-0.39999999999997726,0.0,0.0,13533,7.5183333333333335,2360.820103207224,12.8,11.282205641971958,3.763872308638624
8133233249,8,-21.9375515,-46.70000076,840.9,108,1127,1877,5,-38,13,23,10,26,19,24,33,49.5,349,18,25,26307.5,0,18,120,0,0,69873,1.0,2192.0132298870826,40.47221268969612,0.7999999999999545,0.09999999999854481,8.00000000011596,6282,1.745,2370.4722856280396,16.2,3.086503775143397,1.341503775143397
8133335249,8,-21.93758011,-46.70000076,839.7,332,903,1929,-33,-108,-223,23,10,26,19,24,35,49.5,349,20,24,26307.5,0,22,120,0,0,69875,2.0,2155.6145295483607,249.9639974076267,-1.1999999999999318,0.0,0.0,6980,3.8777777777777778,2391.9623315276776,19.2,4.556422503043967,0.6786447252661891
8133436249,8,-21.93758583,-46.70000076,840.0,697,844,1880,-64,-236,-324,23,10,26,19,24,36,49.5,345,53,25,26307.5,0,32,120,0,0,69876,1.0,2175.4413345342136,405.9162475191157,0.2999999999999545,0.0,0.0,18285,5.079166666666667,2398.112048056964,21.8,9.070631239834869,3.9914645731682024
8133538249,8,-21.93768692,-46.70000076,839.1,274,1010,1491,-48,-89,-118,23,10,26,19,24,38,49.0,345,55,28,26307.5,0,28,120,0,0,69878,2.0,1821.608355272889,155.3994851986325,-0.8999999999999773,0.0,0.0,18975,10.541666666666666,2380.8412139440525,24.4,7.838158030631451,-2.703508636035215
8133640249,8,-21.93781281,-46.70000076,839.7,74,1146,1949,-9,-28,-44,23,10,26,19,24,40,49.0,347,41,28,26307.5,0,28,120,0,0,69880,2.0,2262.165555391559,52.92447448959697,0.6000000000000227,0.0,0.0,14227,7.903888888888889,2121.3686009268213,26.0,6.227333801645807,-1.6765550872430817
8133741249,8,-21.93787003,-46.70000076,840.9,120,1205,1820,-3,-40,-5,23,10,26,19,24,41,49.0,345,55,31,26307.5,0,30,120,0,0,69881,1.0,2186.052378146507,40.422765862815474,1.1999999999999318,0.0,0.0,18975,5.270833333333333,2120.176430578706,27.2,10.011736843727904,4.740903510394571
8133843249,8,-21.93803978,-46.70000076,841.6,24,961,1574,-27,8,-6,23,10,26,19,24,43,49.0,347,33,32,26307.5,0,22,120,0,0,69883,2.0,1844.3353816483595,28.792360097775937,0.7000000000000455,0.0,0.0,11451,6.361666666666666,2057.9206009987056,28.8,5.233297635464028,-1.128369031202638
8133944249,8,-21.93811226,-46.70000076,843.1,32,1022,2059,-32,-11,-24,23,10,26,19,24,44,49.0,348,19,33,26307.5,0,18,120,0,0,69884,1.0,2298.910394078029,41.48493702538308,1.5,0.0,0.0,6612,1.8366666666666667,2082.6144129074687,30.4,3.7385421789848614,1.9018755123181947
8134046249,8,-21.93828583,-46.70000076,841.3,-72,894,1717,-13,-5,-15,23,10,26,19,24,46,49.0,347,29,36,26307.6,0,20,120,0,0,69886,2.0,1937.139385795457,20.46948949045872,-1.8000000000000682,0.09999999999854481,-18.000000000262617,10063,5.5905555555555555,2105.7206190119823,32.0,5.060456572269136,-0.5300989832864191
8134148249,8,-21.93847084,-46.70000076,842.2,141,1009,1749,8,-23,0,23,10,26,19,24,48,49.0,347,28,39,26307.6,0,20,120,0,0,69888,2.0,2024.0956005090272,24.351591323771842,0.900000000000091,0.0,0.0,9716,5.397777777777778,2058.106628035476,34.2,5.118689185293026,-0.2790885924847517
8134351249,8,-21.93877983,-46.70000076,840.9,-164,985,2016,5,-10,-37,23,10,26,19,24,51,49.0,350,3,41,26307.6,0,8,120,0,0,69891,2.0,2249.7504306033593,38.65229618017538,-0.8000000000000682,0.0,0.0,1050,0.5833333333333334,2230.649267272164,38.2,0.5220276219250901,-0.06130571140824326
8134452249,8,-21.93886948,-46.70000076,840.8,-30,918,1720,5,-32,-30,23,10,26,19,24,52,49.0,351,1,40,26307.6,0,6,120,0,0,69892,1.0,1949.8779448980904,44.14748010928823,-0.10000000000002274,0.0,0.0,351,0.0975,2160.8427774361758,39.6,0.2845261034395431,0.1870261034395431
8134554249,8,-21.93907547,-46.70000076,838.4,165,846,1815,-7,-23,-51,23,10,26,19,24,54,49.0,350,3,38,26307.7,0,8,120,0,0,69894,2.0,2009.2700166976065,56.382621436041795,-2.3999999999999773,0.10000000000218279,-23.999999999475904,1050,0.5833333333333334,2175.2689036166057,40.0,0.3897532866768441,-0.19358004665648926
8134655249,8,-21.93915558,-46.70000076,838.6,-112,931,1649,-3,-10,-33,23,10,26,19,24,55,49.0,350,4,37,26307.7,0,10,120,0,0,69895,1.0,1896.9728516771136,34.61213659975356,0.20000000000004547,0.0,0.0,1400,0.3888888888888889,2149.844353850223,39.6,0.7123258046476203,0.3234369157587314
8136729259,8,-21.94142151,-46.70000076,827.3,-78,934,2055,195,-52,31,23,10,26,19,25,29,49.0,351,7,15,26307.9,0,16,120,0,0,69929,2.0,2258.6422912891717,204.18129199316965,-0.20000000000004547,0.0,0.0,2457,1.365,2096.905507002577,14.0,1.6416140827394423,0.2766140827394423
8136830259,8,-21.94146347,-46.70000076,826.4,20,1122,2043,12,12,-3,23,10,26,19,25,30,49.0,349,26,20,26307.9,0,26,120,0,0,69930,1.0,2330.908192100238,17.233687939614086,-0.8999999999999773,0.0,0.0,9074,2.5205555555555557,2167.462070383137,15.2,4.187345439369021,1.6667898838134652
8136932259,8,-21.9415741,-46.70000076,826.9,90,884,1668,-7,-7,4,23,10,26,19,25,32,49.0,347,38,26,26307.9,0,26,120,0,0,69932,2.0,1889.915342019319,10.677078252031311,0.5,0.0,0.0,13186,7.325555555555556,2147.197929129482,17.8,4.817558937420909,-2.507996618134647
8137033259,8,-21.94163895,-46.70000076,826.5,-16,1023,1961,9,-4,-2,23,10,26,19,25,33,49.0,348,29,32,26308.0,0,22,120,0,0,69933,1.0,2211.855781917076,10.04987562112089,-0.39999999999997726,0.09999999999854481,-4.00000000005798,10092,2.8033333333333332,2154.0561924775698,21.4,6.071638167935094,3.268304834601761
8138151259,8,-21.94277573,-46.70000076,829.7,-74,954,1916,-11,16,32,23,10,26,19,25,51,49.0,351,5,16,26308.1,0,14,120,0,0,69951,2.0,2141.646095880456,37.429934544425805,3.0,0.0,0.0,1755,0.975,2130.0950090220563,19.4,1.6590927498950512,0.6840927498950512
8138252259,8,-21.94281578,-46.70000076,829.7,141,934,1777,9,5,5,23,10,26,19,25,52,49.0,350,13,16,26308.1,0,20,120,0,0,69952,1.0,2012.4527323641666,11.445523142259598,0.0,0.0,0.0,4550,1.2638888888888888,2068.0938332866244,17.8,2.084335039275954,0.820446150387065
8138354259,8,-21.94289207,-46.70000076,831.8,20,1009,1873,-11,7,8,23,10,26,19,25,54,49.0,350,12,17,26308.1,0,18,120,0,0,69954,2.0,2127.5831358609703,15.297058540778355,2.099999999999909,0.0,0.0,4200,2.3333333333333335,2066.599172551813,17.0,1.6378885784004873,-0.6954447549328462
8138456259,8,-21.94297218,-46.70000076,833.4,-12,952,1722,-1,15,15,23,10,26,19,25,56,49.0,351,3,16,26308.1,0,12,120,0,0,69956,2.0,1967.6717205875577,21.236760581595302,1.6000000000000227,0.0,0.0,1053,0.585,2044.505606153199,16.4,1.4396950790391638,0.8546950790391639
8138557259,8,-21.94301605,-46.70000076,833.1,28,992,1926,8,2,-4,23,10,26,19,25,57,49.0,351,8,15,26308.1,0,16,120,0,0,69957,1.0,2166.6388716165875,9.16515138991168,-0.2999999999999545,0.0,0.0,2808,0.78,2083.1985112619477,16.0,1.2907897981079395,0.5107897981079395
8138659259,8,-21.94310379,-46.70000076,831.9,-103,916,1505,18,10,42,23,10,26,19,25,59,49.0,349,18,17,26308.1,0,22,120,0,0,69959,2.0,1764.8484354187472,46.776062254106,-1.2000000000000455,0.0,0.0,6282,3.49,2007.8389791696056,16.2,2.907287673513775,-0.5827123264862251
8138700269,8,-21.94314384,-46.70000076,832.3,43,986,1772,6,-12,-6,23,10,26,19,26,0,49.0,349,17,18,26308.1,0,22,120,0,0,69960,1.0,2028.3069294364698,14.696938456699069,0.39999999999997726,0.0,0.0,5933,1.6480555555555556,2011.0098185840664,16.6,3.448040096457863,1.7999845409023072
8139107269,8,-21.94340324,-46.70000076,833.3,33,912,2011,8,-5,1,23,10,26,19,26,7,49.0,351,7,8,26308.2,0,20,120,0,0,69967,2.0,2208.382666115635,9.486832980505138,0.599999999999909,0.0,0.0,2457,1.365,2118.352693273654,13.0,1.6418211137188492,0.2768211137188492
8139208269,8,-21.94342041,-46.70000076,833.2,126,992,1877,9,-2,7,23,10,26,19,26,8,49.0,350,12,9,26308.2,0,22,120,0,0,69968,1.0,2126.750808157834,11.575836902790225,-0.09999999999990905,0.0,0.0,4200,1.1666666666666667,2138.041469017927,11.2,1.7030666557612497,0.536399989094583
8139310269,8,-21.94347382,-46.70000076,833.4,52,1013,1709,-17,-7,4,23,10,26,19,26,10,49.0,349,22,13,26308.2,0,26,120,0,0,69970,2.0,1987.3484847907273,18.81488772222678,0.1999999999999318,0.0,0.0,7678,4.265555555555555,2107.0947797348363,10.4,2.991700825966893,-1.2738547295886624
8139412269,8,-21.94353867,-46.70000076,833.1,95,1158,1847,-6,0,-6,23,10,26,19,26,12,49.0,349,22,16,26308.2,0,26,120,0,0,69972,2.0,2182.0627855311586,8.48528137423857,-0.2999999999999545,0.0,0.0,7678,4.265555555555555,2126.5635036932445,11.0,2.21719523162987,-2.048360323925685
8139513269,8,-21.94358253,-46.70000076,833.3,-79,1055,1756,0,-12,1,23,10,26,19,26,13,49.0,348,33,20,26308.2,0,28,120,0,0,69973,1.0,2050.0736572133205,12.041594578792296,0.1999999999999318,0.0,0.0,11484,3.19,2110.923680361735,13.2,5.348169559241748,2.1581695592417485
8139615269,8,-21.94369698,-46.70000076,831.2,238,987,1881,13,8,-1,23,10,26,19,26,15,49.0,348,20,23,26308.2,0,16,120,0,0,69975,2.0,2137.5158478944663,15.297058540778355,-2.099999999999909,0.0,0.0,6960,3.8666666666666667,2096.7503167175014,16.2,2.231088400116026,-1.6355782665506409
8139716269,8,-21.94375229,-46.70000076,831.3,-8,971,1848,14,-17,1,23,10,26,19,26,16,49.0,350,5,22,26308.2,0,12,120,0,0,69976,1.0,2087.584489308157,22.045407685048602,0.09999999999990905,0.0,0.0,1750,0.4861111111111111,2088.917052947566,18.8,1.107941850989865,0.6218307398787539
8139818269,8,-21.94386101,-46.70000076,829.9,3,782,1248,-81,3,-3,23,10,26,19,26,18,49.0,350,13,19,26308.2,0,24,120,0,0,69978,2.0,1472.765086495467,81.11103500757464,-1.3999999999999773,0.0,0.0,4550,2.5277777777777777,1986.0003732885139,20.0,3.857678137205504,1.329900359427726
8139919269,8,-21.94390869,-46.70000076,829.5,21,1183,1849,-46,13,-1,23,10,26,19,26,19,49.0,347,37,23,26308.2,0,28,120,0,0,69979,1.0,2195.1608141546258,47.81213235152768,-0.39999999999997726,0.0,0.0,12839,3.566388888888889,1988.6199790132073,21.4,4.268613666068402,0.7022247771795134
8140021269,8,-21.94402885,-46.70000076,829.8,18,1187,1749,-6,-27,-2,23,10,26,19,26,21,49.0,346,41,26,26308.2,0,28,120,0,0,69981,2.0,2113.833957528358,27.730849247724095,0.2999999999999545,0.0,0.0,14186,7.881111111111111,2001.3720390762148,22.6,5.966404258364067,-1.9147068527470443
8140123269,8,-21.94417572,-46.70000076,828.0,33,1055,1824,-23,-47,0,23,10,26,19,26,23,49.0,347,31,28,26308.3,0,24,120,0,0,69983,2.0,2107.389380252259,52.32590180780452,-1.7999999999999545,0.09999999999854481,-18.00000000026148,10757,5.976111111111111,1995.3467455477735,23.6,6.400126765092653,0.4240156539815425
8141138269,8,-21.94470406,-46.70000076,830.8,-69,949,1914,-1,-6,2,23,10,26,19,26,38,49.0,351,6,6,26308.3,0,22,120,0,0,69998,1.0,2137.465321356115,6.4031242374328485,-0.10000000000002274,0.0,0.0,2106,0.585,2101.073640357145,7.4,1.6112085354348635,1.0262085354348636
8141240269,8,-21.94473076,-46.70000076,829.9,-98,1223,1730,-24,-39,22,23,10,26,19,26,40,49.0,348,29,12,26308.3,0,32,120,0,0,70000,2.0,2120.9038167724625,50.80354318352215,-0.8999999999999773,0.0,0.0,10092,5.6066666666666665,2097.0199819284276,8.0,5.298822327490528,-0.30784433917613807
8141342269,8,-21.94477844,-46.70000076,832.9,174,1147,1679,-5,-11,-12,23,10,26,19,26,42,49.0,349,12,19,26308.3,0,6,120,0,0,70002,2.0,2040.8150332648963,17.029386365926403,3.0,0.0,0.0,4188,2.3266666666666667,2088.684537203734,10.2,0.9711838615359932,-1.3554828051306735
8141443269,8,-21.94481277,-46.71666718,834.7,-7,943,1978,-11,-21,15,23,10,26,19,26,43,49.0,351,1,19,26308.3,0,10,120,0,0,70003,1.0,2191.2968762812584,28.053520278211074,1.8000000000000682,0.0,0.0,351,0.0975,2110.472785009354,12.6,0.9123560927262522,0.8148560927262521
8141545269,8,-21.94487762,-46.71666718,834.3,-21,1089,2050,67,-142,57,23,10,26,19,26,45,49.0,349,26,19,26308.4,0,28,120,0,0,70005,2.0,2321.3922546609824,167.0389176210143,-0.40000000000009095,0.10000000000218279,-3.999999999913598,9074,5.041111111111111,2162.374660467143,15.0,4.48633570152583,-0.5547754095852815
8141646269,8,-21.94490242,-46.71666718,833.3,-24,1253,1554,4,-11,-13,23,10,26,19,26,46,49.0,343,66,28,26308.4,0,34,120,0,0,70006,1.0,1996.3719593302246,17.4928556845359,-1.0,0.0,0.0,22638,6.288333333333333,2134.1559880619648,19.4,9.588794452963336,3.300461119630003
8141748269,8,-21.94501495,-46.71666718,833.2,-55,1117,1781,8,-34,6,23,10,26,19,26,48,49.0,345,45,34,26308.4,0,26,120,0,0,70008,2.0,2103.0156918102157,35.4400902933387,-0.09999999999990905,0.0,0.0,15525,8.625,2130.578363069516,23.8,6.427882926704081,-2.197117073295919
8141850269,8,-21.945158,-46.71666718,834.6,-70,1001,2291,-11,-73,11,23,10,26,19,26,50,49.0,348,27,34,26308.4,0,20,120,0,0,70010,2.0,2501.11615084146,74.63913182774837,1.3999999999999773,0.0,0.0,9396,5.22,2222.6385865848283,26.8,4.3154551977575455,-0.9045448022424543
8141951269,8,-21.94521332,-46.71666718,834.8,-70,812,1638,-21,-8,-10,23,10,26,19,26,51,49.0,347,36,35,26308.4,0,22,120,0,0,70011,1.0,1829.5595098274339,24.596747752497688,0.1999999999999318,0.0,0.0,12492,3.47,2150.2911132940635,30.0,5.398646369788908,1.928646369788908
8142053269,8,-21.94535637,-46.71666718,834.8,79,964,2103,21,-5,-3,23,10,26,19,26,53,49.0,346,39,36,26308.4,0,24,119,0,0,70013,2.0,2314.766942912396,21.79449471770337,0.0,0.0,0.0,13494,7.496666666666667,2148.966050944346,33.4,7.657801943183825,0.1611352765171583
8142154269,8,-21.94543266,-46.71666718,835.3,148,1060,1855,29,38,-10,23,10,26,19,26,54,49.0,347,25,36,26308.4,0,16,119,0,0,70014,1.0,2141.6183133322334,48.83646178829912,0.5,0.0,0.0,8675,2.4097222222222223,2178.015321744748,35.0,2.535096797760577,0.12537457553835463
8142501279,8,-21.94584656,-46.71666718,836.2,-3,930,1775,2,-30,4,23,10,26,19,27,1,49.0,351,1,17,26308.5,0,6,119,0,0,70021,2.0,2003.8797369103766,30.331501776206203,-0.7999999999999545,0.0,0.0,351,0.195,2097.9489526687403,26.8,0.4414344675296442,0.2464344675296442
8142602279,8,-21.94588089,-46.71666718,836.3,116,1000,1680,21,4,5,23,10,26,19,27,2,49.0,349,19,16,26308.5,0,24,119,0,0,70022,1.0,1958.534145732466,21.95449840010015,0.09999999999990905,0.0,0.0,6631,1.8419444444444444,2061.332119148787,22.8,3.22773153355156,1.3857870891071158
8142704279,8,-21.94593811,-46.71666718,838.2,-48,991,1828,-11,-10,23,23,10,26,19,27,4,49.0,347,32,20,26308.5,0,28,119,0,0,70024,2.0,2079.896391650315,27.386127875258307,1.900000000000091,0.0,0.0,11104,6.168888888888889,2068.4627702339976,20.2,5.606645591775331,-0.5622432971135574
8142805279,8,-21.94597816,-46.71666718,837.8,-35,1127,1713,-18,-16,-34,23,10,26,19,27,5,49.0,347,30,25,26308.5,0,24,119,0,0,70025,1.0,2050.7859468993834,41.66533331199932,-0.40000000000009095,0.0,0.0,10410,2.8916666666666666,2024.0808083848522,19.8,4.074412130882071,1.1827454642154045
8142907279,8,-21.94604301,-46.71666718,836.9,191,909,1823,4,-19,-61,23,10,26,19,27,7,49.0,349,14,28,26308.5,0,16,119,0,0,70027,2.0,2045.9938905089623,64.01562309311689,-0.8999999999999773,0.0,0.0,4886,2.7144444444444447,2027.8180223403003,21.2,1.8674296763465792,-0.8470147680978655
8143009279,8,-21.9461441,-46.71666718,836.4,1,841,1805,-9,0,8,23,10,26,19,27,9,49.0,350,10,30,26308.5,0,14,119,0,0,70029,2.0,1991.3078616828689,12.041594578792296,-0.5,0.0,0.0,3500,1.9444444444444444,2025.3036472947992,23.8,2.0447731425305116,0.10032869808606715
8143110279,8,-21.94620323,-46.71666718,836.5,-96,1006,1888,3,13,45,23,10,26,19,27,10,49.0,349,15,32,26308.6,0,16,119,0,0,70030,1.0,2141.4471742258784,46.93612681080534,0.10000000000002274,0.09999999999854481,1.0000000000147793,5235,1.4541666666666666,2061.8862529934813,27.0,2.1306793815393257,0.6765127148726591
8143517279,8,-21.94656944,-46.71666718,838.2,17,640,1430,-54,-15,15,23,10,26,19,27,17,49.0,350,26,18,26308.6,0,32,119,0,0,70037,2.0,1566.7766273467319,58.01723881744115,0.20000000000004547,0.0,0.0,9100,5.055555555555555,2024.0475609113068,26.8,5.629778483455612,0.574222927900057
8143618279,8,-21.94662285,-46.71666718,838.7,7,1251,1640,30,6,-8,23,10,26,19,27,18,49.0,342,76,27,26308.6,0,36,119,0,0,70038,1.0,2062.680295149978,31.622776601683793,0.5,0.0,0.0,25992,7.22,2008.294185096127,25.8,9.587483333211498,2.3674833332114984
8143720279,8,-21.94672203,-46.71666718,837.7,-5,1190,1748,-17,-25,6,23,10,26,19,27,20,49.0,344,59,36,26308.6,0,28,119,0,0,70040,2.0,2114.622661374837,30.822070014844883,-1.0,0.0,0.0,20296,11.275555555555556,2022.3761559859079,26.4,9.922414344570095,-1.353141210985461
8143821279,8,-21.9467907,-46.71666718,836.5,42,998,2016,-6,-16,4,23,10,26,19,27,21,49.0,347,28,40,26308.7,0,20,119,0,0,70041,1.0,2249.8942197356746,17.549928774784245,-1.2000000000000455,0.10000000000218279,-11.99999999973852,9716,2.698888888888889,2049.30029897819,28.6,4.349640890672546,1.6507520017836574
8143923279,8,-21.94694138,-46.71666718,837.9,144,973,1608,-8,-5,-4,23,10,26,19,27,23,49.0,349,8,42,26308.7,0,12,119,0,0,70043,2.0,1884.9745356370202,10.246950765959598,1.3999999999999773,0.0,0.0,2792,1.551111111111111,1975.7896678488482,32.6,1.7788482889037325,0.22773717779262137
8144024279,8,-21.94702721,-46.71666718,838.3,155,777,1898,-53,-12,1,23,10,26,19,27,24,49.0,350,3,42,26308.7,0,8,119,0,0,70044,1.0,2056.7347908760626,54.35071296680477,0.39999999999997726,0.0,0.0,1050,0.2916666666666667,2073.781300554715,37.4,0.3368106949415181,0.04514402827485142
8144126279,8,-21.94717216,-46.71666718,836.9,135,825,2059,-9,-4,-4,23,10,26,19,27,26,49.0,350,3,42,26308.7,0,8,119,0,0,70046,2.0,2222.2355860709276,10.63014581273465,-1.3999999999999773,0.0,0.0,1050,0.5833333333333334,2105.692358738904,40.4,0.5789617342856707,-0.004371599047662711
8144228279,8,-21.94729996,-46.71666718,834.2,110,756,1965,36,11,11,23,10,26,19,27,28,49.0,351,1,42,26308.7,0,6,119,0,0,70048,2.0,2108.283899288708,39.21734310225516,-2.699999999999932,0.0,0.0,351,0.195,2104.4246063216788,41.6,0.4029410331959254,0.20794103319592538
8144329279,8,-21.94739342,-46.71666718,833.3,-146,984,1666,-31,-1,4,23,10,26,19,27,29,49.0,350,1,42,26308.7,0,6,119,0,0,70049,1.0,1940.3937744695017,31.272991542223778,-0.900000000000091,0.0,0.0,350,0.09722222222222222,2042.524517268444,42.0,0.7166004059267291,0.6193781837045069
8144431279,8,-21.94757271,-46.71666718,832.8,-73,842,1950,16,6,8,23,10,26,19,27,31,49.0,350,1,41,26308.8,0,6,119,0,0,70051,2.0,2125.274805760422,18.867962264113206,-0.5,0.09999999999854481,-5.00000000007276,350,0.19444444444444445,2090.5845712931246,41.8,0.5114544863601238,0.3170100419156794
8144532279,8,-21.94764328,-46.71666718,833.6,-185,834,1815,1,-12,-2,23,10,26,19,27,32,49.0,350,1,41,26308.8,0,6,119,0,0,70052,1.0,2005.9925224187652,12.206555615733702,0.8000000000000682,0.0,0.0,350,0.09722222222222222,2080.436117601665,41.6,0.6509264912509052,0.553704269028683
8144837279,8,-21.9479351,-46.71666718,836.0,-34,945,1866,-273,-17,6,23,10,26,19,27,37,49.0,350,30,18,26308.8,0,34,119,0,0,70057,1.0,2091.9218436643373,273.5945905897995,0.20000000000004547,0.0,0.0,10500,2.9166666666666665,2061.2339968823057,31.8,6.833911738854979,3.917245072188312
8144939279,8,-21.9480114,-46.71666718,837.4,-61,1060,1776,38,-26,9,23,10,26,19,27,39,49.0,346,45,24,26308.8,0,30,119,0,0,70059,2.0,2069.1778560578114,46.9148164229596,1.3999999999999773,0.0,0.0,15570,8.65,2050.0146069417833,28.4,8.171907053892808,-0.4780929461071928
8145040279,8,-21.94805717,-46.71666718,837.7,99,1193,1768,2,-4,-4,23,10,26,19,27,40,49.0,344,59,30,26308.8,0,30,119,0,0,70060,1.0,2135.151985222598,6.0,0.3000000000000682,0.0,0.0,20296,5.637777777777778,2075.8464995025497,26.2,6.481571824289094,0.8437940465113156
8145142279,8,-21.94814682,-46.71666718,835.2,107,1265,1930,-25,-18,0,23,10,26,19,27,42,49.0,343,70,36,26308.9,0,30,119,0,0,70062,2.0,2310.1025951242946,30.805843601498726,-2.5,0.10000000000218279,-24.999999999454303,24010,13.338888888888889,2137.747986238266,26.0,12.109137536108841,-1.2297513527800472
8145243279,8,-21.94822311,-46.71666718,835.3,-34,1026,1774,-9,8,-2,23,10,26,19,27,43,49.0,344,58,41,26308.9,0,26,119,0,0,70063,1.0,2049.6116705366408,12.206555615733702,0.09999999999990905,0.0,0.0,19952,5.542222222222223,2131.1931901211365,29.8,8.191776314917334,2.6495540926951113
8145345279,8,-21.94837761,-46.71666718,835.7,173,1038,1687,-19,-21,1,23,10,26,19,27,45,49.0,343,60,45,26308.9,0,26,119,0,0,70065,2.0,1988.3012850169362,28.337254630609507,0.40000000000009095,0.0,0.0,20580,11.433333333333334,2110.469078391656,35.2,8.486531536825558,-2.946801796507776
8145447279,8,-21.94855118,-46.71666718,836.9,-142,1055,1719,-26,-23,-9,23,10,26,19,27,47,49.0,343,61,49,26308.9,0,26,119,0,0,70067,2.0,2021.9174068195764,35.86084215408221,1.1999999999999318,0.0,0.0,20923,11.623888888888889,2101.016988544009,40.2,9.064738999764298,-2.5591498891245905
8145548279,8,-21.94863892,-46.71666718,836.8,197,1052,1852,-61,4,-1,23,10,26,19,27,48,48.5,345,5,53,26308.9,0,0,119,0,0,70068,1.0,2139.0224402749964,61.13918547053109,-0.10000000000002274,0.0,0.0,1725,0.4791666666666667,2101.7910795544885,44.8,0.0,-0.4791666666666667
8146259279,8,-21.94959641,-46.71666718,832.4,-74,850,1889,-303,123,-70,23,10,26,19,27,59,49.0,351,3,22,26309.1,0,24,119,0,0,70079,1.0,2072.7510704375477,334.4218892357377,-2.300000000000068,0.0,0.0,1053,0.2925,1866.0950671885857,34.2,3.727100415300011,3.434600415300011
8146301289,8,-21.94966888,-46.71666718,832.3,34,1033,1776,10,-26,14,23,10,26,19,28,1,49.0,346,45,29,26309.1,0,28,119,0,0,70081,2.0,2054.8530361074486,31.176914536239792,-0.10000000000002274,0.0,0.0,15570,8.65,1892.5305784825389,31.0,6.466254546714827,-2.183745453285173
8146402289,8,-21.94974327,-46.71666718,832.4,131,1142,1569,-27,-14,-2,23,10,26,19,28,2,48.5,345,49,37,26309.1,0,24,119,0,0,70082,1.0,1945.01568117072,30.479501308256342,0.10000000000002274,0.0,0.0,16905,4.695833333333334,2117.010524861878,30.0,7.407900123074397,2.712066789741063
8146504289,8,-21.94986343,-46.71666718,830.9,-125,887,1539,-4,-5,3,23,10,26,19,28,4,48.5,346,36,43,26309.1,0,20,119,0,0,70084,2.0,1780.7063205368818,7.0710678118654755,-1.5,0.0,0.0,12456,6.92,2028.4214886747955,31.6,5.208275435252612,-1.7117245647473878
8146606289,8,-21.95003128,-46.71666718,829.7,57,858,1935,-19,-7,-7,23,10,26,19,28,6,48.5,343,66,49,26309.1,0,26,119,0,0,70086,2.0,2117.4602711739362,21.42428528562855,-1.1999999999999318,0.0,0.0,22638,12.576666666666666,1994.1572758853067,36.0,9.28699628116368,-3.289670385502987
8146707289,8,-21.95014381,-46.71666718,828.4,-386,1048,1679,-5,7,1,23,10,26,19,28,7,48.5,347,26,55,26309.2,0,18,119,0,0,70087,1.0,2016.5170467913233,8.660254037844387,-1.3000000000000682,0.10000000000218279,-12.99999999971692,9022,2.506111111111111,1982.910471156062,42.6,3.890857161328675,1.3847460502175637
8146809289,8,-21.95034599,-46.71666718,829.1,-188,931,2250,8,1,9,23,10,26,19,28,9,48.5,348,18,59,26309.2,0,16,119,0,0,70089,2.0,2442.2540817859226,12.083045973594572,0.7000000000000455,0.0,0.0,6264,3.48,2060.390680291757,48.6,3.274136864167812,-0.20586313583218807
8146910289,8,-21.95046234,-46.71666718,828.6,-145,1084,1928,0,-26,-8,23,10,26,19,28,10,48.5,348,14,61,26309.2,0,14,119,0,0,70090,1.0,2216.588595116378,27.202941017470888,-0.5,0.0,0.0,4872,1.3533333333333333,2114.705263080888,53.4,2.948478021012005,1.595144687678672
8147012289,8,-21.95069313,-46.71666718,828.2,121,872,2188,37,46,-24,23,10,26,19,28,12,48.5,350,4,63,26309.2,0,10,119,0,0,70092,2.0,2358.467510906182,63.72597586541927,-0.39999999999997726,0.0,0.0,1400,0.7777777777777778,2230.2575011547483,57.4,0.5596834215360491,-0.21809435624172868
8147215289,8,-21.9510994,-46.71666718,828.8,218,966,1613,-66,-39,-24,23,10,26,19,28,15,48.5,350,2,63,26309.3,0,0,119,0,0,70095,1.0,1892.7358505612979,80.3305670339753,1.8999999999999773,0.0,0.0,700,0.19444444444444445,2299.6003204260974,61.6,0.6074616878487787,0.4130172434043343
8147418289,8,-21.95141792,-46.71666718,828.0,58,814,1218,-34,-36,-4,23,10,26,19,28,18,48.5,350,2,61,26309.4,0,6,119,0,0,70098,1.0,1466.1118647633953,49.678969393496885,-0.10000000000002274,0.10000000000218279,-0.9999999999783995,700,0.19444444444444445,2069.941673092627,62.2,0.4354061251720535,0.24096168072760907
8147520289,8,-21.95158195,-46.71666718,826.7,-162,886,2106,-8,-30,10,23,10,26,19,28,20,48.5,350,6,59,26309.4,0,10,119,0,0,70100,2.0,2290.518718543902,32.61901286060018,-1.2999999999999545,0.0,0.0,2100,1.1666666666666667,2056.351914620171,61.4,0.7494051405504468,-0.4172615261162199
8147621289,8,-21.95167351,-46.71666718,826.0,181,870,1655,-33,-3,-34,23,10,26,19,28,21,48.5,337,136,60,26309.4,0,38,119,0,0,70101,1.0,1878.479704441866,47.47630988187688,-0.7000000000000455,0.0,0.0,45832,12.731111111111112,1914.4567427564027,61.0,20.01841655514443,7.2873054440333185
8147723289,8,-21.95184898,-46.71666718,828.0,311,1069,1970,58,-1,-72,23,10,26,19,28,23,48.5,334,146,67,26309.4,0,38,118,0,0,70103,2.0,2262.8261090945543,92.46080250571049,2.0,0.0,0.0,48764,27.09111111111111,1988.474794463054,61.8,21.436023696242387,-5.655087414868724
8147825289,8,-21.95202827,-46.71666718,821.4,363,1210,1643,10,2,-58,23,10,26,19,28,25,48.5,337,109,71,26309.5,0,34,118,0,0,70105,2.0,2072.5148974132853,58.88972745734183,-6.600000000000023,0.09999999999854481,-66.00000000096065,36733,20.407222222222224,1994.0902588514007,63.6,15.951512978850337,-4.455709243371887
8147926289,8,-21.95211601,-46.71666718,823.0,-106,1222,1624,-3,-73,-13,23,10,26,19,28,26,48.5,338,87,75,26309.5,0,30,118,0,0,70106,1.0,2035.164858187169,74.20916385460761,1.6000000000000227,0.0,0.0,29406,8.168333333333333,2107.9008575361554,66.4,13.47187430132159,5.303540967988257
8148028289,8,-21.95225143,-46.71666718,824.4,167,1058,2139,66,-48,-53,23,10,26,19,28,28,48.5,343,41,74,26309.5,0,18,118,0,0,70108,2.0,2392.1902098286414,97.30878685915265,1.3999999999999773,0.0,0.0,14063,7.812777777777778,2128.2351557931033,69.4,4.285628925717693,-3.527148852060085
8148129289,8,-21.95230103,-46.71666718,828.9,356,671,1971,25,-56,-53,23,10,26,19,28,29,48.5,348,13,70,26309.6,0,14,118,0,0,70109,1.0,2112.3015883154562,81.05553651663777,4.5,0.09999999999854481,45.000000000654836,4524,1.2566666666666666,2174.9995325678215,71.4,5.226511528132885,3.9698448614662185
8148231289,8,-21.9523468,-46.71666718,827.3,-151,933,1731,-56,-72,-1,23,10,26,19,28,31,48.5,335,125,70,26309.6,0,36,117,0,0,70111,2.0,1972.2198153349946,91.21951545584969,-1.6000000000000227,0.0,0.0,41875,23.26388888888889,2116.8782738159093,72.0,19.894475907719755,-3.369412981169134
8148333289,8,-21.9523716,-46.71666718,829.2,-15,977,2734,-23,9,2,23,10,26,19,28,33,48.5,345,32,69,26309.6,0,18,117,0,0,70113,2.0,2903.3618444830468,24.779023386727733,1.900000000000091,0.0,0.0,11040,6.133333333333334,2283.0476632298614,71.6,5.138864788808003,-0.994468544525331
8148434289,8,-21.95238876,-46.71666718,829.4,366,842,1668,-34,6,-4,23,10,26,19,28,34,48.5,346,38,68,26309.7,0,22,117,0,0,70114,1.0,1903.9810923430937,34.75629439396553,0.1999999999999318,0.10000000000218279,1.9999999999556621,13148,3.652222222222222,2256.8109100610463,70.2,6.527996631688205,2.8757744094659827
8148536289,8,-21.95241165,-46.71666718,830.9,177,1177,1729,-39,0,-6,23,10,26,19,28,36,48.5,335,123,71,26309.7,0,36,117,0,0,70116,2.0,2099.0709849835953,39.45883931389772,1.5,0.0,0.0,41205,22.891666666666666,2198.1870650920373,69.6,18.02111676253792,-4.870549904128747
8148637289,8,-21.952425,-46.71666718,830.7,354,992,1969,-62,-33,13,23,10,26,19,28,37,48.5,335,117,76,26309.7,0,34,117,0,0,70117,1.0,2233.0116434985284,71.42828571371429,-0.1999999999999318,0.0,0.0,39195,10.8875,2222.3290761286516,70.8,14.779180144656838,3.8916801446568385
8148739289,8,-21.9524498,-46.71666718,830.8,35,1118,1551,-23,18,16,23,10,26,19,28,39,48.0,338,76,79,26309.8,0,26,117,0,0,70119,2.0,1912.2630572178086,33.301651610693426,0.09999999999990905,0.09999999999854481,1.0000000000136424,25688,14.27111111111111,2210.3377245052147,72.6,8.470768781351953,-5.800342329759157
8148841289,8,-21.95249748,-46.71666718,831.5,-245,990,1080,-14,39,35,23,10,26,19,28,41,48.0,340,70,81,26309.8,0,26,117,0,0,70121,2.0,1485.4376459481562,54.24020648928247,0.7000000000000455,0.0,0.0,23800,13.222222222222221,1926.7528847982364,75.0,8.458406105581972,-4.76381611664025
8148942289,8,-21.95252991,-46.71666718,831.7,91,1072,2355,-14,-17,24,23,10,26,19,28,42,48.0,336,115,83,26309.8,0,34,117,0,0,70122,1.0,2589.109885655686,32.57299494980466,0.20000000000004547,0.0,0.0,38640,10.733333333333333,2063.778643460755,78.0,18.549725868721666,7.816392535388333
8149044289,8,-21.95262718,-46.71666718,831.0,29,1138,1683,18,51,32,23,10,26,19,28,44,48.0,330,165,87,26309.9,0,40,117,0,0,70124,2.0,2031.840052760059,62.8410693734599,-0.7000000000000455,0.10000000000218279,-6.99999999984766,54450,30.25,2050.332457016048,81.2,20.29387660797834,-9.95612339202166
8149145289,8,-21.95269585,-46.71666718,831.1,-228,1160,2078,-5,-3,37,23,10,26,19,28,45,48.0,339,69,90,26309.9,0,26,117,0,0,70125,1.0,2390.746326986617,37.456641600656084,0.10000000000002274,0.0,0.0,23391,6.4975,2081.8793937136656,84.0,8.990502004512468,2.4930020045124683
8149247289,8,-21.95286179,-46.71666718,829.9,-118,772,1317,16,4,41,23,10,26,19,28,47,48.0,335,121,92,26309.9,0,34,116,0,0,70127,2.0,1531.1423839734828,44.19275958796871,-1.2000000000000455,0.0,0.0,40535,22.519444444444446,2005.6552590648002,86.6,15.597873036418813,-6.921571408025633
8149348289,8,-21.95296669,-46.71666718,830.4,-159,1168,1888,-5,104,32,23,10,26,19,28,48,48.0,337,92,95,26310.0,0,30,116,0,0,70128,1.0,2225.769305206629,108.92658077806354,0.5,0.09999999999854481,5.00000000007276,31004,8.612222222222222,2153.7215909164947,89.4,9.645375249710474,1.033153027488252
8149450289,8,-21.95319748,-46.71666718,830.9,-229,1308,1735,69,70,33,23,10,26,19,28,50,48.0,334,122,97,26310.0,0,36,116,0,0,70130,2.0,2184.84095531002,103.6822067666386,0.5,0.0,0.0,40748,22.637777777777778,2072.8678048473616,92.2,21.054278253165577,-1.5834995246122006
8149552289,8,-21.95349693,-46.71666718,832.6,-174,1306,1954,2,-23,57,23,10,26,19,28,52,48.0,334,121,101,26310.1,0,34,116,0,0,70132,2.0,2356.698538209756,61.497967446087195,1.7000000000000455,0.09999999999854481,17.000000000247837,40414,22.452222222222222,2137.839501937301,95.0,18.746076395209272,-3.70614582701295
8149653289,8,-21.95365906,-46.71666718,833.4,-438,1181,1782,19,-16,60,23,10,26,19,28,53,48.0,337,88,103,26310.1,0,30,116,0,0,70133,1.0,2182.23028115733,64.93843238021688,0.7999999999999545,0.0,0.0,29656,8.237777777777778,2096.136292771443,97.6,13.304107331728186,5.066329553950409
8149755289,8,-21.95401001,-46.71666718,834.0,48,656,1563,-15,-2,45,23,10,26,19,28,55,47.5,337,86,105,26310.2,0,28,115,0,0,70135,2.0,1695.7620705747609,47.47630988187688,0.6000000000000227,0.10000000000218279,5.99999999986926,28982,16.101111111111113,2129.060230091699,100.2,9.24777909859164,-6.853332012519473
8151117299,8,-21.95878029,-46.71666718,813.4,592,741,2178,-77,-105,-62,23,10,26,19,29,17,48.0,349,3,92,26310.8,0,8,116,0,2,70157,2.0,2375.548147270436,144.215117099422,-0.7000000000000455,0.09999999999854481,-7.000000000102318,1047,0.5816666666666667,2049.2403417283685,96.4,2.0290273757255886,1.447360709058922
8151219299,8,-21.95908165,-46.73333359,811.4,222,759,2282,19,-10,-23,23,10,26,19,29,19,48.0,348,14,91,26310.8,0,14,103,0,2,70159,2.0,2415.1374702074413,31.464265445104548,-2.0,0.0,0.0,4872,2.7066666666666666,2066.184753047474,94.4,2.933354768051443,0.22668810138477635
8151320299,8,-21.95922089,-46.73333359,811.2,50,1016,2174,-19,42,19,23,10,26,19,29,20,48.0,346,36,91,26310.9,0,20,103,0,2,70160,1.0,2400.214990370654,49.85980344927164,-0.1999999999999318,0.10000000000218279,-1.9999999999556621,12456,3.46,2154.1934158906197,92.8,5.566471151591204,2.1064711515912045
8151422299,8,-21.95948982,-46.73333359,811.3,40,916,2502,-6,-21,12,23,10,26,19,29,22,48.0,344,50,89,26310.9,0,24,103,0,2,70162,2.0,2664.7063628099813,24.919871588754223,0.09999999999990905,0.0,0.0,17200,9.555555555555555,2386.1810043083615,91.4,9.005020015721504,-0.5505355398340512
8151523299,8,-21.95962715,-46.73333359,810.6,177,982,2100,24,-2,3,23,10,26,19,29,23,48.0,343,56,88,26311.0,0,24,103,0,2,70163,1.0,2325.006021497579,24.269322199023193,-0.6999999999999318,0.09999999999854481,-7.000000000101181,19208,5.335555555555556,2436.122598431218,90.2,9.496969072754977,4.1614135171994215
8151625299,8,-21.95988846,-46.73333359,814.7,-64,683,2014,-1,-34,5,23,10,26,19,29,25,48.0,344,40,85,26311.0,0,20,103,0,2,70165,2.0,2127.6233219251944,34.38022687534217,4.100000000000023,0.0,0.0,13760,7.644444444444445,2386.5376333621703,88.8,5.319600821408202,-2.3248436230362426
8151726299,8,-21.96000481,-46.73333359,815.8,-17,1004,1603,-27,-54,-1,23,10,26,19,29,26,47.5,340,87,83,26311.0,0,30,103,0,2,70166,1.0,1891.537469890565,60.382116557802114,1.099999999999909,0.0,0.0,29580,8.216666666666667,2281.8176332987946,87.2,13.261395589128497,5.044728922461831
8151828299,8,-21.96025658,-46.73333359,816.0,179,1023,1208,-28,31,20,23,10,26,19,29,28,47.5,331,150,85,26311.1,0,38,103,0,2,70168,2.0,1593.0580654828625,46.314144707637645,0.20000000000004547,0.09999999999854481,2.0000000000295586,49650,27.583333333333332,2120.3862483212365,86.0,21.6542543666133,-5.929078966720031
8151930299,8,-21.96053696,-46.73333359,817.8,-206,1329,2186,-7,25,31,23,10,26,19,29,30,47.5,328,172,88,26311.1,0,42,103,0,2,70170,2.0,2566.568331449603,40.43513323831146,1.7999999999999545,0.0,0.0,56416,31.342222222222222,2100.7586420491607,85.8,30.739203914184685,-0.6030183080375373
8152031299,8,-21.96068954,-46.73333359,819.2,-135,1099,1601,-25,-17,13,23,10,26,19,29,31,47.5,334,111,91,26311.1,0,30,102,0,2,70171,1.0,1946.5936915545576,32.90896534380867,1.400000000000091,0.0,0.0,37074,10.298333333333334,2025.0761760605565,86.4,9.331945122896263,-0.9663882104370707
8152133299,8,-21.96101952,-46.73333359,819.2,-107,953,2074,10,31,-9,23,10,26,19,29,33,47.5,338,82,91,26311.2,0,28,102,0,2,70173,2.0,2284.9800874405887,33.793490497431605,0.0,0.10000000000218279,0.0,27716,15.397777777777778,2056.5475291636353,87.6,11.883426867478159,-3.514350910299619
8152234299,8,-21.96117592,-46.73333359,819.9,-146,869,2281,-37,-39,16,23,10,26,19,29,34,47.5,344,29,90,26311.2,0,18,102,0,2,70174,1.0,2445.288939982349,56.089214649520635,0.6999999999999318,0.0,0.0,9976,2.7711111111111113,2167.297823181992,89.0,4.271115135681596,1.5000040245704844
8152336299,8,-21.96150017,-46.73333359,817.9,-27,868,1541,8,14,48,23,10,26,19,29,36,47.5,342,56,88,26311.3,0,24,102,0,2,70176,2.0,1768.851039516895,50.635955604688654,-2.0,0.09999999999854481,-20.00000000029104,19152,10.64,2202.456417988799,89.6,8.932832611367624,-1.7071673886323762
8152438299,8,-21.96183014,-46.73333359,817.1,-400,1098,1577,3,-7,63,23,10,26,19,29,38,47.5,338,94,89,26311.3,0,32,102,0,2,70178,2.0,1962.7870490707849,63.45864795282043,-0.7999999999999545,0.0,0.0,31772,17.65111111111111,2081.7001615130353,89.8,14.081370972037845,-3.5697401390732644
8152539299,8,-21.96201324,-46.73333359,816.6,-350,970,1861,-25,74,63,23,10,26,19,29,39,47.5,337,90,91,26311.3,0,30,102,0,2,70179,1.0,2127.6092216382217,100.34938963441681,-0.5,0.0,0.0,30330,8.425,2117.9032675297676,89.8,12.895753894774858,4.470753894774857
8152641299,8,-21.96239471,-46.73333359,817.6,85,831,1919,-52,100,-5,23,10,26,19,29,41,47.5,337,93,94,26311.4,0,30,101,0,2,70181,2.0,2092.9278535104836,112.8228700219951,1.0,0.10000000000218279,9.999999999781721,31341,17.411666666666665,2079.492820743747,90.4,10.076820291647843,-7.334846375018822
8152742299,8,-21.96260071,-46.73333359,817.7,217,1008,1819,19,-22,-13,23,10,26,19,29,42,47.5,339,64,98,26311.4,0,26,101,0,2,70182,1.0,2090.9122411043463,31.843366656181317,0.10000000000002274,0.0,0.0,21696,6.026666666666666,2008.6174809681463,92.0,9.140722446317625,3.1140557796509585
8152844299,8,-21.96304512,-46.73333359,814.9,-71,1005,1974,4,-39,16,23,10,26,19,29,44,47.5,344,33,99,26311.5,0,20,101,0,2,70184,2.0,2216.2450225550424,42.34383071948026,-2.800000000000068,0.09999999999854481,-28.000000000408136,11352,6.306666666666667,2098.0962775757753,94.2,5.838183889830608,-0.46848277683605843
8153047299,8,-21.96370697,-46.73333359,812.0,-160,910,2003,4,-10,3,23,10,26,19,29,47,47.5,348,1,97,26311.6,0,4,101,0,2,70187,1.0,2205.835215966959,11.180339887498949,-0.2999999999999545,0.09999999999854481,-3.000000000043201,348,0.09666666666666666,2184.0375207572883,97.2,0.6688938155136299,0.5722271488469632
8153149299,8,-21.96414375,-46.73333359,810.2,0,865,1583,43,35,-9,23,10,26,19,29,49,47.5,348,1,96,26311.6,0,4,101,0,2,70189,2.0,1803.9162951755827,56.16938667993447,-1.7999999999999545,0.0,0.0,348,0.19333333333333333,2126.2352090903087,97.6,0.6896766991185955,0.49634336578526217
8153250299,8,-21.9643631,-46.73333359,810.3,243,824,1853,-14,21,-4,23,10,26,19,29,50,47.5,348,1,96,26311.6,0,4,101,0,2,70190,1.0,2042.4578331020691,25.553864678361276,0.09999999999990905,0.0,0.0,348,0.09666666666666666,2116.5443274898525,97.2,0.6758740076727364,0.5792073410060697
8153657299,8,-21.96580887,-46.73333359,805.8,-91,752,1823,-21,24,-11,23,10,26,19,29,57,47.5,348,6,90,26311.8,0,10,114,0,0,70197,2.0,1974.1109391318412,33.734255586866,-2.800000000000068,0.0,0.0,2088,1.16,2098.8512445465913,92.8,1.3900635878573933,0.23006358785739334
8153758299,8,-21.9660244,-46.73333359,805.7,-147,1064,2002,12,-19,21,23,10,26,19,29,58,47.5,344,43,91,26311.8,0,22,114,0,0,70198,1.0,2271.9394798277526,30.757112998459398,-0.09999999999990905,0.0,0.0,14792,4.108888888888889,2144.7475738917283,91.8,7.264985522246696,3.156096633357807
8153800309,8,-21.96644211,-46.73333359,804.9,-82,864,1718,-63,-4,-8,23,10,26,19,30,0,47.5,343,52,94,26311.9,0,22,114,0,0,70200,2.0,1924.7711552285898,63.631753079732135,-0.8000000000000682,0.10000000000218279,-7.999999999826059,17836,9.908888888888889,2047.1212002712412,91.6,7.550082307254977,-2.358806581633912
8153901309,8,-21.96664619,-46.73333359,803.8,12,954,1616,22,-3,-1,23,10,26,19,30,1,47.5,347,15,96,26311.9,0,14,114,0,0,70201,1.0,1876.6235637442048,22.22611077089287,-1.1000000000000227,0.0,0.0,5205,1.4458333333333333,2012.329392991932,92.4,3.048268828954572,1.6024354956212385
8154003309,8,-21.96707153,-46.73333359,800.3,-167,768,1832,20,-8,1,23,10,26,19,30,3,47.5,347,11,97,26312.0,0,12,114,0,0,70203,2.0,1993.473601530755,21.563858652847824,-3.5,0.09999999999854481,-35.00000000050932,3817,2.1205555555555557,2008.1837478926288,93.6,1.394630874022161,-0.7259246815333948
8154105309,8,-21.96749687,-46.73333359,798.1,292,841,1556,-24,9,-58,23,10,26,19,30,5,47.5,347,11,99,26312.0,0,12,114,0,0,70205,2.0,1792.674259312048,63.41135544995076,-2.199999999999932,0.0,0.0,3817,2.1205555555555557,1971.8964119286702,95.4,1.9491875662622349,-0.17136798929332087
8154206309,8,-21.96769714,-46.73333359,796.3,17,760,1910,22,29,-33,23,10,26,19,30,6,47.5,347,11,100,26312.1,0,12,114,0,0,70206,1.0,2055.7210413866956,49.13247398615299,-1.8000000000000682,0.09999999999854481,-18.000000000262617,3817,1.0602777777777779,1928.6527242404586,97.2,2.0253630125286537,0.9650852347508758
8154308309,8,-21.96809769,-46.73333359,792.7,-190,970,1281,-78,21,-18,23,10,26,19,30,8,47.5,348,3,102,26312.1,0,6,114,0,0,70208,2.0,1618.0114338285746,82.75868534480233,-3.599999999999909,0.0,0.0,1044,0.58,1867.3007799604554,98.8,2.0448211484300596,1.4648211484300595
8154409309,8,-21.96829796,-46.73333359,790.6,-239,1024,2959,20,-20,-16,23,10,26,19,30,9,47.5,348,3,102,26312.1,0,6,114,0,0,70209,1.0,3140.283108256324,32.49615361854384,-2.1000000000000227,0.0,0.0,1044,0.29,2120.0326888628797,100.0,0.9705475081473742,0.6805475081473742
8154917309,8,-21.96988678,-46.73333359,785.3,113,773,2261,-25,-30,-30,23,10,26,19,30,17,47.5,350,3,91,26312.4,0,8,114,0,0,70217,1.0,2392.1578125199017,49.24428900898052,0.0,0.10000000000218279,0.0,1050,0.2916666666666667,2318.9859611046822,97.4,0.0,-0.2916666666666667
8155019309,8,-21.97019958,-46.73333359,785.9,265,607,2305,54,7,-12,23,10,26,19,30,19,47.5,342,75,90,26312.4,0,28,114,0,0,70219,2.0,2398.2700014802335,55.758407437802596,0.6000000000000227,0.0,0.0,25650,14.25,2254.072132751258,94.8,12.057574203533097,-2.192425796466903
8155120309,8,-21.97035027,-46.73333359,786.8,164,926,1853,-20,-42,-22,23,10,26,19,30,20,47.5,339,88,91,26312.4,0,30,114,0,0,70220,1.0,2077.9752164065867,51.45872132107443,0.8999999999999773,0.0,0.0,29832,8.286666666666667,2256.504254172445,92.8,13.317149568262352,5.0304829015956845
8155222309,8,-21.970644,-46.73333359,789.6,19,1151,1968,6,-5,-5,23,10,26,19,30,22,47.0,339,84,91,26312.5,0,30,114,0,0,70222,2.0,2279.9530696924444,9.273618495495704,2.800000000000068,0.09999999999854481,28.000000000408136,28476,15.82,2275.696241739467,91.4,19.353985833800426,3.5339858338004255
8155324309,8,-21.9709301,-46.73333359,793.5,58,1035,1963,39,-32,-13,23,10,26,19,30,24,47.0,339,87,90,26312.5,0,30,114,0,0,70224,2.0,2219.900448218343,52.09606511052442,3.8999999999999773,0.0,0.0,29493,16.385,2273.6513096635017,90.6,17.767743706557937,1.3827437065579353
8155425309,8,-21.97106171,-46.73333359,795.2,1,780,1834,-17,-32,-8,23,10,26,19,30,25,47.0,338,86,88,26312.6,0,30,114,0,0,70225,1.0,1992.9769190836105,37.107950630558946,1.7000000000000455,0.09999999999854481,17.000000000247837,29068,8.074444444444444,2193.815130976244,90.0,14.506428754194435,6.431984309749991
8155527309,8,-21.97131348,-46.73333359,796.1,101,923,1707,-13,-25,-23,23,10,26,19,30,27,47.0,338,95,87,26312.6,0,32,114,0,0,70227,2.0,1943.1878447540782,36.373066958946424,0.8999999999999773,0.0,0.0,32110,17.83888888888889,2102.798699631013,89.4,12.92011994264324,-4.918768946245649
8155628309,8,-21.97141457,-46.73333359,796.1,243,720,1114,-6,-5,-10,23,10,26,19,30,28,47.0,335,113,86,26312.6,0,34,113,0,0,70228,1.0,1348.4973118252776,12.68857754044952,0.0,0.0,0.0,37855,10.515277777777778,1956.9031187147507,88.4,13.376524562861395,2.861246785083617
8155730309,8,-21.97162437,-46.73333359,798.6,-116,1116,2095,4,-2,-16,23,10,26,19,30,30,47.0,333,132,87,26312.7,0,36,113,0,0,70230,2.0,2376.5388698693737,16.61324772583615,2.5,0.10000000000218279,24.999999999454303,43956,24.42,1976.2202787501367,87.6,30.60717479378894,6.187174793788937
8155831309,8,-21.97172165,-46.73333359,800.4,72,1013,1716,2,-35,-18,23,10,26,19,30,31,47.0,330,150,87,26312.7,0,38,113,0,0,70231,1.0,1993.9932296775735,39.408120990476064,1.7999999999999545,0.0,0.0,49500,13.75,1931.0388350419828,87.0,24.7672624251328,11.017262425132799
8155933309,8,-21.97191048,-46.73333359,804.5,110,1065,1975,10,-21,-18,23,10,26,19,30,33,47.0,330,153,89,26312.7,0,38,113,0,0,70233,2.0,2246.541786835936,29.410882339705484,4.100000000000023,0.0,0.0,50490,28.05,1981.751808592448,87.2,24.942939110168535,-3.107060889831466
8156035309,8,-21.97207069,-46.73333359,809.8,77,995,2070,23,-35,-18,23,10,26,19,30,35,47.0,339,67,88,26312.8,0,26,113,0,0,70235,2.0,2298.0108789994883,45.58508528016593,5.2999999999999545,0.09999999999854481,53.0000000007708,22713,12.618333333333334,2052.71641544153,87.4,18.459770915406562,5.841437582073228
8156136309,8,-21.97213936,-46.73333359,813.5,2,1126,1917,15,23,-9,23,10,26,19,30,36,47.0,335,106,86,26312.8,0,32,113,0,0,70236,1.0,2223.2339058227767,28.89636655359978,3.7000000000000455,0.0,0.0,35510,9.863888888888889,2227.6637342410295,87.4,18.275212596021422,8.411323707132533
8156238309,8,-21.97228241,-46.73333359,818.2,-246,923,1446,-25,8,12,23,10,26,19,30,38,47.0,339,68,85,26312.9,0,26,113,0,0,70238,2.0,1733.020773101119,28.861739379323623,4.7000000000000455,0.10000000000218279,46.999999998974545,23052,12.806666666666667,2098.9601148873785,87.0,16.35816116200494,3.5514944953382734
8156339309,8,-21.97234917,-46.73333359,820.6,82,1043,1916,7,24,-12,23,10,26,19,30,39,47.0,340,62,83,26312.9,0,26,113,0,0,70239,1.0,2183.0320657287652,27.730849247724095,2.3999999999999773,0.0,0.0,21080,5.855555555555555,2136.767882097617,86.2,12.466013629804927,6.6104580742493715
8156441309,8,-21.9724884,-46.73333359,823.8,133,940,1886,-2,2,8,23,10,26,19,30,41,47.0,336,91,81,26312.9,0,32,113,0,0,70241,2.0,2111.4651311352504,8.48528137423857,3.199999999999932,0.0,0.0,30576,16.986666666666668,2109.75255095748,84.6,17.669603089878343,0.6829364232116752
8156543309,8,-21.97262383,-46.73333359,826.7,-132,854,1733,-14,14,-18,23,10,26,19,30,43,46.5,334,114,82,26313.0,0,34,113,0,0,70243,2.0,1936.499160857035,26.758176320519304,2.900000000000091,0.09999999999854481,29.000000000422915,38076,21.153333333333332,2037.450207328989,83.4,27.889483733264687,6.736150399931354
8156644309,8,-21.97269058,-46.73333359,827.1,-87,1096,2118,-14,-6,-4,23,10,26,19,30,44,46.5,337,81,83,26313.0,0,28,112,0,0,70244,1.0,2386.358941986725,15.748015748023622,0.39999999999997726,0.0,0.0,27297,7.5825,2070.0752145617785,82.8,12.209958455685914,4.627458455685915
8156746309,8,-21.97283173,-46.73333359,827.6,-13,909,1646,-18,-15,4,23,10,26,19,30,46,46.5,337,76,85,26313.0,0,26,112,0,0,70246,2.0,1880.363262776637,23.769728648009426,0.5,0.0,0.0,25612,14.22888888888889,2099.5437124968826,82.8,7.980389450169186,-6.248499438719703
8156949309,8,-21.97304916,-46.73333359,826.2,-61,844,1815,-16,9,-4,23,10,26,19,30,49,46.5,345,16,86,26313.1,0,14,112,0,0,70249,2.0,2002.5688502520957,18.788294228055936,-0.6999999999999318,0.0,0.0,5520,3.066666666666667,1988.085931935261,84.4,2.9033131027277364,-0.16335356393893052
8157355309,8,-21.97350311,-46.73333359,822.9,-85,873,1039,-9,3,11,23,10,26,19,30,55,46.5,347,3,91,26313.3,0,8,112,0,0,70255,1.0,1359.7334297574653,14.52583904633395,-0.20000000000004547,0.09999999999854481,-2.0000000000295586,1041,0.2891666666666667,1978.91781257775,88.6,0.4380053638999946,0.14883869723332793
8157457309,8,-21.97365952,-46.75,821.6,-95,894,1697,11,6,-2,23,10,26,19,30,57,46.5,347,6,91,26313.3,0,10,112,0,0,70257,2.0,1920.4348465907403,12.68857754044952,-1.2999999999999545,0.0,0.0,2082,1.1566666666666667,1962.491011845479,89.6,0.975034329532747,-0.18163233713391969
8157558309,8,-21.97372818,-46.75,820.6,18,893,1351,23,26,-8,23,10,26,19,30,58,46.5,345,21,92,26313.4,0,16,112,0,0,70258,1.0,1619.5598167403389,35.62302626111375,-1.0,0.10000000000218279,-9.999999999781721,7245,2.0125,1787.1533782983665,90.4,2.699561915764373,0.6870619157643727
8157600319,8,-21.97388458,-46.75,816.8,27,855,1955,-17,36,-9,23,10,26,19,31,0,46.5,346,10,93,26313.4,0,10,112,0,0,70260,2.0,2133.958528181839,40.8166632639171,-3.800000000000068,0.0,0.0,3460,1.9222222222222223,1867.0496530048936,91.2,0.6027056691670475,-1.3195165530551747
8158006319,8,-21.97434807,-46.75,812.0,-138,690,2107,12,-35,21,23,10,26,19,31,6,46.5,347,7,86,26313.6,0,10,112,0,0,70266,1.0,2221.3943819142064,42.5440947723653,-1.0,0.09999999999854481,-10.00000000014552,2429,0.6747222222222222,2035.1477077420313,90.0,0.5561542494172469,-0.11856797280497533
8158108319,8,-21.97448921,-46.75,810.5,435,692,1220,9,26,4,23,10,26,19,31,8,46.5,348,3,88,26313.6,0,8,112,0,0,70268,2.0,1468.4988934282517,27.80287754891569,-1.5,0.0,0.0,1044,0.58,1902.0557807913133,89.0,0.8934421743335338,0.31344217433353383
8158616319,8,-21.97511101,-46.75,800.4,-69,657,1845,-35,-41,4,23,10,26,19,31,16,46.5,348,3,89,26313.8,0,12,112,0,0,70276,2.0,1959.702783587348,54.055527006958314,-0.39999999999997726,0.0,0.0,1044,0.58,2007.6092802993378,90.4,1.8960583022427258,1.316058302242726
8158717319,8,-21.97518921,-46.75,800.6,-350,857,1779,-9,29,-6,23,10,26,19,31,17,46.5,343,54,89,26313.8,0,26,112,0,0,70277,1.0,2005.440101324395,30.95157508108432,0.20000000000004547,0.0,0.0,18522,5.145,1916.3134665485172,90.2,9.292855321333112,4.147855321333113
8158819319,8,-21.97533417,-46.75,800.6,44,1159,1893,-18,-59,-16,23,10,26,19,31,19,46.5,339,80,90,26313.9,0,28,112,0,0,70279,2.0,2220.059909101554,63.72597586541927,0.0,0.10000000000218279,0.0,27120,15.066666666666666,1989.418451939804,90.0,11.437669445793532,-3.628997220873135
8158921319,8,-21.97548294,-46.75,801.7,401,830,2504,6,14,-10,23,10,26,19,31,21,46.5,341,60,89,26313.9,0,24,112,0,0,70281,2.0,2668.2797829313176,18.2208671582886,1.1000000000000227,0.0,0.0,20460,11.366666666666667,2122.070618020292,89.4,7.5289690161939875,-3.8376976504726796
8159022319,8,-21.97555923,-46.75,802.8,-125,1087,2826,-7,-26,1,23,10,26,19,31,22,46.5,348,3,87,26314.0,0,8,112,0,0,70282,1.0,3030.4240627344548,26.94438717061496,1.099999999999909,0.09999999999854481,11.000000000159162,1044,0.29,2376.781327935814,88.8,1.4481055214937537,1.1581055214937537
8160241319,8,-21.97619247,-46.75,806.9,910,537,2134,-32,-300,-561,23,10,26,19,31,41,46.5,348,17,26,26314.3,0,22,112,0,0,70301,1.0,2381.2654198975806,636.9811614168821,1.1000000000000227,0.09999999999854481,11.000000000160298,5916,1.6433333333333333,2074.3337093163755,36.0,6.231426544593139,4.588093211259806
8160343319,8,-21.97606277,-46.75,807.6,1100,761,2116,-15,-261,-531,23,10,26,19,31,43,46.5,331,148,37,26314.3,0,52,112,0,0,70303,2.0,2503.3132045351417,591.8673837947146,0.7000000000000455,0.0,0.0,48988,27.215555555555557,2225.7018612889233,33.4,27.168534047031176,-0.047021508524380806
8160444319,8,-21.97602844,-46.75,807.3,578,1361,1611,-30,-55,-103,23,10,26,19,31,44,46.5,323,189,43,26314.3,0,42,112,0,0,70304,1.0,2186.715802293476,120.55704044144414,-0.3000000000000682,0.0,0.0,61047,16.9575,2249.9682734307953,33.4,22.242348928700743,5.284848928700743
8160546319,8,-21.9759655,-46.75,808.9,379,1237,1721,-13,-39,-14,23,10,26,19,31,46,46.5,325,202,52,26314.3,0,46,112,0,0,70306,2.0,2153.0561999167603,43.42810150121693,1.6000000000000227,0.0,0.0,65650,36.47222222222222,2279.2908891049105,37.2,27.928879436953377,-8.543342785268845
8160648319,8,-21.97589111,-46.75,811.1,60,1238,1799,0,16,21,23,10,26,19,31,48,46.5,329,110,60,26314.3,0,0,112,0,0,70308,2.0,2184.6384140172945,26.40075756488817,2.2000000000000455,0.0,0.0,36190,20.105555555555554,2281.7978081320502,43.6,2.1592019158052156,-17.94635363975034
8161155319,8,-21.97575188,-46.75,816.5,360,822,1922,-18,-94,-259,23,10,26,19,31,55,46.5,346,21,24,26314.4,0,22,111,0,0,70315,1.0,2121.17137450042,276.1177285144871,-0.7000000000000455,0.0,0.0,7266,2.0183333333333335,2000.675491198328,35.2,3.7805370143249384,1.7622036809916048
8161257319,8,-21.97581673,-46.75,816.6,585,836,1969,6,-154,-261,23,10,26,19,31,57,46.5,344,43,28,26314.4,0,28,111,0,0,70317,2.0,2217.674908547238,303.10559216220344,0.10000000000002274,0.0,0.0,14792,8.217777777777778,2048.3516091697,30.0,5.814139611212917,-2.4036381665648614
8161359319,8,-21.97595596,-46.75,815.9,159,1087,1867,-6,11,-14,23,10,26,19,31,59,46.5,340,69,35,26314.5,0,30,111,0,0,70319,2.0,2166.226904089228,18.788294228055936,-0.7000000000000455,0.09999999999854481,-7.000000000102318,23460,13.033333333333333,2085.5478011233345,28.2,9.282685138692855,-3.750648194640478
8161807329,8,-21.97649765,-46.75,816.7,375,1095,1712,17,-49,-151,23,10,26,19,32,7,46.5,340,76,29,26314.5,0,36,111,0,0,70327,2.0,2066.5415553528073,159.6590116466966,0.3000000000000682,0.0,0.0,25840,14.355555555555556,2123.2049610018053,29.0,11.520221573393172,-2.8353339821623837
8161908329,8,-21.9765377,-46.75,816.7,130,1187,1824,-6,0,-10,23,10,26,19,32,8,46.5,338,90,38,26314.5,0,34,111,0,0,70328,1.0,2180.1020618310513,11.661903789690601,0.0,0.0,0.0,30420,8.45,2149.20147162569,29.0,14.236719929913185,5.786719929913186
8162010329,8,-21.97663307,-46.75,816.2,141,1089,1754,-23,-41,-7,23,10,26,19,32,10,46.5,344,36,44,26314.6,0,20,111,0,0,70330,2.0,2069.3762345209243,47.52893855326458,-0.5,0.09999999999854481,-5.00000000007276,12384,6.88,2125.607222450434,32.0,5.296311930948529,-1.5836880690514707
8162924329,8,-21.9767437,-46.75,808.2,265,1072,1805,-21,-135,-262,23,10,26,19,32,24,46.5,344,50,16,26314.7,0,38,111,0,0,70344,2.0,2115.9948015059017,295.4826560053906,-0.09999999999990905,0.0,0.0,17200,9.555555555555555,2123.1027387484605,21.0,6.191948708221377,-3.3636068473341787
8163026329,8,-21.97667885,-46.75,808.1,256,1260,1694,-13,-74,-144,23,10,26,19,32,26,46.5,338,95,26,26314.7,0,40,111,0,0,70346,2.0,2126.680982187973,162.4222891108237,-0.10000000000002274,0.0,0.0,32110,17.83888888888889,2102.060530690497,19.8,14.388225564777226,-3.4506633241116624
8163127329,8,-21.97664642,-46.75,807.6,390,1025,1457,-3,-85,-137,23,10,26,19,32,27,46.5,338,94,35,26314.7,0,36,111,0,0,70347,1.0,1823.615639327542,161.25445730273628,-0.5,0.0,0.0,31772,8.825555555555555,2103.382557842208,21.8,11.720526035113592,2.8949704795580367
8163229329,8,-21.97657967,-46.75,807.4,130,1169,1877,-42,-37,-5,23,10,26,19,32,29,46.5,338,94,43,26314.7,0,32,111,0,0,70349,2.0,2215.0823912441724,56.19608527290847,-0.20000000000004547,0.0,0.0,31772,17.65111111111111,2095.577164394471,26.6,13.122495750469973,-4.528615360641137
8163330329,8,-21.97653961,-46.75,808.0,351,948,1860,-23,-5,-9,23,10,26,19,32,30,46.0,337,97,49,26314.8,0,32,111,0,0,70350,1.0,2116.956541830748,25.199206336708304,0.6000000000000227,0.09999999999854481,6.000000000087539,32689,9.080277777777777,2079.6660712192675,33.8,14.16168939207956,5.081411614301784
8163432329,8,-21.97644806,-46.75,807.6,169,1245,1750,-24,-14,-3,23,10,26,19,32,32,46.0,339,71,54,26314.8,0,26,111,0,0,70352,2.0,2154.31798952708,27.94637722496424,-0.39999999999997726,0.0,0.0,24069,13.371666666666666,2087.330708823503,41.4,10.010870377816019,-3.360796288850647
8163534329,8,-21.97635078,-46.75,806.7,-47,1075,1822,4,-1,2,23,10,26,19,32,34,46.0,339,75,58,26314.8,0,28,111,0,0,70354,2.0,2116.014650232838,4.58257569495584,-0.8999999999999773,0.0,0.0,25425,14.125,2085.1974424324762,47.8,9.224267680482942,-4.900732319517058
8163635329,8,-21.97629547,-46.75,806.4,233,1117,1440,-22,9,23,23,10,26,19,32,35,46.0,338,78,63,26314.8,0,28,110,0,0,70355,1.0,1837.274612027282,33.075670817082454,-0.3000000000000682,0.0,0.0,26364,7.323333333333333,2087.929236972424,53.4,11.169774655932562,3.8464413225992287
8163737329,8,-21.97617722,-46.75,805.5,0,1050,1647,3,1,9,23,10,26,19,32,37,46.0,339,73,68,26314.9,0,28,110,0,0,70357,2.0,1953.2304011559927,9.539392014169456,-0.8999999999999773,0.10000000000218279,-8.999999999803322,24747,13.748333333333333,2035.558838954788,58.4,10.102630332148417,-3.6457030011849163
8163838329,8,-21.97611427,-46.75,805.6,43,1351,1452,-12,43,-6,23,10,26,19,32,38,46.0,337,88,73,26314.9,0,30,110,0,0,70358,1.0,1983.7726684275092,45.044422518220834,0.10000000000002274,0.0,0.0,29656,8.237777777777778,2008.9220642741402,63.2,14.911992996726406,6.674215218948628
8163940329,8,-21.97597504,-46.75,804.2,-214,976,2424,-21,-26,16,23,10,26,19,32,40,46.0,337,87,78,26314.9,0,30,110,0,0,70360,2.0,2621.8596453662426,37.05401462729781,-1.3999999999999773,0.0,0.0,29319,16.288333333333334,2102.430395441973,68.0,14.50553307295754,-1.7828002603757938
8164041329,8,-21.97589874,-46.75,802.8,80,975,2274,-16,3,-28,23,10,26,19,32,41,46.0,338,75,82,26315.0,0,28,110,0,0,70361,1.0,2475.500151484544,32.38826948140329,-1.400000000000091,0.09999999999854481,-14.000000000204636,25350,7.041666666666667,2174.3274956923137,72.8,13.869970392510675,6.828303725844008
8164143329,8,-21.97574997,-46.75,801.4,168,1035,1722,26,6,-9,23,10,26,19,32,43,46.0,338,76,86,26315.0,0,28,110,0,0,70363,2.0,2016.1183001004679,28.160255680657446,-1.3999999999999773,0.0,0.0,25688,14.27111111111111,2210.0962333069515,77.4,12.670476280584852,-1.6006348305262588
8164245329,8,-21.9756012,-46.75,800.3,247,1029,1944,-5,-5,3,23,10,26,19,32,45,46.0,337,80,90,26315.0,0,28,110,0,0,70365,2.0,2213.365311013977,7.681145747868608,-1.1000000000000227,0.0,0.0,26960,14.977777777777778,2262.123215278548,81.8,10.992047413507079,-3.985730364270699
8164346329,8,-21.9755249,-46.75,799.9,-85,1118,2316,6,-46,15,23,10,26,19,32,46,46.0,338,75,93,26315.1,0,28,109,0,0,70366,1.0,2573.131360813124,48.75448697299562,-0.39999999999997726,0.09999999999854481,-4.00000000005798,25350,7.041666666666667,2379.994953755671,85.8,10.589973434639425,3.5483067679727585
8164448329,8,-21.97536087,-46.75,798.5,-65,999,2050,31,-39,0,23,10,26,19,32,48,46.0,336,93,95,26315.1,0,30,109,0,0,70368,2.0,2281.386858908414,49.8196748283246,-1.3999999999999773,0.0,0.0,31248,17.36,2311.9003964641056,89.2,12.025929700274402,-5.334070299725598
8164549329,8,-21.97528076,-46.75,798.3,-187,992,1704,8,11,-4,23,10,26,19,32,49,46.0,336,96,97,26315.2,0,30,109,0,0,70369,1.0,1980.567847865859,14.177446878757825,-0.20000000000004547,0.10000000000218279,-1.999999999956799,32256,8.96,2212.9139357403683,92.2,15.375645558357867,6.415645558357866
8164651329,8,-21.97512245,-46.75,799.8,-67,972,2926,34,57,1,23,10,26,19,32,51,46.0,334,108,98,26315.2,0,32,109,0,0,70371,2.0,3083.950226576298,66.37770710110436,1.5,0.0,0.0,36072,20.04,2426.4803210355344,94.6,14.296493861451562,-5.743506138548437
8164753329,8,-21.9749527,-46.75,801.6,53,993,2261,8,-40,8,23,10,26,19,32,53,45.5,332,123,98,26315.2,0,34,109,0,0,70373,2.0,2470.015991851065,41.569219381653056,1.8000000000000682,0.0,0.0,40836,22.686666666666667,2477.8104572029524,96.2,18.65395296289015,-4.032713703776519
8164854329,8,-21.9748745,-46.75,802.0,60,977,1738,26,8,-6,23,10,26,19,32,54,45.5,332,122,98,26315.3,0,34,109,0,0,70374,1.0,1994.6861908581009,27.85677655436824,0.39999999999997726,0.09999999999854481,4.00000000005798,40504,11.251111111111111,2362.121423211948,97.2,14.508896349404178,3.257785238293067
8164956329,8,-21.97472382,-46.75,802.2,-38,811,2017,8,-9,4,23,10,26,19,32,56,45.5,333,108,97,26315.3,0,32,109,0,0,70376,2.0,2174.2709122830115,12.68857754044952,0.20000000000004547,0.0,0.0,35964,19.98,2340.698233886867,97.6,12.037963952805907,-7.942036047194094
8165057329,8,-21.97463989,-46.75,803.0,-43,904,2025,-10,-43,8,23,10,26,19,32,57,45.5,339,54,95,26315.4,0,24,109,0,0,70377,1.0,2218.0374207844193,44.86646854834911,0.7999999999999545,0.10000000000218279,7.999999999824922,18306,5.085,2388.192148470579,97.2,7.831297708272636,2.7462977082726363
8165159329,8,-21.97448921,-46.75,803.1,-85,760,1953,4,19,-8,23,10,26,19,32,59,45.5,339,52,93,26315.4,0,22,109,0,0,70379,2.0,2097.387422485412,21.0,0.10000000000002274,0.0,0.0,17628,9.793333333333333,2190.879587652402,96.2,5.956246943476952,-3.837086389856381
8165200339,8,-21.97441483,-46.75,803.3,-7,1040,2166,-11,-52,12,23,10,26,19,33,0,45.5,335,101,92,26315.5,0,32,108,0,0,70380,1.0,2402.749466756782,54.48853090330111,0.1999999999999318,0.09999999999854481,2.0000000000284217,33835,9.39861111111111,2177.426282633545,95.0,11.439519275554117,2.0409081644430067
8165302339,8,-21.9742527,-46.75,808.1,-49,1014,1966,-13,-15,-1,23,10,26,19,33,2,45.5,332,123,92,26315.5,0,38,108,0,0,70382,2.0,2212.6348546472823,19.87460691435179,4.800000000000068,0.0,0.0,40836,22.686666666666667,2221.016015391381,93.8,28.020474750322027,5.333808083655359
8165404339,8,-21.97408676,-46.75,811.3,43,939,1099,-38,-18,8,23,10,26,19,33,4,45.5,327,165,95,26315.5,0,42,108,0,0,70384,2.0,1446.1573220089163,42.80186911806539,3.199999999999932,0.0,0.0,53955,29.975,2075.3932973365622,93.4,31.691614523809243,1.7166145238092412
8165505339,8,-21.97400665,-46.75,811.8,290,1142,2115,-11,9,-11,23,10,26,19,33,5,45.5,325,181,98,26315.6,0,42,108,0,0,70385,1.0,2421.051217962974,17.97220075561143,0.5,0.09999999999854481,5.00000000007276,58825,16.34027777777778,2115.9960567722733,94.0,24.45258030505192,8.112302527274142
8165607339,8,-21.97384644,-46.75,812.0,132,961,1660,-6,16,0,23,10,26,19,33,7,45.0,324,183,101,26315.6,0,42,108,0,0,70387,2.0,1922.6401119294271,17.08800749063506,0.20000000000004547,0.0,0.0,59292,32.94,2081.0465946610766,95.6,23.656158017743994,-9.283841982256003
8165708339,8,-21.97375679,-46.73333359,812.6,273,1049,1833,-18,-19,-24,23,10,26,19,33,8,45.0,325,173,103,26315.7,0,42,107,0,0,70388,1.0,2129.5114463181453,35.510561809129406,0.6000000000000227,0.10000000000218279,5.99999999986926,56225,15.618055555555555,2026.3989905733492,97.8,26.39572629262283,10.777670737067274
8165810339,8,-21.9735775,-46.73333359,815.2,58,1229,2529,20,7,-1,23,10,26,19,33,10,45.0,324,172,104,26315.7,0,42,107,0,0,70390,2.0,2812.4092874259964,21.213203435596427,2.6000000000000227,0.0,0.0,55728,30.96,2146.353877129092,100.2,30.457099251536466,-0.502900748463535
8165912339,8,-21.97339821,-46.73333359,816.5,133,1030,1158,0,28,-22,23,10,26,19,33,12,45.0,311,284,108,26315.8,0,62,107,0,0,70392,2.0,1555.4912407339361,35.608987629529715,1.2999999999999545,0.09999999999854481,13.00000000018872,88324,49.068888888888885,2168.2206608740953,102.8,34.81915953073258,-14.249729358156308
8166013339,8,-21.97332191,-46.73333359,816.5,-264,1022,1321,-14,-4,-20,23,10,26,19,33,13,45.0,321,27,110,26315.8,0,0,107,0,0,70393,1.0,1690.923120665159,24.73863375370596,0.0,0.0,0.0,8667,2.4075,2022.1950414145329,105.2,0.8278084313373861,-1.579691568662614
8166318339,8,-21.97288895,-46.73333359,816.2,74,647,1597,-11,-14,-4,23,10,26,19,33,18,45.0,344,3,100,26315.9,0,6,106,0,0,70398,2.0,1724.672142756414,18.24828759089466,1.3000000000000682,0.0,0.0,1032,0.5733333333333334,1745.4084333256549,105.0,0.0,-0.5733333333333334
8166419339,8,-21.97280121,-46.73333359,816.6,-256,1012,2135,-12,1,15,23,10,26,19,33,19,45.0,344,3,101,26316.0,0,8,106,0,0,70399,1.0,2376.53213738001,19.235384061671343,0.39999999999997726,0.09999999999854481,4.00000000005798,1032,0.2866666666666667,1909.6166126548694,103.6,0.6355614622198384,0.34889479555317177
8166521339,8,-21.9726181,-46.73333359,817.3,-69,965,1849,-47,-41,14,23,10,26,19,33,21,45.0,344,7,102,26316.0,0,8,106,0,0,70401,2.0,2086.81264132648,63.92182725798755,0.6999999999999318,0.0,0.0,2408,1.3377777777777777,1988.7945167871337,102.0,1.1586687791948311,-0.1791089985829466
8166724339,8,-21.97233009,-46.73333359,814.2,27,697,1314,21,-20,3,23,10,26,19,33,24,45.0,345,4,105,26316.1,0,10,106,0,0,70404,1.0,1487.6605795677992,29.154759474226502,-0.1999999999999318,0.0,0.0,1380,0.38333333333333336,2094.214850567071,102.4,0.824486831419674,0.4411534980863407
8166826339,8,-21.9721489,-46.73333359,812.3,187,857,1967,-14,6,3,23,10,26,19,33,26,45.0,341,35,107,26316.2,0,20,106,0,0,70406,2.0,2153.7193410470177,15.524174696260024,-1.900000000000091,0.10000000000218279,-18.99999999958618,11935,6.6305555555555555,2180.0242902251916,103.8,5.908387594541811,-0.7221679610137448
8166927339,8,-21.97204971,-46.73333359,811.2,43,1171,1852,37,22,37,23,10,26,19,33,27,45.0,340,48,111,26316.2,0,22,106,0,0,70407,1.0,2191.573407394788,56.7626637852735,-1.099999999999909,0.0,0.0,16320,4.533333333333333,2143.0325442281473,105.8,8.067302808989785,3.533969475656452
8167029339,8,-21.97181702,-46.73333359,810.2,8,1050,2025,23,44,23,23,10,26,19,33,29,45.0,342,27,113,26316.3,0,18,106,0,0,70409,2.0,2281.049977532277,54.71745608121781,-1.0,0.09999999999854481,-10.00000000014552,9234,5.13,2181.8800114693067,108.0,4.7307301228219485,-0.3992698771780514
8167639339,8,-21.97014618,-46.73333359,794.7,-385,826,1351,7,26,30,23,10,26,19,33,39,45.0,346,5,112,26316.6,0,10,106,0,0,70419,2.0,1629.6324739032418,40.311288741492746,-0.599999999999909,0.09999999999854481,-6.000000000086402,1730,0.9611111111111111,2037.345498326439,114.8,0.8049027797892715,-0.15620833132183964
8167740339,8,-21.96993446,-46.73333359,794.0,-380,1145,2403,-2,20,59,23,10,26,19,33,40,45.0,346,5,110,26316.6,0,10,106,0,0,70420,1.0,2688.8350637404296,62.32976816898969,-0.7000000000000455,0.0,0.0,1730,0.48055555555555557,2084.281460711979,113.8,0.2682435490394238,-0.21231200651613175
8167842339,8,-21.96952438,-46.73333359,793.7,9,765,1806,2,37,18,23,10,26,19,33,42,45.0,345,11,109,26316.7,0,14,106,0,0,70422,2.0,1961.362281680771,41.19465984809196,-0.2999999999999545,0.10000000000218279,-2.9999999999340616,3795,2.1083333333333334,2039.777589850791,112.4,2.5276144084877488,0.4192810751544154
8167943339,8,-21.96930695,-46.73333359,793.2,-153,1157,1860,1,42,14,23,10,26,19,33,43,45.0,338,88,108,26316.7,0,28,106,0,0,70423,1.0,2195.827406696619,44.28317965096906,-0.5,0.0,0.0,29744,8.262222222222222,2237.524844869068,110.8,12.123691376287903,3.8614691540656807
8168045339,8,-21.96888161,-46.73333359,794.5,174,1072,2723,102,-15,-3,23,10,26,19,33,45,45.0,334,107,108,26316.8,0,32,106,0,0,70425,2.0,2931.5847250250163,103.14068062602651,1.2999999999999545,0.09999999999854481,13.00000000018872,35738,19.854444444444443,2281.4483902092156,109.4,11.35946389727571,-8.494980547168733
8168146339,8,-21.96866798,-46.73333359,794.8,-26,777,2148,-33,55,-26,23,10,26,19,33,46,44.5,337,77,106,26316.8,0,28,106,0,0,70426,1.0,2284.361836487381,69.2098258919931,0.2999999999999545,0.0,0.0,25949,7.208055555555555,2412.394262726043,108.2,11.937058731504754,4.729003175949199
8168248339,8,-21.96824837,-46.73333359,797.8,-224,636,560,-17,56,-18,23,10,26,19,33,48,44.5,337,75,104,26316.9,0,28,106,0,0,70428,2.0,876.5112663280489,61.22907805936653,3.0,0.10000000000218279,29.999999999345164,25275,14.041666666666666,2049.929503243567,107.0,16.851424930346262,2.809758263679596
8168350339,8,-21.9678421,-46.73333359,802.0,164,833,1412,-8,20,18,23,10,26,19,33,50,44.5,337,74,102,26316.9,0,28,106,0,0,70430,2.0,1647.5827748553334,28.071337695236398,4.2000000000000455,0.0,0.0,24938,13.854444444444445,1987.1736018784795,105.6,12.346911595181764,-1.507532849262681
8168451339,8,-21.96762848,-46.73333359,803.4,-466,817,1787,-15,28,27,23,10,26,19,33,51,44.5,336,89,99,26316.9,0,30,106,0,0,70431,1.0,2019.4093195783762,41.689327171351664,1.3999999999999773,0.0,0.0,29904,8.306666666666667,1951.8899844548312,103.8,12.476749163614462,4.170082496947796
8168553339,8,-21.96720505,-46.73333359,805.1,-86,895,1414,-3,52,23,23,10,26,19,33,53,44.5,331,128,99,26317.0,0,36,106,0,0,70433,2.0,1675.6542006034538,56.938563381947034,1.7000000000000455,0.09999999999854481,17.000000000247837,42368,23.537777777777777,1700.7038795705187,102.0,15.379292700649945,-8.158485077127832
8168654339,8,-21.96697998,-46.73333359,805.7,-45,1201,1522,9,25,-10,23,10,26,19,33,54,44.5,331,129,99,26317.0,0,36,106,0,0,70434,1.0,1939.306577104301,28.39013913315678,0.6000000000000227,0.0,0.0,42699,11.860833333333334,1631.6928276939027,100.6,14.744509118032227,2.8836757846988927
8168756339,8,-21.9665432,-46.73333359,809.2,12,905,1656,-19,-21,0,23,10,26,19,33,56,44.5,336,80,98,26317.1,0,28,106,0,0,70436,2.0,1887.1950084715675,28.319604517012593,3.5,0.09999999999854481,35.00000000050932,26880,14.933333333333334,1833.829576122606,99.4,14.76832823810808,-0.1650050952252542
8168858339,8,-21.96610832,-46.73333359,812.1,45,941,1688,16,-2,-2,23,10,26,19,33,58,44.5,334,96,97,26317.1,0,30,106,0,0,70438,2.0,1933.0933759133313,16.24807680927192,2.8999999999999773,0.0,0.0,32064,17.813333333333333,1890.9316963342058,98.4,13.609820395843197,-4.203512937490135
8168959339,8,-21.96588898,-46.73333359,812.9,165,764,2093,8,35,-15,23,10,26,19,33,59,44.5,333,101,98,26317.2,0,32,105,0,0,70439,1.0,2234.182176994526,38.91015291668744,0.7999999999999545,0.10000000000218279,7.999999999824922,33633,9.3425,1933.886267817436,98.2,12.59488962064642,3.2523896206464205
8169001349,8,-21.96545029,-46.73333359,815.4,55,964,1463,-10,-60,-5,23,10,26,19,34,1,44.5,336,55,98,26317.2,0,24,105,0,0,70441,2.0,1752.9090107589727,61.032778078668514,2.5,0.0,0.0,18480,10.266666666666667,1949.3372298485397,98.0,8.604129874797865,-1.6625367918688028
8169102349,8,-21.96524048,-46.73333359,816.0,-141,892,1589,-33,2,-6,23,10,26,19,34,2,44.5,338,54,97,26317.3,0,24,105,0,0,70442,1.0,1827.694175730721,33.60059523282288,0.6000000000000227,0.09999999999854481,6.000000000087539,18252,5.07,1927.0147495738238,97.6,7.6780774312543825,2.608077431254382
8169204349,8,-21.96479797,-46.73333359,818.4,346,1116,2143,-27,-9,-5,23,10,26,19,34,4,44.5,339,49,96,26317.3,0,24,105,0,0,70444,2.0,2440.8238363306764,28.89636655359978,2.3999999999999773,0.0,0.0,16611,9.228333333333333,2037.7405151456455,97.2,8.381200319748745,-0.8471330135845889
8169305349,8,-21.96459007,-46.73333359,819.1,-13,1028,2161,1,15,1,23,10,26,19,34,5,44.5,339,57,95,26317.3,0,24,105,0,0,70445,1.0,2393.0887990210476,15.066519173319364,0.7000000000000455,0.0,0.0,19323,5.3675,2129.739599767189,96.8,8.799546146614713,3.432046146614713
8169407349,8,-21.96416473,-46.73333359,821.7,-207,944,-170,-28,36,-21,23,10,26,19,34,7,44.5,339,52,93,26317.4,0,24,105,0,0,70447,2.0,981.2670380686391,50.20956084253277,2.6000000000000227,0.10000000000218279,25.999999999432703,17628,9.793333333333333,1879.1565719820114,95.8,12.00606796631145,2.2127346329781172
8169509349,8,-21.96374893,-46.73333359,823.0,217,872,2034,13,0,-11,23,10,26,19,34,9,44.5,331,124,93,26317.4,0,36,105,0,0,70449,2.0,2223.65217603833,17.029386365926403,1.2999999999999545,0.0,0.0,41044,22.802222222222223,1973.3052050378828,94.8,15.783713759346321,-7.018508462875902
8169610349,8,-21.96354675,-46.73333359,823.5,83,1076,1218,30,-10,2,23,10,26,19,34,10,44.0,330,125,96,26317.5,0,34,104,0,0,70450,1.0,1627.3257203153892,31.68595903550972,0.5,0.09999999999854481,5.00000000007276,41250,11.458333333333334,1933.2315139548166,94.6,14.906354228223194,3.4480208948898596
8169712349,8,-21.9631176,-46.73333359,824.8,385,995,2023,18,58,-28,23,10,26,19,34,12,44.0,330,122,98,26317.5,0,34,104,0,0,70452,2.0,2287.089635322586,66.87301398920195,1.2999999999999545,0.0,0.0,40260,22.366666666666667,1902.4846737531982,95.0,14.464495952424857,-7.9021707142418105
8169813349,8,-21.96290588,-46.73333359,825.8,-333,988,2154,25,30,-7,23,10,26,19,34,13,44.0,341,27,97,26317.5,0,18,104,0,0,70453,1.0,2393.062682003963,39.67366884975475,1.0,0.0,0.0,9207,2.5575,1902.4794503497815,95.4,4.2402566349653945,1.6827566349653944
8170118349,8,-21.96188164,-46.73333359,828.8,495,433,2095,19,-25,-71,23,10,26,19,34,18,44.0,344,6,88,26317.7,0,10,104,0,0,70458,1.0,2195.8003096820985,77.63375554486592,-0.40000000000009095,0.10000000000218279,-3.999999999913598,2064,0.5733333333333334,2239.323817090105,93.2,0.8707445030476179,0.2974111697142845
8170220349,8,-21.96155548,-46.73333359,832.1,-5,759,1702,-46,2,-14,23,10,26,19,34,20,44.0,340,42,89,26317.7,0,20,104,0,0,70460,2.0,1863.5745222555497,48.12483766206386,3.300000000000068,0.0,0.0,14280,7.933333333333334,2154.6207944766984,91.4,5.769268357296446,-2.1640649760368875
8170321349,8,-21.9614048,-46.73333359,830.0,65,967,1770,-51,3,0,23,10,26,19,34,21,44.0,338,70,91,26317.7,0,26,104,0,0,70461,1.0,2017.972745108318,51.088159097779204,-2.1000000000000227,0.0,0.0,23660,6.572222222222222,2079.602807097569,90.2,10.259875561773343,3.6876533395511215
8170423349,8,-21.96108055,-46.73333359,829.0,-132,913,2033,-15,9,2,23,10,26,19,34,23,44.0,332,106,95,26317.8,0,32,105,0,0,70463,2.0,2232.505767069819,17.60681686165901,-1.0,0.09999999999854481,-10.00000000014552,35192,19.551111111111112,2124.0811750876214,90.6,12.612070588853214,-6.939040522257898
8170524349,8,-21.96090508,-46.73333359,827.7,186,771,1632,-18,-6,-21,23,10,26,19,34,24,44.0,333,103,100,26317.8,0,32,104,0,0,70464,1.0,1814.5139845148617,28.30194339616981,-1.2999999999999545,0.0,0.0,34299,9.5275,2024.8734657261296,92.6,13.911875774476005,4.3843757744760055
8170626349,8,-21.96055794,-46.73333359,821.6,30,953,1927,-22,-43,-28,23,10,26,19,34,26,44.0,333,104,104,26317.9,0,32,104,0,0,70466,2.0,2149.985581347001,55.83009940883144,-6.100000000000023,0.10000000000218279,-60.99999999866873,34632,19.24,2015.7105200591097,95.8,14.449394457067873,-4.790605542932125
8170728349,8,-21.96021461,-46.73333359,820.2,18,679,2283,20,7,-31,23,10,26,19,34,28,44.0,339,51,108,26317.9,0,24,104,0,0,70468,2.0,2381.9013413657585,37.54996671103717,-1.3999999999999773,0.0,0.0,17289,9.605,2119.375883881152,99.6,8.972444920759472,-0.6325550792405288
8170829349,8,-21.96005249,-46.73333359,819.2,-255,684,1368,-26,-2,3,23,10,26,19,34,29,44.0,337,63,110,26318.0,0,24,104,0,0,70469,1.0,1550.582148742852,26.248809496813376,-1.0,0.09999999999854481,-10.00000000014552,21231,5.8975,2025.8977646080589,103.4,8.148130043028711,2.2506300430287114
8171032349,8,-21.95955849,-46.73333359,818.0,-169,949,1495,-50,72,-35,23,10,26,19,34,32,44.0,341,30,110,26318.1,0,18,104,0,0,70472,1.0,1778.816179373237,94.38749917229505,0.10000000000002274,0.09999999999854481,1.0000000000147793,10230,2.841666666666667,1855.9347546122067,108.6,4.4273816723301795,1.5857150056635128
8171134349,8,-21.95924187,-46.71666718,815.9,138,857,1045,26,-31,29,23,10,26,19,34,34,44.0,342,26,110,26318.1,0,20,104,0,0,70474,2.0,1358.498435773851,49.77951385861457,-2.1000000000000227,0.0,0.0,8892,4.94,1697.6373254975765,109.8,5.2578941489765025,0.31789414897650214
8171236349,8,-21.95890999,-46.71666718,815.4,-20,995,846,49,7,79,23,10,26,19,34,36,44.0,336,80,109,26318.2,0,28,104,0,0,70476,2.0,1306.1933241293189,93.22553298319082,-0.5,0.10000000000218279,-4.999999999890861,26880,14.933333333333334,1482.4957220502888,110.0,9.328897238007428,-5.604436095325905
8171337349,8,-21.95871735,-46.71666718,814.1,-244,1218,1934,13,61,71,23,10,26,19,34,37,44.0,336,80,109,26318.2,0,28,104,0,0,70477,1.0,2298.5682500199987,94.50396817065408,-1.2999999999999545,0.0,0.0,26880,7.466666666666667,1632.092942305718,109.8,11.221923083917767,3.7552564172511005
8171439349,8,-21.95831871,-46.71666718,814.0,-594,1112,2168,18,49,73,23,10,26,19,34,39,44.0,335,80,109,26318.3,0,28,104,0,0,70479,2.0,2507.908291784211,89.74408058473828,-0.10000000000002274,0.09999999999854481,-1.0000000000147793,26800,14.88888888888889,1849.9968962161233,109.4,10.436701704007502,-4.452187184881387
8171540349,8,-21.95807457,-46.71666718,814.0,123,920,1940,-18,-14,-8,23,10,26,19,34,40,44.0,336,77,109,26318.3,0,28,104,0,0,70480,1.0,2150.6113084423228,24.166091947189145,0.0,0.0,0.0,25872,7.1866666666666665,1924.3559220299405,109.2,10.66286257377983,3.476195907113163
8171642349,8,-21.95758057,-46.71666718,814.4,-77,1123,2253,22,18,-12,23,10,26,19,34,42,44.0,328,145,111,26318.4,0,38,103,0,0,70482,2.0,2518.5446194181272,30.854497241083024,0.39999999999997726,0.10000000000218279,3.999999999912461,47560,26.42222222222222,2156.3651587587956,109.4,17.7470315445951,-8.675190677627121
8171743349,8,-21.95733833,-46.71666718,815.0,18,1169,2274,25,-55,31,23,10,26,19,34,43,43.5,322,199,114,26318.4,0,44,103,0,0,70483,1.0,2556.9436833845207,67.90434448545984,0.6000000000000227,0.0,0.0,64078,17.799444444444443,2406.515230609836,110.4,16.685526101645625,-1.1139183427988186
8171845349,8,-21.9568367,-46.71666718,815.9,250,1115,1960,54,2,-6,23,10,26,19,34,45,43.5,321,197,115,26318.5,0,44,103,0,0,70485,2.0,2268.771694111155,54.36910887627275,0.8999999999999773,0.09999999999854481,9.00000000013074,63237,35.13166666666667,2400.5559194280677,111.6,20.050179029428982,-15.081487637237686
8171947349,8,-21.95632744,-46.71666718,816.9,62,1495,1836,13,-17,22,23,10,26,19,34,47,43.5,320,198,116,26318.5,0,44,103,0,0,70487,2.0,2368.494247406989,30.692018506445613,1.0,0.0,0.0,63360,35.2,2372.673110552623,113.0,23.41020424444937,-11.789795755550632
8172048349,8,-21.95606232,-46.71666718,817.6,131,851,2235,-21,-38,-6,23,10,26,19,34,48,43.5,321,194,116,26318.6,0,44,102,0,0,70488,1.0,2395.117324892457,43.829214001622255,0.7000000000000455,0.09999999999854481,7.000000000102318,62274,17.298333333333332,2421.5743138426496,114.4,25.133948969991707,7.835615636658375
8172150349,8,-21.95554733,-46.71666718,820.7,148,1027,950,-9,89,-24,23,10,26,19,34,50,43.5,327,90,115,26318.6,0,18,102,0,0,70490,2.0,1406.8166191796286,92.61749294814668,3.1000000000000227,0.0,0.0,29430,16.35,2199.2287137949497,115.2,4.9686804736230155,-11.381319526376986
8172251349,8,-21.95529556,-46.71666718,821.8,103,654,1401,-11,21,-4,23,10,26,19,34,51,43.5,332,93,112,26318.7,0,30,102,0,0,70491,1.0,1549.5567108047385,24.041630560342615,1.099999999999909,0.10000000000218279,10.999999999758984,30876,8.576666666666666,1997.7513192789934,114.8,8.78695468348563,0.21028801681896425
8172353349,8,-21.9548111,-46.71666718,827.8,32,894,1776,-31,-25,-30,23,10,26,19,34,53,43.5,333,81,110,26318.7,0,28,102,0,0,70493,2.0,1988.5763751991021,49.85980344927164,6.0,0.0,0.0,26973,14.985,1941.712255496583,113.8,16.936040544165337,1.9510405441653376
8172556349,8,-21.95416832,-46.71666718,831.6,120,855,1610,14,7,-37,23,10,26,19,34,56,43.5,342,20,102,26318.8,0,16,102,0,0,70496,1.0,1826.8894328885917,40.17461885320133,0.20000000000004547,0.0,0.0,6840,1.9,1815.168218239247,108.8,2.845626917384908,0.9456269173849079
8172759349,8,-21.95363045,-46.71666718,832.6,530,693,2385,51,29,-90,23,10,26,19,34,59,43.5,340,27,97,26318.9,0,18,102,0,0,70499,1.0,2539.561773219939,107.4337004854622,0.10000000000002274,0.10000000000218279,0.9999999999783995,9180,2.55,2120.6319862586174,102.8,4.81845701158681,2.2684570115868103
8172801359,8,-21.95332909,-46.71666718,833.3,131,700,1847,-22,-32,-49,23,10,26,19,35,1,43.5,341,27,96,26318.9,0,16,102,0,0,70501,2.0,1979.537824847002,62.52199612936234,0.6999999999999318,0.0,0.0,9207,5.115,2118.824276188197,100.0,3.0028448752965198,-2.1121551247034804
8173207359,8,-21.95273018,-46.71666718,836.3,390,664,1762,16,-8,-38,23,10,26,19,35,7,43.5,343,24,88,26319.1,0,18,102,0,0,70507,1.0,1922.924855526081,42.0,1.099999999999909,0.0,0.0,8232,2.2866666666666666,2073.1281102716575,92.0,4.135236167305815,1.8485695006391487
8173309359,8,-21.95261574,-46.71666718,836.1,54,755,2592,-31,0,-54,23,10,26,19,35,9,43.5,341,27,88,26319.1,0,18,102,0,0,70509,2.0,2700.2601726500357,62.26556030423239,-0.1999999999999318,0.0,0.0,9207,5.115,2217.2725798322645,90.4,4.410121122765887,-0.7048788772341128
8173410359,8,-21.95257378,-46.71666718,836.7,85,858,1019,7,-41,-26,23,10,26,19,35,10,43.5,335,87,89,26319.2,0,30,102,0,0,70510,1.0,1334.8220855230109,49.05099387372289,0.6000000000000227,0.10000000000218279,5.99999999986926,29145,8.095833333333333,2025.2324653688222,89.2,9.514090911841793,1.4182575785084595
8173512359,8,-21.95252609,-46.71666718,838.4,171,799,2134,-17,-38,-27,23,10,26,19,35,12,43.5,334,90,91,26319.2,0,28,102,0,0,70512,2.0,2285.0816177983666,49.61854492022111,1.6999999999999318,0.0,0.0,30060,16.7,2121.5905573573864,89.0,14.48225472095656,-2.2177452790434398
8174833359,8,-21.95105553,-46.71666718,827.9,266,843,1721,-5,-29,-33,23,10,26,19,35,33,43.5,345,9,58,26319.7,0,12,102,0,0,70533,2.0,1934.7470118855333,44.21538193886829,0.39999999999997726,0.0,0.0,3105,1.725,2154.259294111817,65.8,1.5745274104557123,-0.15047258954428777
8174934359,8,-21.95092964,-46.71666718,828.4,222,1027,1960,34,-7,-37,23,10,26,19,35,34,43.5,340,57,57,26319.7,0,24,102,0,0,70534,1.0,2223.873422656964,50.73460357586329,0.5,0.0,0.0,19380,5.383333333333334,2184.1056474822726,62.2,7.768599201928554,2.38526586859522
8175036359,8,-21.95069313,-46.71666718,829.9,267,814,1958,3,-66,-15,23,10,26,19,35,36,43.5,340,44,58,26319.7,0,20,102,0,0,70536,2.0,2137.2058861981454,67.74953874381728,1.5,0.0,0.0,14960,8.311111111111112,2153.939438417878,59.8,5.333501146954564,-2.9776099641565477
8175848359,8,-21.94972229,-46.71666718,832.8,-14,885,1875,3,-10,2,23,10,26,19,35,48,43.5,347,1,15,26319.9,0,6,102,0,0,70548,1.0,2073.41409274655,10.63014581273465,-1.3000000000000682,0.0,0.0,347,0.09638888888888889,2062.733282760705,29.0,0.3603855463954974,0.2639966575066085
8175950359,8,-21.94966316,-46.71666718,833.6,20,885,1590,41,6,-9,23,10,26,19,35,50,43.5,345,16,12,26319.9,0,24,102,0,0,70550,2.0,1819.8145509913916,42.40283009422838,0.8000000000000682,0.0,0.0,5520,3.066666666666667,1983.4290049109618,23.0,2.7588344714442252,-0.30783219522244165
8176052359,8,-21.94961548,-46.71666718,833.7,109,1042,1723,-7,-13,3,23,10,26,19,35,52,43.5,343,30,15,26319.9,0,30,102,0,0,70552,2.0,2016.525229199972,15.066519173319364,0.10000000000002274,0.0,0.0,10290,5.716666666666667,2016.1532633374693,18.6,5.711740782547437,-0.004925884119229451
8176153359,8,-21.94958115,-46.71666718,834.6,230,1047,1755,13,31,-22,23,10,26,19,35,53,43.5,342,34,19,26319.9,0,28,102,0,0,70553,1.0,2056.485837539369,40.17461885320133,0.8999999999999773,0.0,0.0,11628,3.23,1980.7456066045474,16.4,4.956901001046872,1.7269010010468722
8176255359,8,-21.94952011,-46.71666718,834.6,13,997,1792,-5,-2,-4,23,10,26,19,35,55,43.5,344,18,20,26319.9,0,20,102,0,0,70555,2.0,2050.717435435706,6.708203932499369,0.0,0.0,0.0,6192,3.44,2003.391429182598,16.2,2.513529302878327,-0.926470697121673
8176356359,8,-21.94948387,-46.71666718,836.7,64,1063,1946,-26,7,-2,23,10,26,19,35,56,43.5,343,23,21,26319.9,0,22,102,0,0,70556,1.0,2218.32842473787,27.0,2.1000000000000227,0.0,0.0,7889,2.191388888888889,2032.3742955808618,17.4,4.4064363780485,2.2150474891596112
8176458359,8,-21.94940567,-46.71666718,838.3,-111,1061,1283,-19,2,-8,23,10,26,19,35,58,43.5,343,26,23,26319.9,0,24,102,0,0,70558,2.0,1668.5715447651623,20.71231517720798,1.599999999999909,0.0,0.0,8918,4.954444444444444,2002.125694335616,19.6,4.311514632280698,-0.6429298121637466
8176500369,8,-21.94931221,-46.71666718,838.7,50,1073,1846,2,27,-7,23,10,26,19,36,0,43.5,343,28,24,26319.9,0,24,102,0,0,70560,2.0,2135.7773760389914,27.964262908219126,0.40000000000009095,0.0,0.0,9604,5.335555555555556,2025.97612370342,21.4,4.350798125060716,-0.9847574304948399
8176601369,8,-21.94926643,-46.71666718,838.8,82,1046,2028,-5,-17,15,23,10,26,19,36,1,43.5,342,30,26,26319.9,0,24,102,0,0,70561,1.0,2283.3361557160174,23.2163735324878,0.09999999999990905,0.0,0.0,10260,2.85,2071.3461873387496,22.8,5.476660045792336,2.626660045792336
8176703369,8,-21.94917679,-46.71666718,840.8,13,1034,1968,-12,-9,-8,23,10,26,19,36,3,43.5,343,15,28,26320.0,0,16,102,0,0,70563,2.0,2223.1394468183953,17.0,2.0,0.09999999999854481,20.00000000029104,5145,2.8583333333333334,2105.8305896152874,24.4,1.163904531926932,-1.6944288014064013
8176804369,8,-21.94911766,-46.71666718,840.5,-145,1001,1325,6,3,1,23,10,26,19,36,4,43.5,343,21,28,26320.0,0,20,102,0,0,70564,1.0,1666.9286127486084,6.782329983125268,-0.2999999999999545,0.0,0.0,7203,2.0008333333333335,1995.5506272174352,25.8,3.2386097693789044,1.237776436045571
8176906369,8,-21.94902611,-46.71666718,839.3,-53,982,1808,-7,-2,-3,23,10,26,19,36,6,43.5,343,22,29,26320.0,0,20,102,0,0,70566,2.0,2058.153784341685,7.874007874011811,-1.2000000000000455,0.0,0.0,7546,4.192222222222222,2073.4670751327394,27.0,3.268857437134591,-0.9233647850876312
8177008369,8,-21.94890594,-46.71666718,839.9,-24,845,1671,-14,-34,16,23,10,26,19,36,8,43.5,343,25,30,26320.0,0,20,102,0,0,70568,2.0,1872.6564020129267,40.099875311526844,0.6000000000000227,0.0,0.0,8575,4.763888888888889,2020.8428803275267,28.2,3.9836047606200187,-0.7802841282688706
8177109369,8,-21.94884872,-46.71666718,840.0,41,1110,1974,-13,1,-1,23,10,26,19,36,9,43.5,343,24,32,26320.0,0,20,102,0,0,70569,1.0,2265.051213549045,13.076696830622021,0.10000000000002274,0.0,0.0,8232,2.2866666666666666,2017.1858918941318,29.4,4.152176457226314,1.865509790559647
8177312369,8,-21.94864273,-46.71666718,838.2,-207,890,1796,-17,-11,8,23,10,26,19,36,12,43.0,346,1,32,26320.0,0,6,102,0,0,70572,1.0,2015.08436547952,21.77154105707724,-2.5,0.0,0.0,346,0.0961111111111111,2078.626227578791,31.2,0.33500302009356187,0.23889190898245077
8178125369,8,-21.9480896,-46.71666718,839.0,-11,807,1648,35,-35,17,23,10,26,19,36,25,43.5,346,3,12,26320.1,0,14,102,0,0,70585,2.0,1835.013351450065,52.3354564325181,0.0,0.0,0.0,1038,0.5766666666666667,2041.5808479445266,17.2,1.1766779600435613,0.6000112933768946
8178227369,8,-21.94804382,-46.71666718,839.0,-22,997,1938,4,-3,-5,23,10,26,19,36,27,43.5,345,10,14,26320.1,0,20,102,0,0,70587,2.0,2179.5267835014097,7.0710678118654755,0.0,0.0,0.0,3450,1.9166666666666667,2023.2669624280134,15.4,1.9179499320123377,0.0012832653456709142
8178328369,8,-21.94800949,-46.71666718,839.0,35,1075,1954,11,1,0,23,10,26,19,36,28,43.5,343,26,18,26320.1,0,26,102,0,0,70588,1.0,2230.46318059725,11.045361017187261,0.0,0.0,0.0,8918,2.477222222222222,2041.163475258146,15.0,3.8405008022162797,1.3632785799940574
8178430369,8,-21.94794655,-46.71666718,838.0,-89,1064,1756,3,-20,18,23,10,26,19,36,30,43.5,343,30,23,26320.2,0,24,102,0,0,70590,2.0,2055.1284631380104,27.073972741361768,-1.0,0.10000000000218279,-9.999999999781721,10290,5.716666666666667,2056.9322387877246,16.2,4.087726449121834,-1.6289402175448329
8178531369,8,-21.94789696,-46.71666718,837.2,39,996,1652,-10,-11,2,23,10,26,19,36,31,43.0,343,25,27,26320.2,0,22,102,0,0,70591,1.0,1929.414678082449,15.0,-0.7999999999999545,0.0,0.0,8575,2.3819444444444446,2045.909291353837,18.8,5.0064659252142185,2.624521480769774
8178633369,8,-21.94779015,-46.71666718,837.9,-14,752,1687,-38,-11,7,23,10,26,19,36,33,43.0,344,17,29,26320.2,0,18,102,0,0,70593,2.0,1847.0703830661137,40.17461885320133,0.6999999999999318,0.0,0.0,5848,3.2488888888888887,2048.320697677046,22.2,2.6081685414619677,-0.640720347426921
8178734369,8,-21.94773102,-46.71666718,837.4,-2,959,1723,-7,-35,-3,23,10,26,19,36,34,43.0,344,15,30,26320.2,0,16,102,0,0,70594,1.0,1971.9061843809914,35.81898937714463,-0.5,0.0,0.0,5160,1.4333333333333333,2006.7965778529629,25.4,2.365154459890021,0.9318211265566878
8178836369,8,-21.94759941,-46.71666718,838.0,1,1011,1763,-15,-9,4,23,10,26,19,36,36,43.0,345,15,31,26320.2,0,16,102,0,0,70596,2.0,2032.3117378984948,17.944358444926362,0.6000000000000227,0.0,0.0,5175,2.875,1967.1662893132118,28.0,2.795944817325396,-0.07905518267460421
8178938369,8,-21.94748878,-46.71666718,838.4,-66,880,1846,-15,-7,4,23,10,26,19,36,38,43.0,345,5,31,26320.2,0,10,102,0,0,70598,2.0,2046.0869971728964,17.029386365926403,0.39999999999997726,0.0,0.0,1725,0.9583333333333334,1965.357996120189,29.6,0.6609691027874088,-0.29736423054592453
8179242369,8,-21.94723511,-46.71666718,836.8,-65,979,2011,-18,-18,12,23,10,26,19,36,42,43.0,346,3,28,26320.3,0,12,102,0,0,70602,1.0,2237.585082181234,28.142494558940577,0.39999999999997726,0.09999999999854481,4.00000000005798,1038,0.28833333333333333,2119.1676808510065,29.8,0.9842843972945439,0.6959510639612105
8179344369,8,-21.94711494,-46.71666718,837.4,-273,880,1335,28,0,-8,23,10,26,19,36,44,43.0,345,11,28,26320.3,0,16,102,0,0,70604,2.0,1622.0832284442126,29.120439557122072,0.6000000000000227,0.0,0.0,3795,2.1083333333333334,2037.1219789601503,29.2,2.2154633965177197,0.10713006318438634
8179446369,8,-21.94700241,-46.71666718,839.3,-67,1010,1827,6,-10,-2,23,10,26,19,36,46,43.0,345,11,28,26320.3,0,16,102,0,0,70606,2.0,2088.6641663991845,11.832159566199232,1.8999999999999773,0.0,0.0,3795,2.1083333333333334,2045.6374128054078,28.6,1.8594142064832773,-0.24891912685005613
8180055369,8,-21.94667053,-46.71666718,836.9,-154,859,1986,-13,-19,-2,23,10,26,19,36,55,43.0,347,1,10,26320.3,0,10,102,0,0,70615,2.0,2169.2839832534605,23.108440016582687,-2.300000000000068,0.0,0.0,347,0.19277777777777777,2150.9917119309894,16.8,0.5059920372534928,0.3132142594757151
8180157369,8,-21.94663811,-46.71666718,839.1,-6,1047,1913,-72,-6,-4,23,10,26,19,36,57,43.0,346,6,10,26320.3,0,18,102,0,0,70617,2.0,2180.7828869467953,72.36021006050217,2.2000000000000455,0.0,0.0,2076,1.1533333333333333,2172.290771610955,14.2,0.40394139705818993,-0.7493919362751433
8180258369,8,-21.94662666,-46.71666718,839.4,65,988,1742,85,-32,13,23,10,26,19,36,58,43.0,345,13,13,26320.4,0,22,102,0,0,70618,1.0,2003.7297721998343,91.74965939991276,0.2999999999999545,0.10000000000218279,2.9999999999340616,4485,1.2458333333333333,2140.6057373371154,12.8,2.5805931001745708,1.3347597668412374
8180300379,8,-21.94657707,-46.71666718,838.1,79,935,1912,-1,-3,0,23,10,26,19,37,0,43.0,345,17,15,26320.4,0,22,102,0,0,70620,2.0,2129.8380220101244,3.1622776601683795,-1.2999999999999545,0.0,0.0,5865,3.2583333333333333,2136.4840021828104,12.2,2.260386944637819,-0.9979463886955142
8180401379,8,-21.94654655,-46.71666718,837.1,56,1117,1721,0,3,-2,23,10,26,19,37,1,43.0,344,20,18,26320.4,0,22,102,0,0,70621,1.0,2052.478014498572,3.605551275463989,-1.0,0.0,0.0,6880,1.9111111111111112,2107.2225357817574,13.2,2.5627316068562225,0.6516204957451113
8180503379,8,-21.94648361,-46.71666718,836.1,47,1005,1771,10,14,-3,23,10,26,19,37,3,43.0,344,23,21,26320.4,0,22,102,0,0,70623,2.0,2036.8296443247284,17.46424919657298,-1.0,0.0,0.0,7912,4.395555555555555,2080.731667996011,15.4,3.76713360785664,-0.6284219476989152
8180605379,8,-21.9463768,-46.71666718,837.7,22,1023,1961,-2,6,1,23,10,26,19,37,5,43.0,344,25,24,26320.4,0,22,102,0,0,70625,2.0,2211.907321747455,6.4031242374328485,1.6000000000000227,0.0,0.0,8600,4.777777777777778,2086.9565549561426,18.2,4.275394344367351,-0.5023834334104267
8180706379,8,-21.94633102,-46.71666718,835.8,68,1031,1873,-31,11,-22,23,10,26,19,37,6,43.0,343,28,26,26320.4,0,22,102,0,0,70626,1.0,2139.0918633850206,39.57271787481876,-1.900000000000091,0.0,0.0,9604,2.667777777777778,2114.02897319318,20.8,5.461247742784868,2.7934699650070898
8180808379,8,-21.94623375,-46.71666718,836.7,-94,969,1863,3,2,-4,23,10,26,19,37,8,43.0,344,21,28,26320.4,0,20,102,0,0,70628,2.0,2102.038534375619,5.385164807134504,0.900000000000091,0.0,0.0,7224,4.013333333333334,2108.4690756662794,23.4,3.178734582287917,-0.8345987510454167
8180909379,8,-21.94618988,-46.71666718,836.1,-27,1031,1626,1,-33,0,23,10,26,19,37,9,43.0,343,28,29,26320.4,0,22,102,0,0,70629,1.0,1925.5040898424495,33.015148038438355,-0.6000000000000227,0.0,0.0,9604,2.667777777777778,2083.0742907350545,25.6,4.773034492090467,2.1052567143126892
8181011379,8,-21.94607162,-46.71666718,836.7,-95,1046,1878,-11,11,4,23,10,26,19,37,11,43.0,343,30,31,26320.4,0,22,102,0,0,70631,2.0,2151.7492883698137,16.06237840420901,0.6000000000000227,0.0,0.0,10290,5.716666666666667,2106.0582195440716,27.6,6.079925223757893,0.36325855709122656
8181112379,8,-21.9460144,-46.71666718,837.3,9,1016,1811,7,-9,6,23,10,26,19,37,12,43.0,343,28,34,26320.5,0,20,101,0,0,70632,1.0,2076.549541908403,12.884098726725126,0.599999999999909,0.09999999999854481,6.000000000086402,9604,2.667777777777778,2078.9866635762614,29.6,4.516018571822753,1.8482407940449748
8182331379,8,-21.9449234,-46.71666718,829.8,-9,876,1853,-17,-41,17,23,10,26,19,37,31,43.0,347,1,10,26320.6,0,6,102,0,0,70651,1.0,2049.650214060926,47.52893855326458,-0.5,0.0,0.0,347,0.09638888888888889,2169.092711014629,16.0,0.6295465463495862,0.5331576574606973
8182433379,8,-21.94487762,-46.71666718,829.3,90,969,1670,-30,-9,8,23,10,26,19,37,33,43.0,346,9,10,26320.6,0,20,102,0,0,70653,2.0,1932.8634199032274,32.32645975048923,-0.5,0.0,0.0,3114,1.73,2131.3447615115847,13.4,1.6423649099787527,-0.08763509002124725
8182535379,8,-21.9448204,-46.71666718,829.7,108,1108,1944,-6,3,6,23,10,26,19,37,35,43.0,345,22,14,26320.6,0,26,102,0,0,70655,2.0,2240.192848841367,9.0,0.40000000000009095,0.0,0.0,7590,4.216666666666667,2156.7687077751807,12.0,2.2977074619797984,-1.9189592046868684
8182636379,8,-21.94478798,-46.70000076,828.2,16,1044,1915,29,-9,3,23,10,26,19,37,36,43.0,344,19,19,26320.6,0,22,102,0,0,70656,1.0,2181.1503845448165,30.512292604784715,-1.5,0.0,0.0,6536,1.8155555555555556,2130.6490901887328,12.8,3.8975699172104843,2.0820143616549287
8182839379,8,-21.944664,-46.70000076,827.8,41,880,1954,-14,-8,21,23,10,26,19,37,39,43.0,346,8,19,26320.6,0,16,102,0,0,70659,1.0,2143.407800676297,26.476404589747453,0.5,0.0,0.0,2768,0.7688888888888888,2084.6471824185855,16.4,1.371223077020554,0.6023341881316652
8182941379,8,-21.94458008,-46.70000076,829.1,-41,1039,1781,-2,-2,17,23,10,26,19,37,41,43.0,344,23,21,26320.6,0,22,102,0,0,70661,2.0,2062.3198103107093,17.233687939614086,1.3000000000000682,0.0,0.0,7912,4.395555555555555,2110.538460500082,18.6,4.021915485760128,-0.3736400697954272
8183043379,8,-21.94448471,-46.70000076,828.7,-17,943,1769,-5,33,61,23,10,26,19,37,43,43.0,344,19,25,26320.7,0,20,102,0,0,70663,2.0,2004.7191823295352,69.53416426476987,-0.39999999999997726,0.10000000000218279,-3.999999999912461,6536,3.631111111111111,2063.443727197716,20.8,2.903731446943234,-0.7273796641678771
8183144379,8,-21.94442177,-46.70000076,829.6,-59,976,1774,-12,23,76,23,10,26,19,37,44,43.0,345,9,27,26320.7,0,14,101,0,0,70664,1.0,2025.619164601283,80.30566605165541,0.8999999999999773,0.0,0.0,3105,0.8625,2032.337483209009,22.4,2.0620441592726393,1.1995441592726392
8184058379,8,-21.94382477,-46.70000076,834.9,44,919,1771,-158,57,-28,23,10,26,19,37,58,43.0,346,11,12,26320.7,0,22,90,0,2,70678,1.0,1995.7299416504227,170.28505512815855,0.10000000000002274,0.0,0.0,3806,1.0572222222222223,2090.190429802865,10.0,1.458257284925367,0.4010350627031447
8184100389,8,-21.9437809,-46.70000076,831.3,77,1105,1882,2,-9,20,23,10,26,19,38,0,43.0,342,47,19,26320.7,0,32,90,0,2,70680,2.0,2183.7760874228843,22.02271554554524,-3.6000000000000227,0.0,0.0,16074,8.93,2100.325957165197,11.8,6.1723141457390645,-2.7576858542609353
8184506389,8,-21.94349098,-46.70000076,831.3,52,1045,1590,-7,-19,14,23,10,26,19,38,6,43.0,342,46,22,26320.8,0,30,90,0,2,70686,1.0,1903.3730585463272,24.61706725018234,-0.40000000000009095,0.0,0.0,15732,4.37,2127.488930693685,20.0,7.56777140965063,3.1977714096506302
8184608389,8,-21.94338417,-46.70000076,830.4,60,1102,1758,-5,-26,-20,23,10,26,19,38,8,43.0,338,75,31,26320.8,0,32,90,0,2,70688,2.0,2075.7090354864285,33.18132004607411,-0.8999999999999773,0.0,0.0,25350,14.083333333333334,2105.875520306394,22.4,9.715786616213236,-4.3675467171200975
8184710389,8,-21.94322205,-46.70000076,830.2,-31,984,2009,-36,-4,4,23,10,26,19,38,10,43.0,344,21,35,26320.8,0,18,90,0,2,70690,2.0,2237.2523326616515,36.4417343165772,-0.1999999999999318,0.0,0.0,7224,4.013333333333334,2164.377815484236,24.8,3.191918842162821,-0.8214144911705126
8184811389,8,-21.94312668,-46.70000076,830.8,-25,939,2152,-13,-17,-5,23,10,26,19,38,11,43.0,343,30,39,26320.8,0,20,90,0,2,70691,1.0,2348.073678571437,21.97726097583591,0.599999999999909,0.0,0.0,10290,2.8583333333333334,2216.010829110105,28.6,4.583363882544262,1.7250305492109286
8184913389,8,-21.94292831,-46.70000076,830.5,121,931,1730,8,-28,-18,23,10,26,19,38,13,43.0,343,32,42,26320.8,0,20,90,0,2,70693,2.0,1968.3246683410744,34.23448553724738,-0.2999999999999545,0.0,0.0,10976,6.097777777777778,2106.546554721384,33.8,4.772294724687602,-1.325483053090176
8185014389,8,-21.9428215,-46.70000076,828.0,419,854,2593,3,-22,-64,23,10,26,19,38,14,43.0,344,19,45,26320.9,0,16,90,0,2,70694,1.0,2761.978638585027,67.7421582177598,-2.5,0.10000000000218279,-24.999999999454303,6536,1.8155555555555556,2278.267670729124,38.4,2.8421719748670746,1.026616419311519
8185217389,8,-21.94249535,-46.70000076,828.6,106,864,1944,5,-30,-24,23,10,26,19,38,17,43.0,346,7,43,26320.9,0,12,90,0,2,70697,1.0,2129.9924882496653,38.742741255621034,-0.2999999999999545,0.0,0.0,2422,0.6727777777777778,2239.3154921710384,42.6,1.3343389192925725,0.6615611415147947
8185319389,8,-21.94228745,-46.70000076,828.7,-70,946,1793,36,28,-22,23,10,26,19,38,19,43.0,345,15,42,26320.9,0,14,90,0,2,70699,2.0,2028.4637043831965,50.635955604688654,0.10000000000002274,0.0,0.0,5175,2.875,2175.39349733339,43.2,2.196335632921691,-0.678664367078309
8185421389,8,-21.94209099,-46.70000076,829.1,-253,845,2182,13,-44,24,23,10,26,19,38,21,43.0,344,22,42,26320.9,0,16,90,0,2,70701,2.0,2353.5415866306676,51.778373863998475,0.39999999999997726,0.0,0.0,7568,4.204444444444444,2252.436880991309,43.2,3.254016461790497,-0.9504279826539475
8185522389,8,-21.94198608,-46.70000076,829.6,221,1001,2158,6,-27,2,23,10,26,19,38,22,43.0,345,13,41,26321.0,0,10,90,0,2,70702,1.0,2389.101504750269,27.730849247724095,0.5,0.09999999999854481,5.00000000007276,4485,1.2458333333333333,2177.8614542243577,42.4,0.6585882752959025,-0.5872450580374309
8186030389,8,-21.94135475,-46.70000076,830.9,259,872,1352,258,-60,37,23,10,26,19,38,30,43.0,341,48,20,26321.0,0,32,90,0,2,70710,1.0,1629.5303004240209,267.45653852542097,0.10000000000002274,0.0,0.0,16368,4.546666666666667,2021.1348060513178,28.2,7.213043530782827,2.6663768641161605
8186132389,8,-21.94125557,-46.70000076,832.8,193,1125,1809,-8,4,-11,23,10,26,19,38,32,43.0,341,54,26,26321.0,0,30,90,0,2,70712,2.0,2139.0079476243186,14.177446878757825,1.8999999999999773,0.0,0.0,18414,10.23,2009.836543606268,25.6,8.363166676632858,-1.8668333233671426
8186233389,8,-21.94119453,-46.70000076,833.1,21,965,1695,-9,-7,-4,23,10,26,19,38,33,43.0,339,64,31,26321.1,0,30,90,0,2,70713,1.0,1950.5617139685685,12.083045973594572,0.3000000000000682,0.09999999999854481,3.000000000044338,21696,6.026666666666666,1987.1788777995503,24.8,7.008442997999961,0.981776331333295
8186335389,8,-21.94105148,-46.70000076,833.6,42,1176,2053,7,13,-8,23,10,26,19,38,35,43.0,338,74,36,26321.1,0,30,90,0,2,70715,2.0,2366.3366201789636,16.792855623746664,0.5,0.0,0.0,25012,13.895555555555555,2061.088667788469,26.4,10.449775213561752,-3.445780341993803
8186436389,8,-21.94096565,-46.70000076,833.4,54,1161,1701,7,-14,14,23,10,26,19,38,36,43.0,337,78,41,26321.1,0,30,90,0,2,70716,1.0,2060.154848549011,21.0,-0.20000000000004547,0.0,0.0,26286,7.301666666666667,2029.1182861489767,30.8,11.42490833380004,4.123241667133374
8186538389,8,-21.94078064,-46.70000076,835.1,8,1182,2003,-3,-10,9,23,10,26,19,38,38,43.0,340,52,45,26321.1,0,24,90,0,2,70718,2.0,2325.768045184214,13.784048752090222,1.7000000000000455,0.0,0.0,17680,9.822222222222223,2168.3658351010154,35.8,8.93293990146853,-0.8892823207536935
8186640389,8,-21.94057655,-46.70000076,835.4,135,1146,2148,33,-17,32,23,10,26,19,38,40,43.0,340,53,46,26321.1,0,24,90,0,2,70720,2.0,2438.328320796853,49.01020301937138,0.2999999999999545,0.0,0.0,18020,10.011111111111111,2228.2299097355217,39.8,7.349867730971887,-2.661243380139224
8186741389,8,-21.94046402,-46.70000076,836.2,49,992,1724,-9,14,7,23,10,26,19,38,41,43.0,339,57,46,26321.1,0,24,90,0,2,70721,1.0,1989.6333833146246,18.05547008526779,0.8000000000000682,0.0,0.0,19323,5.3675,2236.0442436047333,42.8,8.82904404472259,3.46154404472259
8186843389,8,-21.9402523,-46.70000076,837.4,19,1080,1880,-15,-13,-4,23,10,26,19,38,43,43.0,339,57,45,26321.2,0,24,89,0,2,70723,2.0,2168.2160870171588,20.248456731316587,1.1999999999999318,0.10000000000218279,11.999999999737383,19323,10.735,2196.420136972372,44.6,7.271734855844577,-3.4632651441554225
8186944389,8,-21.94015694,-46.70000076,835.2,-67,1132,1683,-10,9,8,23,10,26,19,38,44,42.5,339,57,45,26321.2,0,24,89,0,2,70724,1.0,2029.3846357948016,15.652475842498529,-2.199999999999932,0.0,0.0,19323,5.3675,2190.2660944215304,45.4,8.763279046019006,3.3957790460190065
8187046389,8,-21.93993568,-46.70000076,836.0,-137,927,1768,-10,12,4,23,10,26,19,38,46,42.5,341,43,44,26321.2,0,22,89,0,2,70726,2.0,2000.9802597726946,16.1245154965971,0.7999999999999545,0.0,0.0,14663,8.14611111111111,2125.3085373392264,45.2,7.248203724719471,-0.8979073863916396
8187148389,8,-21.93972015,-46.70000076,836.6,256,900,2027,-16,3,20,23,10,26,19,38,48,42.5,341,43,44,26321.2,0,22,89,0,2,70728,2.0,2232.5467520300667,25.787593916455254,0.6000000000000227,0.0,0.0,14663,8.14611111111111,2084.1522235858693,44.8,6.73149168385326,-1.4146194272578505
8187249389,8,-21.93961334,-46.70000076,837.4,277,902,1898,23,-8,24,23,10,26,19,38,49,42.5,341,43,45,26321.2,0,22,89,0,2,70729,1.0,2119.607746730512,34.19064199455752,0.7999999999999545,0.0,0.0,14663,4.073055555555555,2110.147096269047,44.6,6.771655524636114,2.6985999690805587
8187351389,8,-21.93938637,-46.70000076,837.1,-108,1002,1775,-3,25,23,23,10,26,19,38,51,42.5,342,25,46,26321.3,0,14,89,0,2,70731,2.0,2041.149921000415,34.10278580995987,-0.2999999999999545,0.09999999999854481,-3.000000000043201,8550,4.75,2084.733863065698,44.8,2.6594490090971123,-2.0905509909028877
8187452389,8,-21.93929291,-46.70000076,835.6,107,972,2170,7,0,36,23,10,26,19,38,52,42.5,343,18,46,26321.3,0,14,89,0,2,70732,1.0,2380.1539866151516,36.6742416417845,-1.5,0.0,0.0,6174,1.715,2154.887733229768,45.0,2.8332860604489123,1.1182860604489122
8187554389,8,-21.9390564,-46.70000076,835.8,-40,1047,2001,-1,-33,52,23,10,26,19,38,54,42.5,343,22,48,26321.3,0,16,89,0,2,70734,2.0,2258.7186633133397,61.59545437773797,0.1999999999999318,0.0,0.0,7546,4.192222222222222,2206.435413937897,45.8,3.2464958735114493,-0.9457263487107728
8187757389,8,-21.93869019,-46.70000076,835.8,-98,829,1877,-11,39,33,23,10,26,19,38,57,42.5,345,6,46,26321.4,0,8,89,0,2,70737,2.0,2054.257530106681,52.25897052181568,0.1999999999999318,0.10000000000218279,1.9999999999556621,2070,1.15,2117.6211749884155,46.8,0.38577834360034463,-0.7642216563996553
8187859389,8,-21.93848038,-46.70000076,836.3,-231,971,1919,2,10,23,23,10,26,19,38,59,42.5,344,10,45,26321.4,0,10,89,0,2,70739,2.0,2163.0448446576415,25.15949125081825,0.5,0.0,0.0,3440,1.9111111111111112,2142.000159719861,46.6,0.886237667110509,-1.0248734440006022
8188002399,8,-21.93818092,-46.70000076,832.9,65,761,1871,-61,-35,11,23,10,26,19,39,2,42.5,346,2,40,26321.4,0,0,89,0,2,70742,2.0,2020.8876762452683,71.18286310622803,-3.2000000000000455,0.0,0.0,692,0.3844444444444444,2024.9780289381833,44.4,0.4412098357485317,0.056765391304087254
8188814399,8,-21.93701935,-46.70000076,831.0,-47,964,2516,158,-131,35,23,10,26,19,39,14,42.5,344,43,21,26321.5,0,30,89,0,2,70754,1.0,2694.765481447319,208.20662813657015,0.2999999999999545,0.0,0.0,14792,4.108888888888889,2318.700097273079,33.8,6.911850030497612,2.802961141608723
8188916399,8,-21.93687248,-46.70000076,833.8,252,1008,1913,4,-36,-28,23,10,26,19,39,16,42.5,341,47,27,26321.6,0,28,89,0,2,70756,2.0,2176.955902171654,45.78209256903839,2.7999999999999545,0.09999999999854481,28.000000000407,16027,8.903888888888888,2227.832938106031,30.8,12.674624139906731,3.770735251017843
8189018399,8,-21.93673515,-46.70000076,834.2,189,995,2004,5,-17,12,23,10,26,19,39,18,42.5,344,21,30,26321.6,0,18,89,0,2,70758,2.0,2245.386826361997,21.400934559032695,0.40000000000009095,0.0,0.0,7224,4.013333333333334,2296.1661373036236,28.6,2.9762671134015317,-1.037066219931802
8189119399,8,-21.93664551,-46.70000076,834.3,325,910,1845,-47,-34,-1,23,10,26,19,39,19,42.5,343,26,32,26321.6,0,20,89,0,2,70759,1.0,2082.726578310269,58.01723881744115,0.09999999999990905,0.0,0.0,8918,2.477222222222222,2281.2931408833088,27.2,4.052005840306778,1.574783618084556
8189221399,8,-21.93647957,-46.70000076,835.5,16,890,1948,31,21,-10,23,10,26,19,39,21,42.5,343,28,34,26321.6,0,20,89,0,2,70761,2.0,2141.74228141483,38.7556447501522,1.2000000000000455,0.0,0.0,9604,5.335555555555556,2268.3154139412136,28.8,4.168736403808487,-1.1668191517470685
8189322399,8,-21.93639565,-46.70000076,835.6,234,701,1789,12,-19,4,23,10,26,19,39,22,42.5,343,23,36,26321.6,0,18,89,0,2,70762,1.0,1935.6337463476916,22.825424421026653,0.10000000000002274,0.0,0.0,7889,2.191388888888889,2116.489066921288,31.8,3.429324132903099,1.23793524401421
8189424399,8,-21.93623161,-46.70000076,832.1,673,995,2247,-32,2,-28,23,10,26,19,39,24,42.5,343,24,38,26321.6,0,18,89,0,2,70764,2.0,2547.933083893688,42.567593307585526,-3.5,0.0,0.0,8232,4.573333333333333,2190.684503265695,34.0,4.163706673928298,-0.40962665940503484
8189526399,8,-21.93606186,-46.70000076,832.5,254,1021,2089,-32,33,-19,23,10,26,19,39,26,42.5,343,24,38,26321.6,0,18,89,0,2,70766,2.0,2338.9908080195614,49.73932046178355,0.39999999999997726,0.0,0.0,8232,4.573333333333333,2209.405299597208,35.6,3.184024509886373,-1.3893088234469602
8190135399,8,-21.93541718,-46.70000076,835.6,-49,893,2020,10,39,4,23,10,26,19,39,35,42.5,346,8,19,26321.7,0,16,89,0,2,70775,1.0,2209.128787554044,40.45985664828782,-0.39999999999997726,0.0,0.0,2768,0.7688888888888888,2215.7542670616594,24.4,1.7256399375984082,0.9567510487095193
8190237399,8,-21.93532944,-46.70000076,835.4,129,881,2273,25,-108,-99,23,10,26,19,39,37,42.5,345,11,23,26321.7,0,14,89,0,2,70777,2.0,2441.1741027628486,148.62705002791384,-0.20000000000004547,0.0,0.0,3795,2.1083333333333334,2262.291181800765,22.4,1.5938037840392631,-0.5145295492940702
8190338399,8,-21.93528557,-46.70000076,833.1,403,784,1836,57,-100,-201,23,10,26,19,39,38,42.5,345,10,26,26321.7,0,14,89,0,2,70778,1.0,2036.654364392741,231.62469643800938,-2.2999999999999545,0.0,0.0,3450,0.9583333333333334,2197.57853973604,22.0,1.3140548155138991,0.35572148218056576
8190440399,8,-21.9351902,-46.70000076,832.4,396,939,1586,5,-75,-131,23,10,26,19,39,40,42.5,343,37,29,26321.8,0,24,89,0,2,70780,2.0,1885.1877890544486,151.03310895297096,-0.7000000000000455,0.09999999999854481,-7.000000000102318,12691,7.0505555555555555,2114.7833018483193,23.2,5.846452022462731,-1.204103533092824
8190541399,8,-21.93511581,-46.70000076,834.6,91,901,1627,-9,-43,-66,23,10,26,19,39,41,42.5,341,50,33,26321.8,0,26,89,0,2,70781,1.0,1862.0448437134912,79.28429857165919,2.2000000000000455,0.0,0.0,17050,4.736111111111111,2086.8379774955147,26.0,6.570136291105237,1.8340251799941258
8190643399,8,-21.93495941,-46.70000076,834.1,196,994,1830,-25,30,-14,23,10,26,19,39,43,42.5,342,35,37,26321.8,0,22,89,0,2,70783,2.0,2091.7342087368556,41.48493702538308,-0.5,0.0,0.0,11970,6.65,2063.359061732077,29.6,7.005919282676796,0.35591928267679585
8190745399,8,-21.93478775,-46.70000076,831.7,-53,718,1819,-16,-9,5,23,10,26,19,39,45,42.5,343,13,38,26321.8,0,10,89,0,2,70785,2.0,1956.2959898747429,19.026297590440446,-2.3999999999999773,0.0,0.0,4459,2.477222222222222,1966.3834391544558,32.6,0.6600102835789605,-1.8172119386432617
8190846399,8,-21.93468857,-46.70000076,831.6,-689,841,1783,-53,22,32,23,10,26,19,39,46,42.5,344,19,38,26321.8,0,16,89,0,2,70786,1.0,2088.322532560524,65.70388116390082,-0.10000000000002274,0.0,0.0,6536,1.8155555555555556,1976.7170727880125,35.0,2.470546689969267,0.6549911344137116
8190948399,8,-21.93449974,-46.70000076,834.4,106,893,2046,-36,-12,-6,23,10,26,19,39,48,42.5,344,17,39,26321.8,0,16,89,0,2,70788,2.0,2234.9051434009452,38.41874542459709,2.7999999999999545,0.0,0.0,5848,3.2488888888888887,2046.6605436573118,37.0,2.849593390856973,-0.39929549803191566
8191049399,8,-21.93440437,-46.70000076,834.9,26,939,1859,8,11,13,23,10,26,19,39,49,42.5,344,17,40,26321.9,0,16,89,0,2,70789,1.0,2082.853331370214,18.81488772222678,0.5,0.10000000000218279,4.999999999890861,5848,1.6244444444444444,2090.8222411886563,38.4,2.6392769413516204,1.014832496907176
8191151399,8,-21.93420601,-46.70000076,835.5,126,804,1827,11,26,-20,23,10,26,19,39,51,42.5,346,1,41,26321.9,0,0,89,0,2,70791,2.0,2000.0552492368804,34.597687784012386,0.6000000000000227,0.0,0.0,346,0.1922222222222222,2072.4864492886613,39.2,0.7360754653076493,0.5438532430854272
8191456399,8,-21.93375015,-46.70000076,839.4,89,1099,1846,24,-15,-15,23,10,26,19,39,56,42.5,340,56,39,26321.9,0,26,89,0,2,70796,2.0,2150.218128469761,32.03123475609393,2.8999999999999773,0.0,0.0,19040,10.577777777777778,2051.8306011307423,39.0,11.370333230843997,0.7925554530662193
8191557399,8,-21.93364716,-46.70000076,840.2,90,1010,1636,-44,-26,-23,23,10,26,19,39,57,42.5,341,46,40,26321.9,0,24,89,0,2,70797,1.0,1924.7586861734123,56.04462507680822,0.8000000000000682,0.0,0.0,15686,4.357222222222222,2020.2116720913823,39.0,7.445160281869239,3.0879380596470165
8191659399,8,-21.93343353,-46.70000076,842.6,-195,897,1962,23,-23,-53,23,10,26,19,39,59,42.5,346,2,38,26322.0,0,6,89,0,2,70799,2.0,2166.120495263364,62.185207244167,2.3999999999999773,0.09999999999854481,24.00000000034902,692,0.3844444444444444,2053.424721296679,38.4,3.822602100063215,3.4381576556187703
8191700409,8,-21.93334579,-46.70000076,842.3,237,948,2135,34,4,-76,23,10,26,19,40,0,42.5,340,61,38,26322.0,0,30,89,0,2,70800,1.0,2347.9987223165176,83.35466393669883,-0.3000000000000682,0.0,0.0,20740,5.761111111111111,2179.108313187877,38.2,12.997913510703013,7.236802399591902
8191802409,8,-21.93318176,-46.70000076,841.4,296,1149,2014,-12,-114,-128,23,10,26,19,40,2,42.5,334,103,44,26322.0,0,32,88,0,2,70802,2.0,2337.52283411307,171.8254928699464,-0.8999999999999773,0.0,0.0,34402,19.112222222222222,2185.323773267225,39.8,13.851850088489023,-5.260372133733199
8191904409,8,-21.93301964,-46.70000076,840.5,856,1265,2267,5,-138,-166,23,10,26,19,40,4,42.5,332,123,50,26322.0,0,36,88,0,2,70804,2.0,2733.541658727739,215.92822881689185,-0.8999999999999773,0.0,0.0,40836,22.686666666666667,2301.9884793188203,42.0,16.354726701287504,-6.3319399653791635
8192208409,8,-21.93298149,-46.70000076,842.6,-269,407,2070,-11,4,-16,23,10,26,19,40,8,42.5,346,3,20,26322.1,0,62,88,0,2,70808,1.0,2126.7134268631494,19.82422760159901,1.3000000000000682,0.0,0.0,1038,0.28833333333333333,2365.3444402332725,40.0,20.032386830164874,19.74405349683154
8192310409,8,-21.9329586,-46.70000076,842.9,136,1424,1727,-17,8,31,23,10,26,19,40,10,42.5,324,204,34,26322.1,0,92,88,0,2,70810,2.0,2242.4988294311324,36.24913792078372,0.2999999999999545,0.0,0.0,66096,36.72,2346.3396392968853,38.0,28.222300231900636,-8.497699768099363
8192412409,8,-21.93294144,-46.70000076,843.6,152,1206,1527,-1,-55,-30,23,10,26,19,40,12,42.5,340,57,44,26322.1,0,26,88,0,2,70812,2.0,1951.7348692893715,62.65780079128216,0.7000000000000455,0.0,0.0,19380,10.766666666666667,2189.9782814092114,36.8,8.255360258509764,-2.511306408156903
8192513409,8,-21.93293762,-46.70000076,845.2,188,1207,1646,-25,-4,17,23,10,26,19,40,13,42.0,329,149,51,26322.1,0,44,88,0,2,70813,1.0,2049.758278431874,30.495901363953813,1.6000000000000227,0.0,0.0,49021,13.616944444444444,2125.886141650482,37.2,22.61110668859465,8.994162244150205
8192615409,8,-21.9329071,-46.70000076,846.0,3,965,1733,17,16,-20,23,10,26,19,40,15,42.0,334,83,59,26322.2,0,30,88,0,2,70815,2.0,1983.5632079669153,30.740852297878796,0.7999999999999545,0.10000000000218279,7.999999999824922,27722,15.401111111111112,2070.8537223964886,41.6,11.052502511751088,-4.348608599360023
8192716409,8,-21.93285942,-46.70000076,847.8,-223,878,1836,-11,30,-21,23,10,26,19,40,16,42.0,344,19,60,26322.2,0,22,88,0,2,70816,1.0,2047.3175132353067,38.23610858861032,1.7999999999999545,0.0,0.0,6536,1.8155555555555556,2054.97453967092,49.6,7.606610524923039,5.791054969367483
8192818409,8,-21.93283272,-46.70000076,847.5,76,1075,1913,7,-57,-29,23,10,26,19,40,18,42.0,335,92,62,26322.2,0,32,88,0,2,70818,2.0,2195.6707403433693,64.33506042586733,-0.2999999999999545,0.0,0.0,30820,17.122222222222224,2045.6089218533675,55.2,15.604434433517763,-1.5177877887044602
8192919409,8,-21.9328289,-46.70000076,847.9,151,1466,2209,44,0,-63,23,10,26,19,40,19,42.0,331,114,68,26322.2,0,34,87,0,2,70819,1.0,2655.492044800737,76.84399781375251,0.39999999999997726,0.0,0.0,37734,10.481666666666667,2186.360356955641,60.0,18.80644747494162,8.324780808274953
8193021409,8,-21.93285179,-46.70000076,848.5,186,956,1750,9,-5,-43,23,10,26,19,40,21,42.0,336,70,71,26322.3,0,26,87,0,2,70821,2.0,2002.7561009768513,44.21538193886829,0.6000000000000227,0.09999999999854481,6.000000000087539,23520,13.066666666666666,2176.959921464636,64.0,7.91053332401327,-5.156133342653397
8193123409,8,-21.9329586,-46.70000076,849.3,-142,1150,1835,-42,-77,-18,23,10,26,19,40,23,42.0,336,67,75,26322.3,0,26,87,0,2,70823,2.0,2170.2278682202937,89.5377015563835,0.7999999999999545,0.0,0.0,22512,12.506666666666666,2214.2928535153114,67.2,9.756999131708055,-2.7496675349586113
8193224409,8,-21.93301392,-46.70000076,848.6,-363,1024,1641,6,-9,1,23,10,26,19,40,24,42.0,339,44,77,26322.3,0,22,87,0,2,70824,1.0,1968.0513204690574,10.862780491200215,-0.6999999999999318,0.0,0.0,14916,4.1433333333333335,2198.4396149620616,70.6,8.156262438556377,4.012929105223043
8193326409,8,-21.93314362,-46.70000076,845.4,0,989,1650,-13,-11,-12,23,10,26,19,40,26,42.0,338,51,79,26322.4,0,22,87,0,2,70826,2.0,1923.6998206580984,20.83266665599966,-3.2000000000000455,0.10000000000218279,-31.999999999301963,17238,9.576666666666666,2144.0454310250075,74.0,7.616264029547336,-1.96040263711933
8193427409,8,-21.93317604,-46.70000076,844.9,50,905,1767,-2,-28,8,23,10,26,19,40,27,42.0,338,18,79,26322.4,0,0,87,0,2,70827,1.0,1985.9038244587778,29.189039038652847,-0.5,0.0,0.0,6084,1.69,2010.1277869566154,76.2,0.5502522412241476,-1.1397477587758522
8193834409,8,-21.93357277,-46.70000076,843.6,-95,726,1668,26,-33,-38,23,10,26,19,40,34,42.0,343,28,61,26322.5,0,20,87,0,2,70834,2.0,1821.6270200016247,56.64803615307419,-0.2999999999999545,0.0,0.0,9604,5.335555555555556,2006.2415512757318,69.8,5.035563013828069,-0.29999254172748646
8193935409,8,-21.93362236,-46.70000076,843.9,372,911,1696,-12,-71,-89,23,10,26,19,40,35,42.0,337,71,62,26322.6,0,26,87,0,2,70835,1.0,1960.7960118278495,114.48143954370944,0.2999999999999545,0.09999999999854481,3.000000000043201,23927,6.646388888888889,2001.2199887495458,66.4,7.981445789920376,1.3350569010314874
8194037409,8,-21.93379211,-46.70000076,842.7,403,948,2272,8,-34,-97,23,10,26,19,40,37,42.0,333,108,66,26322.6,0,32,87,0,2,70837,2.0,2494.6135973332625,103.0970416646375,-1.1999999999999318,0.0,0.0,35964,19.98,2110.964651280816,64.4,16.19710806432468,-3.7828919356753197
8194443409,8,-21.93446922,-46.70000076,846.5,-443,970,1802,-26,40,139,23,10,26,19,40,43,42.0,345,6,45,26322.7,0,42,87,0,2,70843,1.0,2093.884667310977,146.9591780053223,0.6000000000000227,0.0,0.0,2070,0.575,2238.338942355913,58.4,21.638965717617804,21.063965717617805
8194545409,8,-21.93453598,-46.70000076,847.7,-209,1326,1636,-17,10,112,23,10,26,19,40,45,42.0,331,126,49,26322.7,0,36,87,0,2,70845,2.0,2116.235572898254,113.7233485261492,1.2000000000000455,0.0,0.0,41706,23.17,2162.663337468911,55.0,18.437954427315233,-4.732045572684768
8194646409,8,-21.9345665,-46.70000076,848.9,61,1255,1810,0,22,47,23,10,26,19,40,46,42.0,327,155,56,26322.7,0,40,87,0,2,70846,1.0,2203.371507485744,51.894122981316485,1.1999999999999318,0.0,0.0,50685,14.079166666666667,2060.931370565703,53.0,26.489284437864086,12.410117771197418
8194748409,8,-21.93464661,-46.70000076,850.5,220,1253,1781,4,33,1,23,10,26,19,40,48,42.0,327,150,64,26322.8,0,38,87,0,2,70848,2.0,2188.691389849195,33.25657829663178,1.6000000000000227,0.09999999999854481,16.000000000233058,49050,27.25,2101.3946304435403,53.6,23.55582564993628,-3.6941743500637187
8194850409,8,-21.93470573,-46.70000076,850.0,160,1056,1657,-16,1,-5,23,10,26,19,40,50,41.5,336,60,70,26322.8,0,24,87,0,2,70850,2.0,1971.3916404408333,16.792855623746664,-0.5,0.0,0.0,20160,11.2,2114.7149555970004,56.8,9.812362238688062,-1.3876377613119377
8194951409,8,-21.93474007,-46.70000076,849.6,138,807,1832,21,27,-38,23,10,26,19,40,51,41.5,337,59,73,26322.8,0,24,86,0,2,70851,1.0,2006.61829952784,51.12729212465687,-0.39999999999997726,0.0,0.0,19883,5.523055555555556,2097.261682040373,62.4,9.141358141097989,3.618302585542433
8195154409,8,-21.93487549,-46.70000076,850.9,130,684,1620,16,-37,-28,23,10,26,19,40,54,41.5,342,17,69,26322.9,0,14,86,0,2,70854,1.0,1763.2798983712144,49.08156476723211,0.7999999999999545,0.0,0.0,5814,1.615,2053.8560964478643,69.4,2.556233785207335,0.9412337852073349
8195256409,8,-21.93501663,-46.70000076,850.6,-35,885,1956,-35,21,-33,23,10,26,19,40,56,41.5,341,14,68,26322.9,0,14,86,0,2,70856,2.0,2147.1809425383785,52.48809388804284,-0.2999999999999545,0.0,0.0,4774,2.652222222222222,2045.5540069857009,70.2,2.4509966484403107,-0.2012255737819113
8195358409,8,-21.93516922,-46.70000076,848.3,17,712,2322,23,-5,-64,23,10,26,19,40,58,41.5,342,38,66,26322.9,0,20,86,0,2,70858,2.0,2428.768618044955,68.19090848492928,-2.300000000000068,0.0,0.0,12996,7.22,2137.029402506525,69.4,5.8843595111163856,-1.3356404888836142
8195459409,8,-21.93528748,-46.70000076,845.6,613,1048,2283,71,-26,-122,23,10,26,19,40,59,41.5,324,187,70,26323.0,0,44,87,0,2,70859,1.0,2585.7613965716173,143.53048456686824,-2.699999999999932,0.09999999999854481,-27.00000000039222,60588,16.83,2252.8580219152805,68.8,24.711140476251032,7.8811404762510335
8195501419,8,-21.93554306,-46.70000076,847.4,605,1013,1805,-2,-49,-130,23,10,26,19,41,1,41.5,321,200,77,26323.0,0,46,87,0,2,70861,2.0,2156.4366440959957,138.94243412291294,1.7999999999999545,0.0,0.0,64200,35.666666666666664,2216.2854999244323,70.0,29.30539091057498,-6.361275756091683
8195602419,8,-21.93567657,-46.70000076,846.7,161,1089,1814,-41,-74,-8,23,10,26,19,41,2,41.5,317,225,83,26323.0,0,48,86,0,2,70862,1.0,2121.894907859482,84.97646733066749,-0.6999999999999318,0.0,0.0,71325,19.8125,2288.0085018220857,72.8,26.69172486430704,6.879224864307041
8195704419,8,-21.93597603,-46.70000076,847.9,-139,1075,2227,-21,38,28,23,10,26,19,41,4,41.5,329,121,86,26323.1,0,34,86,0,2,70864,2.0,2476.78723349423,51.66236541235796,1.1999999999999318,0.09999999999854481,12.00000000017394,39809,22.11611111111111,2353.929760013256,76.4,17.49065709484223,-4.625454016268879
8195805419,8,-21.93619537,-46.70000076,849.3,-407,946,2053,-33,77,26,23,10,26,19,41,5,41.5,340,20,84,26323.1,0,16,86,0,2,70865,1.0,2296.818233992407,87.71544903835355,1.3999999999999773,0.0,0.0,6800,1.8888888888888888,2327.5396832027463,80.0,4.195837182117002,2.3069482932281136
8195907419,8,-21.93658257,-46.70000076,850.1,-445,1196,1419,5,70,102,23,10,26,19,41,7,41.5,331,103,83,26323.2,0,32,86,0,2,70867,2.0,1908.4029972728506,123.81033882515628,0.8000000000000682,0.10000000000218279,7.999999999826059,34093,18.940555555555555,2192.068003342993,82.6,9.92169245758267,-9.018863097972885
8196009419,8,-21.93690681,-46.70000076,851.8,-493,1148,2574,25,77,106,23,10,26,19,41,9,41.5,333,82,83,26323.2,0,28,86,0,2,70869,2.0,2861.1936320354134,133.37915879176927,1.6999999999999318,0.0,0.0,27306,15.17,2333.0194009308766,83.8,11.600514854153547,-3.5694851458464534
8196110419,8,-21.93702507,-46.70000076,852.7,-371,1532,2381,3,35,77,23,10,26,19,41,10,41.0,323,169,85,26323.2,0,40,86,0,2,70870,1.0,2855.4905007721527,84.63450832845902,0.900000000000091,0.0,0.0,54587,15.163055555555555,2479.7385195134107,84.2,26.019419471867582,10.856363916312027
8196212419,8,-21.9371624,-46.70000076,854.3,-111,1256,1985,-16,-23,12,23,10,26,19,41,12,41.0,317,223,90,26323.3,0,48,85,0,2,70872,2.0,2351.6126381698155,30.479501308256342,1.599999999999909,0.09999999999854481,16.00000000023192,70691,39.272777777777776,2454.703600448528,85.0,29.60436902591428,-9.668408751863495
8196313419,8,-21.93721771,-46.70000076,855.9,88,894,1459,-31,-29,-8,23,10,26,19,41,13,41.0,309,290,95,26323.3,0,72,85,0,2,70873,1.0,1713.3770746686207,43.197222132910355,1.6000000000000227,0.0,0.0,89610,24.891666666666666,2338.0153685837704,87.2,33.20570135038817,8.314034683721502
8196415419,8,-21.93734932,-46.70000076,859.5,104,840,1687,-20,-62,26,23,10,26,19,41,15,41.0,329,54,97,26323.4,0,22,85,0,2,70875,2.0,1887.428144327619,70.14271166700073,3.6000000000000227,0.10000000000218279,35.999999999214424,17766,9.87,2333.8203979947243,90.0,9.7477918628956,-0.12220813710439948
8196618419,8,-21.93753052,-46.70000076,865.0,-160,1011,1744,8,40,-11,23,10,26,19,41,18,41.0,338,36,90,26323.4,0,22,85,0,2,70878,1.0,2022.1911383447411,42.24926034855522,1.8999999999999773,0.0,0.0,12168,3.38,2026.9520758189653,93.2,8.845301213609902,5.465301213609902
8196720419,8,-21.93764305,-46.70000076,868.4,-62,1194,1960,16,13,24,23,10,26,19,41,20,41.0,332,89,88,26323.5,0,30,85,0,2,70880,2.0,2295.8832722941297,31.63858403911275,3.3999999999999773,0.09999999999854481,34.00000000049454,29548,16.415555555555557,2015.806202643828,92.8,19.580897008812133,3.165341453256577
8196821419,8,-21.93769646,-46.70000076,869.0,-187,963,2225,-19,15,48,23,10,26,19,41,21,41.0,331,95,87,26323.5,0,32,85,0,2,70881,1.0,2431.6584875347935,53.75872022286245,0.6000000000000227,0.0,0.0,31445,8.734722222222222,2159.4624852170627,91.2,12.027965627708902,3.2932434054866793
8196923419,8,-21.93775558,-46.70000076,876.0,-533,1048,1496,-3,56,127,23,10,26,19,41,23,41.0,332,83,87,26323.6,0,28,85,0,2,70883,2.0,1902.7372388220083,138.83083231040575,7.0,0.09999999999854481,70.00000000101863,27556,15.30888888888889,2162.52430411594,89.2,26.799415780950575,11.490526892061686
8197024419,8,-21.9377327,-46.70000076,878.5,-706,1244,2124,-15,2,140,23,10,26,19,41,24,41.0,332,89,86,26323.6,0,30,85,0,2,70884,1.0,2560.7319266178565,140.81548210335396,2.5,0.0,0.0,29548,8.207777777777778,2242.6404127227056,87.6,15.530760451351727,7.322982673573948
8197126419,8,-21.93761635,-46.70000076,882.1,-374,959,1929,-6,88,79,23,10,26,19,41,26,41.0,328,117,87,26323.6,0,34,84,0,2,70886,2.0,2186.4578660472744,118.41030360572512,3.6000000000000227,0.0,0.0,38376,21.32,2275.493758263213,87.0,20.043519210872148,-1.2764807891278522
8197634419,8,-21.93673897,-46.68333435,884.9,198,796,1707,37,41,-2,23,10,26,19,41,34,41.0,338,40,67,26323.8,0,20,85,0,2,70894,2.0,1893.8503108746477,55.263007518592396,0.6000000000000227,0.0,0.0,13520,7.511111111111111,2230.961090525365,76.6,5.656237141070378,-1.8548739700407335
8197736419,8,-21.93656158,-46.68333435,885.0,380,686,1577,14,-14,-56,23,10,26,19,41,36,41.0,324,178,70,26323.8,0,42,85,0,2,70896,2.0,1761.2282645926393,59.39696961966999,0.10000000000002274,0.0,0.0,57672,32.04,2014.0711884132834,73.0,18.725761342217954,-13.314238657782045
8197837419,8,-21.93648911,-46.68333435,886.3,280,1079,2618,-8,-92,-79,23,10,26,19,41,37,40.5,324,167,75,26323.9,0,40,84,0,2,70897,1.0,2845.4463621723744,121.52777460317456,1.2999999999999545,0.10000000000218279,12.999999999715783,54108,15.03,2168.1954020777457,71.2,24.605795553349846,9.575795553349847
8197939419,8,-21.93637085,-46.68333435,889.5,677,1077,1989,5,-52,-85,23,10,26,19,41,39,40.5,332,84,78,26323.9,0,28,84,0,2,70899,2.0,2361.012282899011,99.76973488989535,3.2000000000000455,0.0,0.0,27888,15.493333333333334,2205.353631020863,71.8,12.760896677190436,-2.732436656142898
8198040419,8,-21.93632317,-46.68333435,889.7,217,1174,2414,-2,-41,-69,23,10,26,19,41,40,40.5,325,145,79,26323.9,0,38,84,0,2,70900,1.0,2693.095059592216,80.2869852466762,0.20000000000004547,0.0,0.0,47125,13.090277777777779,2310.9264560261777,73.8,16.72597915030435,3.6357013725265723
8198142419,8,-21.93633842,-46.68333435,892.3,747,1114,1927,-4,-59,-70,23,10,26,19,41,42,40.5,327,39,80,26324.0,0,0,84,0,2,70902,2.0,2347.836024938709,91.63514609580758,2.599999999999909,0.09999999999854481,26.00000000037744,12753,7.085,2401.7235988389903,76.4,7.827923937601062,0.7429239376010619
8198853419,8,-21.93649483,-46.68333435,900.0,-93,1012,1924,-30,11,62,23,10,26,19,41,53,40.5,342,9,32,26324.1,0,14,84,0,2,70913,2.0,2175.906477769667,69.74955196988724,0.2999999999999545,0.0,0.0,3078,1.71,2003.7461484378637,44.8,2.4363488446415134,0.7263488446415134
8198955419,8,-21.93642616,-46.68333435,901.3,-176,1011,1947,-18,22,69,23,10,26,19,41,55,40.5,339,36,32,26324.2,0,22,84,0,2,70915,2.0,2200.887548240482,74.62573282722254,1.2999999999999545,0.10000000000218279,12.999999999715783,12204,6.78,1968.4468868341985,38.8,5.7747011745560135,-1.0052988254439867
8199056419,8,-21.93637466,-46.68333435,902.2,92,1114,1553,-3,33,89,23,10,26,19,41,56,40.5,337,53,35,26324.2,0,26,84,0,2,70916,1.0,1913.4442766905966,94.96841580230766,0.900000000000091,0.0,0.0,17861,4.961388888888889,2019.5151758619638,35.4,5.949291063660584,0.987902174771695
8199158419,8,-21.93624687,-46.68333435,902.7,-197,1098,1749,5,75,71,23,10,26,19,41,58,40.5,336,59,40,26324.2,0,26,84,0,2,70918,2.0,2074.4671605017033,103.39729203417274,0.5,0.0,0.0,19824,11.013333333333334,2127.914366580839,35.0,7.812765454761295,-3.2005678785720386
8199259419,8,-21.93616676,-46.68333435,903.4,-134,1060,1096,-7,6,107,23,10,26,19,41,59,40.5,336,61,44,26324.2,0,26,84,0,2,70919,1.0,1530.611642448861,107.39646176667088,0.6999999999999318,0.0,0.0,20496,5.693333333333333,1979.0634211302618,36.6,7.17995847961538,1.486625146282047
8199301429,8,-21.93596458,-46.68333435,904.1,-386,1229,1464,-1,47,116,23,10,26,19,42,1,40.5,339,34,46,26324.2,0,18,84,0,2,70921,2.0,1950.0597426745674,125.16389255691915,0.7000000000000455,0.0,0.0,11526,6.403333333333333,1933.8940741112424,39.4,4.709588304482303,-1.6937450288510307
8199403429,8,-21.93572998,-46.68333435,905.3,-209,1192,2016,2,4,114,23,10,26,19,42,3,40.5,341,14,46,26324.3,0,14,84,0,2,70923,2.0,2351.3402561092685,114.08768557561329,1.1999999999999318,0.09999999999854481,12.00000000017394,4774,2.652222222222222,1963.9846156849994,42.2,2.630995836467873,-0.021226385754348875
8199504429,8,-21.93561363,-46.68333435,906.9,107,1032,2380,-24,29,28,23,10,26,19,42,4,40.5,339,33,48,26324.3,0,20,84,0,2,70924,1.0,2596.319125223246,46.9148164229596,1.6000000000000227,0.0,0.0,11187,3.1075,2100.5595853915293,44.8,5.926979222606632,2.819479222606632
8199606429,8,-21.93536186,-46.68333435,908.0,-42,827,2065,-46,17,34,23,10,26,19,42,6,40.5,336,55,52,26324.3,0,24,84,0,2,70926,2.0,2224.8411179228056,59.67411499134277,1.1000000000000227,0.0,0.0,18480,10.266666666666667,2130.6343768757497,47.2,8.162864527029772,-2.1038021396368958
8199707429,8,-21.93522835,-46.68333435,907.5,-1,1064,1791,-43,-42,21,23,10,26,19,42,7,40.5,337,45,56,26324.3,0,20,83,0,2,70927,1.0,2083.213383213539,63.671029518926424,-0.5,0.0,0.0,15165,4.2125,2241.1547250286853,49.6,5.452239588952226,1.2397395889522258
8199910429,8,-21.93481445,-46.68333435,906.8,8,835,2298,39,10,8,23,10,26,19,42,10,40.5,343,1,55,26324.4,0,2,83,0,2,70930,1.0,2445.013905890926,41.048751503547585,-0.5,0.10000000000218279,-4.999999999890861,343,0.09527777777777778,2293.761358466195,53.4,0.23622692794369698,0.1409491501659192
8200012429,8,-21.93454552,-46.68333435,905.6,273,734,1959,2,20,-14,23,10,26,19,42,12,40.5,343,1,54,26324.4,0,2,83,0,2,70932,2.0,2109.7312625071468,24.49489742783178,-1.1999999999999318,0.0,0.0,343,0.19055555555555556,2196.4437859229756,54.6,0.4435289317101745,0.2529733761546189
8200723429,8,-21.93315315,-46.68333435,902.3,-107,831,2047,-2,49,32,23,10,26,19,42,23,40.5,345,1,48,26324.6,0,4,84,0,2,70943,1.0,2211.8361150862875,58.557663887829406,-1.6000000000000227,0.09999999999854481,-16.000000000233058,345,0.09583333333333334,2164.970293509903,48.0,0.7443445701600311,0.6485112368266978
8200825429,8,-21.9329052,-46.68333435,900.7,-63,894,1941,43,28,7,23,10,26,19,42,25,40.5,344,1,49,26324.6,0,2,84,0,2,70945,2.0,2137.91627525495,51.78802950489621,-1.599999999999909,0.0,0.0,344,0.19111111111111112,2184.084651336147,48.0,0.7856029975672891,0.594491886456178
8201028429,8,-21.93252945,-46.68333435,899.6,-316,1048,1867,46,24,-7,23,10,26,19,42,28,40.5,344,3,49,26324.6,0,12,84,0,2,70948,2.0,2164.220182883433,52.354560450833695,-1.2999999999999545,0.0,0.0,1032,0.5733333333333334,2114.034152625694,48.8,1.6808873634374255,1.107554030104092
8201129429,8,-21.93240547,-46.68333435,899.4,-144,996,1779,-30,-3,-7,23,10,26,19,42,29,40.5,342,13,51,26324.6,0,12,84,0,2,70949,1.0,2043.9160941682512,30.95157508108432,-0.20000000000004547,0.0,0.0,4446,1.235,2062.751593553619,49.4,1.5325430678354652,0.29754306783546514
8201231429,8,-21.93214989,-46.68333435,898.2,292,1000,2226,19,15,-36,23,10,26,19,42,31,40.5,341,25,53,26324.7,0,16,84,0,2,70951,2.0,2457.710316534477,43.382023926967726,-1.1999999999999318,0.10000000000218279,-11.999999999737383,8525,4.736111111111111,2111.9264338432567,50.4,2.9711850819554306,-1.76492602915568
8201333429,8,-21.93188286,-46.68333435,898.0,160,1027,2270,38,23,-40,23,10,26,19,42,33,40.5,341,27,54,26324.7,0,18,84,0,2,70953,2.0,2496.643546844443,59.77457653551382,-0.20000000000004547,0.0,0.0,9207,5.115,2183.6718881611555,51.4,4.339282762066523,-0.7757172379334776
8201434429,8,-21.93175697,-46.68333435,897.2,-279,731,1697,32,42,3,23,10,26,19,42,34,40.5,341,21,55,26324.7,0,12,84,0,2,70954,1.0,1868.692323524662,52.88667128870941,-0.7999999999999545,0.0,0.0,7161,1.9891666666666667,2206.236492791053,52.4,1.4393825810120455,-0.5497840856546212
8202247429,8,-21.93061447,-46.68333435,899.4,-132,637,2042,0,-3,6,23,10,26,19,42,47,40.5,344,2,2,26324.8,12,0,84,0,2,70967,2.0,2143.1185221541064,6.708203932499369,2.2999999999999545,0.0,0.0,688,0.38222222222222224,2095.078406075442,16.8,0.18789108115769088,-0.19433114106453137
8203914439,8,-21.9306221,-46.68333435,899.0,192,1151,1752,-12,-18,-17,23,10,26,19,43,14,40.5,342,24,6,26324.8,0,36,84,0,2,70994,2.0,2105.0342039976454,27.51363298439521,0.7000000000000455,0.0,0.0,8208,4.56,2101.8232937731223,1.2,4.380201428363414,-0.17979857163658597
8204015439,8,-21.9306221,-46.68333435,899.7,208,1183,1736,-2,-35,16,23,10,26,19,43,15,40.5,338,61,16,26324.8,0,42,84,0,2,70995,1.0,2111.0303171674254,38.535697735995385,0.7000000000000455,0.0,0.0,20618,5.727222222222222,2105.5098236122963,4.4,12.424493075556512,6.69727085333429
8204117439,8,-21.93055153,-46.68333435,899.7,313,1400,1656,-10,-35,6,23,10,26,19,43,17,40.5,329,142,31,26324.9,0,48,84,0,2,70997,2.0,2190.9598353233223,36.89173349139343,0.0,0.10000000000218279,0.0,46718,25.954444444444444,2122.776666694084,10.6,20.123148353827,-5.831296090617446
8204219439,8,-21.93036842,-46.68333435,899.1,355,1391,1474,13,-20,-1,23,10,26,19,43,19,40.5,320,229,48,26324.9,0,50,84,0,2,70999,2.0,2057.567009844394,23.874672772626646,-0.6000000000000227,0.0,0.0,73280,40.71111111111111,2107.7547711786865,20.2,28.597863598707384,-12.113247512403724
8204320439,8,-21.93022346,-46.68333435,901.0,271,1339,1704,13,-4,-14,23,10,26,19,43,20,40.0,318,223,61,26324.9,0,48,84,0,2,71000,1.0,2184.0279302243366,19.519221295943137,1.8999999999999773,0.0,0.0,70914,19.698333333333334,2129.723859311425,32.4,33.384832914805294,13.68649958147196
8204422439,8,-21.92990494,-46.68333435,901.3,250,1157,1887,-5,15,12,23,10,26,19,43,22,40.0,317,223,72,26324.9,0,48,83,0,2,71002,2.0,2227.5363072237456,19.849433241279208,0.2999999999999545,0.0,0.0,70691,39.272777777777776,2154.2242799566448,45.6,27.890727847176628,-11.382049930601148
8204523439,8,-21.92971992,-46.68333435,899.2,26,1286,1933,8,-24,2,23,10,26,19,43,23,40.0,318,212,80,26325.0,0,46,83,0,2,71003,1.0,2321.844310025976,25.37715508089904,-2.099999999999909,0.09999999999854481,-21.00000000030468,67416,18.726666666666667,2196.387078528355,58.4,28.97285040577083,10.246183739104165
8204625439,8,-21.92930984,-46.68333435,899.6,59,1104,1598,-17,14,0,23,10,26,19,43,25,40.0,319,195,87,26325.0,0,44,82,0,2,71005,2.0,1943.1677745372374,22.02271554554524,0.39999999999997726,0.0,0.0,62205,34.55833333333333,2146.828666371138,69.6,22.321702617001943,-12.236630716331387
8204727439,8,-21.92885208,-46.68333435,900.4,15,1166,1887,13,27,-19,23,10,26,19,43,27,40.0,318,202,94,26325.0,0,46,82,0,2,71007,2.0,2218.2312773919675,35.482389998420345,0.7999999999999545,0.0,0.0,64236,35.68666666666667,2178.9615198806528,78.8,24.01863384405841,-11.668032822608257
8204828439,8,-21.92861366,-46.68333435,901.5,-166,1221,2136,-9,32,-16,23,10,26,19,43,28,39.5,317,198,99,26325.1,0,44,82,0,2,71008,1.0,2465.9466742003974,36.89173349139343,1.1000000000000227,0.09999999999854481,11.000000000160298,62766,17.435,2235.3452686758646,86.4,27.149350975539726,9.714350975539727
8204930439,8,-21.92812157,-46.68333435,901.2,-286,1216,1615,-15,-4,9,23,10,26,19,43,30,39.5,319,179,104,26325.1,0,40,82,0,2,71010,2.0,2041.7338220248005,17.944358444926362,-0.2999999999999545,0.0,0.0,57101,31.72277777777778,2198.1847716360758,92.8,20.091573988363127,-11.631203789414652
8205031439,8,-21.92786217,-46.68333435,901.2,-111,1119,1791,21,20,-3,23,10,26,19,43,31,39.5,326,132,106,26325.2,0,36,82,0,2,71011,1.0,2114.7489212670143,29.154759474226502,0.0,0.10000000000218279,0.0,43032,11.953333333333333,2156.765693884284,98.0,14.57475034598435,2.6214170126510172
8205133439,8,-21.92732239,-46.68333435,903.8,42,1129,1987,-8,32,-3,23,10,26,19,43,33,39.5,326,133,106,26325.2,0,36,82,0,2,71013,2.0,2285.732705282925,33.12099032335839,2.599999999999909,0.0,0.0,43358,24.087777777777777,2225.2786800334206,101.8,22.717684620495536,-1.3700931572822412
8205336439,8,-21.92653084,-46.68333435,904.1,-59,973,1399,26,-5,-1,23,10,26,19,43,36,39.5,333,87,103,26325.3,0,28,82,0,2,71016,2.0,1705.11319272358,26.49528259898354,0.0,0.0,0.0,28971,16.095,2013.1148909069973,104.8,9.536994365613293,-6.558005634386706
8205844439,8,-21.92468643,-46.68333435,900.6,-20,846,1590,-34,-8,80,23,10,26,19,43,44,39.5,339,70,89,26325.5,0,26,82,0,2,71024,2.0,1801.170730386212,87.29261137118078,-2.199999999999932,0.0,0.0,23730,13.183333333333334,2255.7765522195587,95.2,11.064819886277109,-2.118513447056225
8205946439,8,-21.92440414,-46.68333435,902.3,-406,800,1208,-51,50,40,23,10,26,19,43,46,39.5,332,83,89,26325.6,0,26,82,0,2,71026,2.0,1504.6926596484745,81.85963596303125,1.6999999999999318,0.09999999999854481,17.0000000002467,27556,15.30888888888889,2091.418189682935,92.6,9.391399455860197,-5.917489433028692
8206047439,8,-21.92426491,-46.68333435,902.7,-51,821,1942,25,46,0,23,10,26,19,43,47,39.5,341,4,88,26325.6,0,10,82,0,2,71027,1.0,2109.0296346898494,52.354560450833695,0.40000000000009095,0.0,0.0,1364,0.3788888888888889,2018.9460976882406,90.4,0.6260177103321032,0.2471288214432143
8206352439,8,-21.9235363,-46.68333435,905.2,579,600,1535,-13,-118,-146,23,10,26,19,43,52,39.5,342,10,78,26325.7,0,12,82,0,2,71032,2.0,1746.844583813912,188.17279293245343,0.7000000000000455,0.0,0.0,3420,1.9,2012.4831695354653,84.6,1.1271507268097354,-0.7728492731902645
8206453439,8,-21.92338371,-46.68333435,905.3,460,588,808,-14,-74,-149,23,10,26,19,43,53,39.5,335,81,77,26325.7,0,30,82,0,2,71033,1.0,1100.094541391784,166.9520889357183,0.09999999999990905,0.0,0.0,27135,7.5375,1931.5635458841268,82.2,10.494230445273852,2.956730445273852
8206555439,8,-21.92300224,-46.68333435,905.0,114,1262,1791,-13,-75,-40,23,10,26,19,43,55,39.5,324,180,82,26325.8,0,44,82,0,2,71035,2.0,2193.9282121345723,85.98837130682264,-0.2999999999999545,0.09999999999854481,-3.000000000043201,58320,32.4,1948.5432613730713,81.0,25.080893191540422,-7.319106808459576
8206657439,8,-21.92258453,-46.68333435,907.6,376,1079,810,2,-82,-40,23,10,26,19,43,57,39.5,321,189,88,26325.8,0,44,82,0,2,71037,2.0,1400.6130800474484,91.25787637239867,2.6000000000000227,0.0,0.0,60669,33.705,1728.6189195875959,81.4,32.455127289600846,-1.2498727103991527
8206758439,8,-21.92237854,-46.68333435,908.2,318,796,2091,0,-44,-2,23,10,26,19,43,58,39.5,330,101,89,26325.9,0,32,82,0,2,71038,1.0,2259.8718990243674,44.04543109109048,0.6000000000000227,0.10000000000218279,5.99999999986926,33330,9.258333333333333,1740.270463282417,82.8,13.020717433051963,3.7623840997186306
8206901449,8,-21.92174339,-46.68333435,910.4,387,953,2592,-1,3,-90,23,10,26,19,44,1,39.5,337,48,83,26325.9,0,22,81,0,2,71041,1.0,2788.6272608579297,90.05553841935541,2.1000000000000227,0.0,0.0,16176,4.493333333333333,2115.7451720777435,85.6,7.594601497371349,3.101268164038016
8207003449,8,-21.92133522,-46.68333435,913.4,599,729,492,3,-117,-92,23,10,26,19,44,3,39.0,332,90,81,26326.0,0,30,81,0,2,71043,2.0,1064.0986796345535,148.8690699910495,3.0,0.09999999999854481,30.000000000436557,29880,16.6,1889.7792655777398,85.4,21.634338445370112,5.0343384453701105
8207105449,8,-21.92095757,-46.68333435,912.1,633,626,1973,1,-6,-58,23,10,26,19,44,5,39.0,328,129,81,26326.0,0,34,81,0,2,71045,2.0,2164.553995630509,58.31809324729333,-1.2999999999999545,0.0,0.0,42312,23.506666666666668,2042.5674486943522,84.0,11.649610802709356,-11.857055863957312
8207308449,8,-21.9204216,-46.68333435,913.3,-853,1313,1493,-7,18,192,23,10,26,19,44,8,39.0,341,10,75,26326.1,0,30,81,0,2,71048,2.0,2163.475675851245,192.96890941288962,0.1999999999999318,0.09999999999854481,2.0000000000284217,3410,1.8944444444444444,2164.0617966570753,80.0,8.803684014245706,6.909239569801262
8207409449,8,-21.92022514,-46.68333435,915.2,-423,1350,1564,65,104,212,23,10,26,19,44,9,39.0,329,162,79,26326.1,0,44,81,0,2,71049,1.0,2108.9155981214612,244.9183537426299,1.900000000000091,0.0,0.0,53298,14.805,2028.1194641097816,79.2,25.368033758227575,10.563033758227576
8207511449,8,-21.91983986,-46.68333435,916.1,-579,1407,2434,63,144,133,23,10,26,19,44,11,39.0,319,195,84,26326.1,0,44,81,0,2,71051,2.0,2870.4086817037046,205.89803301634527,0.8999999999999773,0.0,0.0,62205,34.55833333333333,2389.3814645236116,79.8,23.26409024331103,-11.294243090022299
8207612449,8,-21.91965866,-46.68333435,917.9,-313,1119,2233,41,61,50,23,10,26,19,44,12,39.0,325,135,86,26326.2,0,36,81,0,2,71052,1.0,2517.2244635709385,88.89319434017432,1.7999999999999545,0.10000000000218279,17.999999999606644,43875,12.1875,2459.9155581116975,80.8,22.843373170246398,10.655873170246398
8207714449,8,-21.91930389,-46.68333435,919.1,296,963,1863,-40,41,-41,23,10,26,19,44,14,39.0,332,85,85,26326.2,0,28,80,0,2,71054,2.0,2117.959867419588,70.44146506142529,1.2000000000000455,0.0,0.0,28220,15.677777777777777,2355.5968573333876,81.8,12.409016208578102,-3.2687615691996754
8207816449,8,-21.91895103,-46.68333435,920.5,152,959,1945,-42,-70,-34,23,10,26,19,44,16,39.0,329,118,84,26326.3,0,34,80,0,2,71056,2.0,2173.892821645078,88.43076387773658,1.3999999999999773,0.09999999999854481,14.0000000002035,38822,21.567777777777778,2357.680286492154,83.6,16.334719323394474,-5.233058454383304
8207917449,8,-21.91878128,-46.68333435,920.8,157,847,1989,15,1,-55,23,10,26,19,44,17,39.0,326,124,86,26326.3,0,34,80,0,2,71057,1.0,2167.5283158473385,57.01754116059373,0.2999999999999545,0.0,0.0,40424,11.22888888888889,2369.4028300373293,85.0,12.186005374339057,0.9571164854501681
8208019449,8,-21.91839027,-46.68333435,922.6,299,962,1774,-16,26,-67,23,10,26,19,44,19,39.0,327,122,87,26326.3,0,34,80,0,2,71059,2.0,2040.078674953493,73.62744053679987,1.8000000000000682,0.0,0.0,39894,22.163333333333334,2203.3368286872874,85.6,20.484623544125398,-1.678709789207936
8208120449,8,-21.91819572,-46.68333435,923.4,545,865,2174,41,61,-68,23,10,26,19,44,20,39.0,327,117,89,26326.4,0,34,80,0,2,71060,1.0,2402.4000499500494,100.12991560967181,0.7999999999999545,0.10000000000218279,7.999999999824922,38259,10.6275,2180.3719459631093,86.2,13.36789389202665,2.740393892026651
8208222449,8,-21.91775703,-46.68333435,925.3,437,883,1676,-7,25,-64,23,10,26,19,44,22,38.5,326,126,92,26326.4,0,34,80,0,2,71062,2.0,1944.1280822003473,69.06518659932803,1.8999999999999773,0.0,0.0,41076,22.82,2145.605588919261,87.6,17.914713696320767,-4.905286303679233
8208324449,8,-21.91730499,-46.68333435,926.3,-59,961,1857,-5,-32,-50,23,10,26,19,44,24,38.5,327,119,96,26326.5,0,34,80,0,2,71064,2.0,2091.757873177486,59.57348403442592,1.0,0.09999999999854481,10.00000000014552,38913,21.618333333333332,2129.1785992257433,90.0,13.946071668407725,-7.672261664925607
8208425449,8,-21.91706085,-46.68333435,925.7,-86,1269,1654,-29,-35,-8,23,10,26,19,44,25,38.5,331,66,99,26326.5,0,24,80,0,2,71065,1.0,2086.4977833681014,46.151923036857305,-0.599999999999909,0.0,0.0,21846,6.068333333333333,2112.9724927298953,92.6,8.937340909734685,2.8690075764013514
8208527449,8,-21.91656685,-46.68333435,924.6,275,685,2003,18,-29,-3,23,10,26,19,44,27,38.5,335,47,101,26326.5,0,22,79,0,2,71067,2.0,2134.680069705997,34.26368339802363,-1.1000000000000227,0.0,0.0,15745,8.747222222222222,2131.8927716803964,95.4,7.041205461399811,-1.7060167608224104
8208628449,8,-21.91632652,-46.68333435,923.9,275,902,1686,-10,11,8,23,10,26,19,44,28,38.5,333,65,103,26326.6,0,26,79,0,2,71068,1.0,1931.7932083947287,16.881943016134134,-0.7000000000000455,0.09999999999854481,-7.000000000102318,21645,6.0125,2037.771403369332,98.2,9.79814007572691,3.785640075726909
8208730449,8,-21.91579437,-46.68333435,925.1,-339,975,1074,-4,16,12,23,10,26,19,44,30,38.5,330,97,105,26326.6,0,30,79,0,2,71070,2.0,1489.6382111103353,20.396078054371138,1.2000000000000455,0.0,0.0,32010,17.783333333333335,1946.8734291513297,100.8,10.40978317209475,-7.373550161238585
8208832449,8,-21.91524124,-46.68333435,927.1,215,740,2126,-38,-23,4,23,10,26,19,44,32,38.5,330,87,108,26326.7,0,30,79,0,2,71072,2.0,2261.349375925799,44.598206241955516,2.0,0.10000000000218279,19.999999999563443,28710,15.95,1980.7917297009924,103.2,12.680126737703656,-3.2698732622963433
8208933449,8,-21.91496277,-46.68333435,927.8,214,773,2409,-4,11,-2,23,10,26,19,44,33,38.5,331,85,110,26326.7,0,28,79,0,2,71073,1.0,2539.0167388183954,11.874342087037917,0.6999999999999318,0.0,0.0,28135,7.815277777777778,2071.2955207910513,105.4,12.659211592337213,4.843933814559435
8209035449,8,-21.91441345,-46.68333435,926.9,-202,858,1224,-7,-13,9,23,10,26,19,44,35,38.5,330,85,110,26326.8,0,28,79,0,2,71075,2.0,1508.3580476796615,17.291616465790582,-0.8999999999999773,0.09999999999854481,-9.00000000013074,28050,15.583333333333334,1946.0311163857841,107.2,10.906851095409927,-4.676482237923407
8209238449,8,-21.91358948,-46.68333435,926.5,169,903,1909,31,-64,6,23,10,26,19,44,38,38.5,339,1,104,26326.9,0,0,79,0,2,71078,2.0,2118.5492677773627,71.36525765384722,-0.39999999999997726,0.10000000000218279,-3.999999999912461,339,0.18833333333333332,2162.9200774562078,108.2,0.5616088956281208,0.3732755622947874
8209339449,8,-21.91331863,-46.68333435,928.4,-90,800,2223,-32,-35,-56,23,10,26,19,44,39,38.5,328,120,100,26326.9,0,34,79,0,2,71079,1.0,2364.2819205839223,73.38255923582933,1.8999999999999773,0.0,0.0,39360,10.933333333333334,2183.5065863878326,106.6,16.19113443619309,5.257801102859755
8209441449,8,-21.91282082,-46.68333435,930.2,196,861,2666,-7,-52,-51,23,10,26,19,44,41,38.5,325,133,99,26327.0,0,36,79,0,2,71081,2.0,2808.432480940213,73.17103251970687,1.8000000000000682,0.09999999999854481,18.000000000262617,43225,24.01388888888889,2237.3897348121964,104.4,14.94871095119286,-9.06517793769603
8209543449,8,-21.91233826,-46.68333435,932.2,548,598,1767,-18,20,-33,23,10,26,19,44,43,38.5,325,133,99,26327.0,0,36,79,0,2,71083,2.0,1944.2728717955204,42.579337712087536,2.0,0.0,0.0,43225,24.01388888888889,2324.572699635368,102.2,21.64210486211101,-2.3717840267778776
8209644449,8,-21.91209221,-46.68333435,935.0,-26,1195,1688,-17,-20,-72,23,10,26,19,44,44,38.0,322,158,100,26327.0,0,38,79,0,2,71084,1.0,2068.343540130604,76.6355009117837,2.7999999999999545,0.0,0.0,50876,14.132222222222222,2260.7760162455243,100.4,22.80785373981809,8.675631517595868
8209746449,8,-21.91164017,-46.68333435,934.6,294,842,1657,-13,-38,-33,23,10,26,19,44,46,38.0,322,154,101,26327.1,0,38,79,0,2,71086,2.0,1881.7675201788345,51.980765673468106,-0.39999999999997726,0.09999999999854481,-4.00000000005798,49588,27.54888888888889,2213.4196667258193,99.8,19.797762711316267,-7.751126177572623
8209847449,8,-21.91140366,-46.68333435,934.4,94,747,2661,26,-42,-34,23,10,26,19,44,47,38.0,322,147,102,26327.1,0,36,78,0,2,71087,1.0,2765.459455497404,59.9666574022598,-0.20000000000004547,0.0,0.0,47334,13.148333333333333,2293.655173708515,100.2,13.690580772308204,0.5422474389748704
8209949449,8,-21.91095924,-46.68333435,936.8,474,839,3247,21,-8,-47,23,10,26,19,44,49,38.0,328,96,102,26327.2,0,30,78,0,2,71089,2.0,3386.9759373222596,52.09606511052442,2.3999999999999773,0.10000000000218279,23.999999999475904,31488,17.493333333333332,2409.3638649849245,100.8,19.77390477051934,2.2805714371860084
8210051449,8,-21.91054535,-46.68333435,938.6,388,787,2359,-5,-15,-59,23,10,26,19,44,51,38.0,328,95,101,26327.2,0,28,78,0,2,71091,2.0,2516.901666732334,61.08191221630181,1.8000000000000682,0.0,0.0,31160,17.31111111111111,2523.8896239722876,101.2,13.017526993303852,-4.293584117807258
8210152449,8,-21.91037369,-46.68333435,939.3,509,660,2510,22,12,-28,23,10,26,19,44,52,38.0,330,75,100,26327.3,0,26,78,0,2,71092,1.0,2644.764828864752,37.57658845611187,0.6999999999999318,0.09999999999854481,7.000000000101181,24750,6.875,2639.173881719117,101.2,6.730242887567519,-0.14475711243248135
8210355449,8,-21.90985489,-46.68333435,940.8,149,396,2984,-25,-23,14,23,10,26,19,44,55,38.0,338,30,90,26327.4,0,18,78,0,2,71095,1.0,3013.8468773313616,36.742346141747674,0.2999999999999545,0.10000000000218279,2.9999999999340616,10140,2.816666666666667,2677.064673485302,97.6,3.776929683809863,0.9602630171431961
8210457449,8,-21.90952492,-46.68333435,943.8,-361,820,1325,-32,-33,34,23,10,26,19,44,57,38.0,332,66,88,26327.4,0,26,78,0,2,71097,2.0,1599.483041485592,57.175169435691224,3.0,0.0,0.0,21912,12.173333333333334,2319.5660943179687,94.8,12.604294598758212,0.43096126542487845
8210558449,8,-21.90935135,-46.68333435,945.4,143,1194,2382,-48,2,68,23,10,26,19,44,58,38.0,332,70,87,26327.4,0,26,78,0,2,71098,1.0,2668.334499271034,83.2586331859946,1.6000000000000227,0.0,0.0,23240,6.455555555555556,2349.8526608257084,92.0,10.404899715213233,3.9493441596576773
8210600459,8,-21.90898323,-46.68333435,948.0,-162,1188,1404,3,75,92,23,10,26,19,45,0,38.0,330,93,88,26327.5,0,30,78,0,2,71100,2.0,1846.2946677061059,118.7349990525119,2.6000000000000227,0.09999999999854481,26.000000000378577,30690,17.05,2190.1586285939793,89.6,24.206525240296628,7.156525240296627
8210702459,8,-21.90857697,-46.68333435,951.9,30,1029,1333,-25,14,66,23,10,26,19,45,2,38.0,329,99,90,26327.5,0,30,78,0,2,71102,2.0,1684.2297942976784,71.95137246779939,3.8999999999999773,0.0,0.0,32571,18.095,2162.4377760183543,88.6,17.32707817686659,-0.7679218231334097
8210803459,8,-21.90836143,-46.68333435,953.1,-431,877,1704,25,26,74,23,10,26,19,45,3,38.0,336,38,91,26327.5,0,20,78,0,2,71103,1.0,1964.3080206525656,82.32253640407346,1.2000000000000455,0.0,0.0,12768,3.546666666666667,1952.5300046825953,88.8,5.3352879102234905,1.7886212435568236
8210905459,8,-21.90791893,-46.68333435,952.6,-542,1163,1927,7,45,77,23,10,26,19,45,5,38.0,336,38,91,26327.6,0,20,78,0,2,71105,2.0,2315.0943825252566,89.45948803788227,-0.5,0.09999999999854481,-5.00000000007276,12768,7.093333333333334,2095.6522728905284,89.4,5.334283876392794,-1.7590494569405397
8211006459,8,-21.90769196,-46.68333435,952.3,63,1108,1966,-16,3,38,23,10,26,19,45,6,38.0,329,91,94,26327.6,0,30,78,0,2,71106,1.0,2257.606918841276,41.340053217188775,-0.3000000000000682,0.0,0.0,29939,8.31638888888889,2013.5067568045765,90.8,12.416623519631191,4.100234630742301
8211108459,8,-21.90722466,-46.68333435,953.3,1,1051,1635,31,79,21,23,10,26,19,45,8,38.0,331,72,96,26327.7,0,26,78,0,2,71108,2.0,1943.6632938860578,87.42425292789181,1.0,0.10000000000218279,9.999999999781721,23832,13.24,2032.9804820405668,92.4,7.4407441457365096,-5.799255854263491
8211210459,8,-21.90673256,-46.68333435,954.3,30,789,1976,5,-21,16,23,10,26,19,45,10,37.5,333,53,97,26327.7,0,22,78,0,2,71110,2.0,2127.9090676060387,26.870057685088806,1.0,0.0,0.0,17649,9.805,2121.716336702239,93.8,6.662784172986326,-3.1422158270136737
8211311459,8,-21.90649605,-46.68333435,954.1,-183,962,1720,6,52,-11,23,10,26,19,45,11,37.5,335,40,98,26327.8,0,20,77,0,2,71111,1.0,1979.2253535158648,53.48831648126533,-0.1999999999999318,0.09999999999854481,-2.0000000000284217,13400,3.7222222222222223,2124.699803274899,95.2,5.448530067932299,1.7263078457100764
8212225459,8,-21.90338707,-46.68333435,936.1,3,857,2407,-12,-61,-11,23,10,26,19,45,25,38.0,341,4,85,26328.1,0,6,78,0,2,71125,1.0,2555.0160469163397,63.13477647065839,-0.39999999999997726,0.0,0.0,1364,0.3788888888888889,2401.433937216129,85.8,1.3528873658660023,0.9739984769771135
8212327459,8,-21.90299606,-46.68333435,934.7,-551,945,2489,-51,-32,114,23,10,26,19,45,27,38.0,344,1,83,26328.2,0,8,78,0,2,71127,2.0,2718.7767469948685,128.9224573144648,-1.3999999999999773,0.10000000000218279,-13.999999999694182,344,0.19111111111111112,2452.786443406414,84.8,0.1595604932084449,-0.03155061790266622
8212429459,8,-21.9025898,-46.68333435,934.6,-355,1092,1699,-10,3,51,23,10,26,19,45,29,38.0,337,41,83,26328.2,0,20,78,0,2,71129,2.0,2050.6316100167774,52.05766033928148,-0.10000000000002274,0.0,0.0,13817,7.676111111111111,2347.31571343992,84.2,5.3826452802872495,-2.2934658308238616
8212530459,8,-21.9023819,-46.68333435,935.6,214,1320,2952,150,-9,30,23,10,26,19,45,30,37.5,330,96,85,26328.2,0,30,78,0,2,71130,1.0,3240.7560846197603,153.2351134694656,1.0,0.0,0.0,31680,8.8,2531.251592400982,84.0,11.079530128463496,2.2795301284634952
8212632459,8,-21.90194321,-46.68333435,938.1,11,901,1273,60,-71,-14,23,10,26,19,45,32,37.5,329,117,88,26328.3,0,34,78,0,2,71132,2.0,1559.6316872903037,94.00531899844816,2.5,0.09999999999854481,25.000000000363798,38493,21.385,2424.96243516761,84.8,27.938081047275176,6.553081047275175
8212733459,8,-21.90172577,-46.68333435,938.1,78,1231,1314,33,42,-6,23,10,26,19,45,33,37.5,324,152,91,26328.3,0,38,78,0,2,71133,1.0,1802.2322269896297,53.749418601506754,0.0,0.0,0.0,49248,13.68,2274.4056711822677,86.0,21.198057127265923,7.518057127265923
8212835459,8,-21.90126228,-46.68333435,940.0,181,1006,1657,-5,1,-1,23,10,26,19,45,35,37.5,324,128,93,26328.3,0,30,77,0,2,71135,2.0,1946.9067774292635,5.196152422706632,1.8999999999999773,0.0,0.0,41472,23.04,2120.0316772691467,88.0,15.765190978465453,-7.274809021534546
8212937459,8,-21.90080261,-46.68333435,944.3,-330,754,2559,23,-31,16,23,10,26,19,45,37,37.5,337,30,91,26328.4,0,18,77,0,2,71137,2.0,2688.1028626151938,41.78516483155236,4.2999999999999545,0.10000000000218279,42.99999999906095,10110,5.616666666666666,2247.52592778883,89.6,6.18236410441311,0.5656974377464437
8213241459,8,-21.89996338,-46.68333435,947.9,-183,951,2157,-6,31,23,23,10,26,19,45,41,37.5,340,10,77,26328.5,0,16,77,0,2,71141,1.0,2364.432067114638,39.06404996924922,0.10000000000002274,0.0,0.0,3400,0.9444444444444444,2125.6211557192473,85.6,3.4215168964615814,2.477072452017137
8213343459,8,-21.89958954,-46.68333435,949.5,264,975,1695,-22,3,-42,23,10,26,19,45,43,37.5,333,70,77,26328.5,0,26,77,0,2,71143,2.0,1973.1563546764357,47.50789408087881,1.6000000000000227,0.0,0.0,23310,12.95,2130.8710711686817,82.4,10.548599483005107,-2.401400516994892
8213444459,8,-21.89940071,-46.68333435,949.7,441,773,2102,31,-117,-167,23,10,26,19,45,44,37.5,326,131,80,26328.6,0,36,77,0,2,71144,1.0,2282.633128647703,206.24984848479284,0.20000000000004547,0.09999999999854481,2.0000000000295586,42706,11.862777777777778,2049.7771243751836,80.2,14.827716418027693,2.9649386402499154
8213546459,8,-21.8990078,-46.68333435,951.7,1205,1000,2430,-8,-77,-129,23,10,26,19,45,46,37.5,319,218,84,26328.6,0,50,77,0,2,71146,2.0,2890.8346545591294,150.4460036026215,2.0,0.0,0.0,69542,38.63444444444445,2276.58201977378,79.8,39.8937621404749,1.2593176960304504
8213648459,8,-21.89862633,-46.68333435,953.7,263,1174,2050,-19,-3,18,23,10,26,19,45,48,37.5,307,295,90,26328.6,0,62,77,0,2,71148,2.0,2376.9612954358345,26.343879744638983,2.0,0.0,0.0,90565,50.31388888888889,2377.6035000867478,81.6,37.99976991484572,-12.314118974043168
8213749459,8,-21.89842987,-46.68333435,953.7,-270,1051,1628,7,-30,28,23,10,26,19,45,49,37.0,323,126,94,26328.7,0,32,76,0,2,71149,1.0,1956.4981472007582,41.6293165929973,0.0,0.10000000000218279,0.0,40698,11.305,2296.016716103972,85.0,12.288436421971866,0.9834364219718665
8213851459,8,-21.89802742,-46.68333435,954.4,-7,796,2195,-39,-2,20,23,10,26,19,45,51,37.0,330,88,94,26328.7,0,28,76,0,2,71151,2.0,2334.8854361616973,43.87482193696061,0.6999999999999318,0.0,0.0,29040,16.133333333333333,2368.3625324010245,88.4,11.263495953990033,-4.8698373793433
8213952459,8,-21.89782143,-46.68333435,955.2,-164,1099,1760,-6,6,82,23,10,26,19,45,52,37.0,327,127,95,26328.8,0,34,76,0,2,71152,1.0,2081.417065366766,82.4378553820998,0.8000000000000682,0.09999999999854481,8.000000000117097,41529,11.535833333333333,2328.119319744837,91.4,13.486938820897256,1.9511054875639235
8214054459,8,-21.89738274,-46.68333435,956.8,-165,1186,1560,0,37,58,23,10,26,19,45,54,37.0,320,172,97,26328.8,0,40,76,0,2,71154,2.0,1966.5759583601139,68.79680225126747,1.599999999999909,0.0,0.0,55040,30.57777777777778,2143.267580505034,94.0,20.018062131774922,-10.559715646002857
8214156459,8,-21.89691353,-46.68333435,960.0,-191,769,1270,-22,-28,54,23,10,26,19,45,56,37.0,330,77,96,26328.8,0,28,76,0,2,71156,2.0,1496.9108189868894,64.68384651518491,3.2000000000000455,0.0,0.0,25410,14.116666666666667,1967.2574852152452,95.2,10.395529578803067,-3.7211370878635996
8214257459,8,-21.89667892,-46.68333435,960.9,-318,932,1304,34,86,53,23,10,26,19,45,57,37.0,330,76,95,26328.9,0,28,76,0,2,71157,1.0,1634.0636462512714,106.58799181896617,0.8999999999999773,0.10000000000218279,8.999999999803322,25080,6.966666666666667,1902.7705850253474,95.4,5.915952650953633,-1.0507140157130337
8214359459,8,-21.8962059,-46.68333435,963.2,-69,960,1338,10,7,60,23,10,26,19,45,59,37.0,327,109,95,26328.9,0,34,76,0,2,71159,2.0,1648.2126683168044,61.22907805936653,2.300000000000068,0.0,0.0,35643,19.801666666666666,1765.4360314563692,95.6,14.279977408191092,-5.521689258475574
8214400469,8,-21.89596176,-46.68333435,963.1,-105,1288,1737,3,-50,102,23,10,26,19,46,0,37.0,322,159,95,26329.0,0,38,76,0,2,71160,1.0,2164.979907528012,113.63538181394033,-0.10000000000002274,0.09999999999854481,-1.0000000000147793,51198,14.221666666666666,1782.1485998886183,95.6,19.597870831086464,5.376204164419798
8214502469,8,-21.89549255,-46.68333435,963.5,210,1627,1996,-26,38,59,23,10,26,19,46,2,37.0,321,157,97,26329.0,0,38,75,0,2,71162,2.0,2583.649550538927,74.83982896827064,0.39999999999997726,0.0,0.0,50397,27.998333333333335,1905.5633183243808,95.6,21.590207280615708,-6.408126052717627
8214603469,8,-21.89526367,-46.68333435,964.5,-221,1246,2023,-30,-40,88,23,10,26,19,46,3,36.5,320,163,98,26329.1,0,40,75,0,2,71163,1.0,2386.1864973216157,101.21264743103995,1.0,0.09999999999854481,10.00000000014552,52160,14.488888888888889,2083.4184539913263,96.0,20.2960076075731,5.80711871868421
8214705469,8,-21.89480972,-46.68333435,967.5,-477,1013,2016,48,53,64,23,10,26,19,46,5,36.5,317,190,100,26329.1,0,44,75,0,2,71165,2.0,2306.0689495329493,95.96353474106714,3.0,0.0,0.0,60230,33.46111111111111,2217.819514647662,97.0,29.720188829063396,-3.7409222820477126
8214807469,8,-21.89437103,-46.68333435,970.5,-129,1401,2260,2,27,57,23,10,26,19,46,7,36.5,315,207,102,26329.1,0,44,75,0,2,71167,2.0,2662.1498830832197,63.103090257134,3.0,0.0,0.0,65205,36.225,2420.6069576009445,98.4,33.63714958490617,-2.5878504150938326
8214908469,8,-21.89417458,-46.68333435,970.5,34,1351,1587,45,77,17,23,10,26,19,46,8,36.5,315,202,104,26329.2,0,44,75,0,2,71168,1.0,2084.448608145569,90.79096871385391,0.0,0.10000000000218279,0.0,63630,17.675,2404.500697724456,100.2,23.30740672475727,5.632406724757271
8215010469,8,-21.89374924,-46.68333435,974.1,483,780,1510,-3,9,-18,23,10,26,19,46,10,36.5,315,197,107,26329.2,0,44,75,0,2,71170,2.0,1766.858511596217,20.346989949375804,3.6000000000000227,0.0,0.0,62055,34.475,2241.1424899359145,102.2,32.70197253372952,-1.7730274662704844
8215111469,8,-21.89354706,-46.68333435,974.1,-21,1024,2507,-15,-55,11,23,10,26,19,46,11,36.5,315,195,108,26329.3,0,44,74,0,2,71171,1.0,2708.148075715211,58.06031346797914,0.0,0.09999999999854481,0.0,61425,17.0625,2305.534805614633,104.2,23.278099057668335,6.215599057668335
8215213469,8,-21.8931179,-46.68333435,977.1,252,1007,3409,36,29,1,23,10,26,19,46,13,36.5,316,192,110,26329.3,0,44,74,0,2,71173,2.0,3563.5423387410456,46.238512086787566,3.0,0.0,0.0,60672,33.70666666666666,2557.0294834562524,106.2,33.48330037101555,-0.2233662956511111
8215315469,8,-21.89267921,-46.68333435,980.0,-137,1222,1803,-38,46,-9,23,10,26,19,46,15,36.0,319,150,111,26329.4,0,36,74,0,2,71175,2.0,2182.3982221400383,60.340699366182356,2.8999999999999773,0.10000000000218279,28.999999999366764,47850,26.583333333333332,2461.079151267616,108.0,33.60676179691138,7.023428463578046
8215416469,8,-21.8924675,-46.68333435,979.7,-80,897,2293,-15,36,-9,23,10,26,19,46,16,36.0,320,142,111,26329.4,0,36,74,0,2,71176,1.0,2463.505226298495,40.024992192379,-0.2999999999999545,0.0,0.0,45440,12.622222222222222,2536.8904748982013,109.4,18.162167442379236,5.539945220157014
8215518469,8,-21.89202881,-46.68333435,981.9,252,854,2270,-33,8,-12,23,10,26,19,46,18,36.0,326,85,110,26329.5,0,28,74,0,2,71178,2.0,2438.384711238159,36.013886210738214,2.199999999999932,0.09999999999854481,22.00000000031946,27710,15.394444444444444,2671.1957148265897,110.0,12.725325613599951,-2.669118830844493
8215619469,8,-21.89180374,-46.68333435,983.9,-66,723,2447,6,-42,-4,23,10,26,19,46,19,36.0,329,63,107,26329.5,0,24,83,0,0,71179,1.0,2552.4290391703353,42.61455150532503,2.0,0.0,0.0,20727,5.7575,2640.0519075176144,109.8,9.89929326610205,4.1417932661020505
8215721469,8,-21.89138031,-46.68333435,985.6,179,913,2185,-34,-15,-7,23,10,26,19,46,21,36.0,330,71,105,26329.6,0,28,83,0,0,71181,2.0,2374.833678386762,37.815340802378074,1.7000000000000455,0.09999999999854481,17.000000000247837,23430,13.016666666666667,2402.310175446758,108.8,12.665321164318552,-0.35134550234811535
8215822469,8,-21.89116478,-46.68333435,986.4,344,983,1573,-2,-40,-55,23,10,26,19,46,22,36.0,322,136,105,26329.6,0,36,83,0,0,71182,1.0,1886.519016601741,68.03675477269621,0.7999999999999545,0.0,0.0,43792,12.164444444444445,2343.1343343390986,107.6,17.019939930153676,4.8554954857092305
8215924469,8,-21.89071655,-46.68333435,989.2,377,913,2229,-6,-25,-17,23,10,26,19,46,24,36.0,321,142,105,26329.7,0,38,83,0,0,71184,2.0,2438.0604996595143,30.822070014844883,2.800000000000068,0.10000000000218279,27.9999999993895,45582,25.323333333333334,2338.045389011302,106.4,30.338683615233382,5.015350281900048
8216026469,8,-21.89025116,-46.68333435,986.6,130,925,1737,15,33,-46,23,10,26,19,46,26,36.0,320,147,106,26329.7,0,38,83,0,0,71186,2.0,1972.2307167266208,58.56620185738529,-2.6000000000000227,0.0,0.0,47040,26.133333333333333,2244.8145901089947,105.6,20.98036915231693,-5.152964181016404
8216127469,8,-21.89000893,-46.68333435,989.4,136,1220,1962,-43,-41,-36,23,10,26,19,46,27,36.0,320,147,106,26329.8,0,38,83,0,0,71187,1.0,2314.3768059674294,69.46941773183363,2.7999999999999545,0.09999999999854481,28.000000000407,47040,13.066666666666666,2197.2041434684133,105.4,30.35374156467128,17.287074898004615
8216229469,8,-21.88948822,-46.68333435,994.0,271,905,1658,-48,-42,-26,23,10,26,19,46,29,35.5,319,148,107,26329.8,0,38,83,0,0,71189,2.0,1908.253127863282,68.87670143089025,4.600000000000023,0.0,0.0,47212,26.22888888888889,2103.8880333637176,105.8,24.94277183698742,-1.2861170519014706
8216330469,8,-21.88922501,-46.68333435,998.5,130,823,1899,17,12,-3,23,10,26,19,46,30,35.5,321,139,107,26329.9,0,36,82,0,0,71190,1.0,2073.7478149476133,21.02379604162864,4.5,0.10000000000218279,44.999999999017746,44619,12.394166666666667,2141.3337930328917,106.2,30.675766159168216,18.28159949250155
8216432469,8,-21.8887043,-46.68333435,1002.7,219,912,1643,-38,-7,-4,23,10,26,19,46,32,35.5,322,130,107,26329.9,0,34,82,0,0,71192,2.0,1891.8652171864676,38.84584919911006,4.2000000000000455,0.0,0.0,41860,23.255555555555556,2032.0947365382829,106.6,20.381798122324383,-2.873757433231173
8216534469,8,-21.88817596,-46.70000076,1008.1,-168,907,2399,-45,-56,7,23,10,26,19,46,34,35.5,336,4,103,26329.9,0,8,82,0,0,71194,2.0,2570.2283945206113,72.18032973047436,5.399999999999977,0.0,0.0,1344,0.7466666666666667,2151.694272097081,106.0,3.0090776389475233,2.2624109722808567
8216635469,8,-21.88793373,-46.70000076,1011.1,104,806,1748,22,21,1,23,10,26,19,46,35,35.5,335,7,98,26330.0,0,10,82,0,0,71195,1.0,1927.681508963553,30.430248109405877,3.0,0.09999999999854481,30.000000000436557,2345,0.6513888888888889,2074.3552126963054,104.4,1.1560241221936418,0.5046352333047529
8216737469,8,-21.88745499,-46.70000076,1016.6,673,1126,1099,-85,-35,-2,23,10,26,19,46,37,35.5,331,66,95,26330.0,0,26,82,0,0,71197,2.0,1711.3170366708794,91.94563611178074,5.5,0.0,0.0,21846,12.136666666666667,2034.967994457825,102.0,15.682913522546091,3.5462468558794242
8216838469,8,-21.88721657,-46.70000076,1016.9,242,1094,1711,-15,-58,-65,23,10,26,19,46,38,35.5,324,118,94,26330.1,0,34,82,0,0,71198,1.0,2045.219059171902,88.39683252243827,0.2999999999999545,0.09999999999854481,3.000000000043201,38232,10.62,2029.2622433026827,99.4,15.244640659742148,4.624640659742148
8216940469,8,-21.88674355,-46.70000076,1021.0,516,777,1493,-19,-86,-114,23,10,26,19,46,40,35.5,319,158,95,26330.1,0,40,82,0,0,71200,2.0,1760.4073392257826,144.05901568454507,4.100000000000023,0.0,0.0,50402,28.00111111111111,2002.9706677105455,97.0,25.888398457810847,-2.112712653300264
8217041469,8,-21.88651276,-46.70000076,1024.0,422,1152,2104,-2,47,-74,23,10,26,19,46,41,35.5,315,194,97,26330.2,0,44,82,0,0,71201,1.0,2435.5705697023027,87.68694315575154,3.0,0.10000000000218279,29.999999999345164,61110,16.975,1976.0391027468838,95.8,41.65817527560913,24.68317527560913
8217143469,8,-21.88604927,-46.70000076,1024.2,-145,797,1387,-42,-67,-4,23,10,26,19,46,43,35.5,320,139,98,26330.2,0,34,82,0,0,71203,2.0,1606.2387742798392,79.17701686727027,0.20000000000004547,0.0,0.0,44480,24.711111111111112,1911.750555810141,95.8,12.790336485558996,-11.920774625552117
8217549469,8,-21.88473129,-46.68333435,1032.2,30,753,1506,-35,-32,14,23,10,26,19,46,49,35.5,317,183,81,26330.4,0,42,82,0,0,71209,1.0,1684.0264249708198,49.44694126030446,2.0,0.10000000000218279,19.999999999563443,58011,16.114166666666666,1703.4429376290555,87.6,22.05948890655745,5.9453222398907855
8217651469,8,-21.8843441,-46.68333435,1035.8,-121,985,1674,-6,-38,7,23,10,26,19,46,51,35.5,317,175,85,26330.4,0,42,81,0,0,71211,2.0,1946.058066965115,39.102429592034305,3.599999999999909,0.0,0.0,55475,30.819444444444443,1771.4067961661108,85.0,28.33410131604417,-2.485343128400274
8217753469,8,-21.88393974,-46.68333435,1037.7,619,904,2442,-12,-17,16,23,10,26,19,46,53,35.0,320,144,88,26330.4,0,36,81,0,0,71213,2.0,2676.516579436787,26.248809496813376,1.900000000000091,0.0,0.0,46080,25.6,1833.7157780493494,84.2,17.55600339132689,-8.043996608673112
8217854469,8,-21.88372231,-46.68333435,1038.9,502,1325,1775,70,-3,-2,23,10,26,19,46,54,35.0,326,90,89,26330.5,0,30,81,0,0,71214,1.0,2271.178988983475,70.09279563550022,1.2000000000000455,0.09999999999854481,12.000000000175078,29340,8.15,2036.6282780799993,84.6,12.512465978847333,4.362465978847332
8218159469,8,-21.88267326,-46.68333435,1046.8,59,1028,2519,49,-6,-85,23,10,26,19,46,59,35.0,337,3,79,26330.6,0,10,81,0,0,71219,2.0,2721.327984642792,98.29547293746543,2.2999999999999545,0.09999999999854481,23.00000000033424,1011,0.5616666666666666,2426.099010712222,85.4,1.2840710132299757,0.7224043465633091
8218201479,8,-21.88234329,-46.68333435,1044.7,805,1043,2100,-25,-68,-150,23,10,26,19,47,1,35.0,315,203,81,26330.6,0,46,81,0,0,71221,2.0,2479.0873320639594,166.58031096140985,-2.099999999999909,0.0,0.0,63945,35.525,2386.613161237656,84.0,27.01632979179295,-8.50867020820705
8218302479,8,-21.8821907,-46.68333435,1047.9,283,754,1297,-15,-88,-141,23,10,26,19,47,2,35.0,315,196,85,26330.7,0,46,81,0,0,71222,1.0,1526.7003635291373,166.88319268278636,3.2000000000000455,0.10000000000218279,31.999999999301963,61740,17.15,2237.7174361467887,83.2,39.188102176878715,22.038102176878716
8218404479,8,-21.88196564,-46.68333435,1051.7,369,1056,2085,-71,-23,-26,23,10,26,19,47,4,35.0,307,266,91,26330.7,0,54,80,0,0,71224,2.0,2366.1196081348044,79.03163923391695,3.7999999999999545,0.0,0.0,81662,45.367777777777775,2234.3455541833273,83.8,41.74927159676919,-3.618506181008584
8218505479,8,-21.88185692,-46.68333435,1052.9,185,1032,1641,-4,23,-19,23,10,26,19,47,5,34.5,310,228,96,26330.7,0,48,80,0,0,71225,1.0,1947.3392103072335,30.099833886584822,1.2000000000000455,0.0,0.0,70680,19.633333333333333,2208.114899735586,86.4,28.65289728112778,9.019563947794445
8218607479,8,-21.8816433,-46.68333435,1057.3,145,791,2252,-57,10,-8,23,10,26,19,47,7,34.5,324,95,98,26330.8,0,28,80,0,0,71227,2.0,2391.2779010395257,58.42088667591412,4.399999999999864,0.09999999999854481,44.00000000063892,30780,17.1,2142.1048830149316,90.2,14.799650855986103,-2.3003491440138983
8218810479,8,-21.88135338,-46.68333435,1060.3,-226,1072,1273,55,104,-31,23,10,26,19,47,10,34.5,334,11,91,26330.9,0,12,80,0,0,71230,2.0,1679.5204672762998,121.66347027764743,1.8999999999998636,0.10000000000218279,18.999999999583906,3674,2.0411111111111113,2113.0791760386032,94.2,1.9934987574990553,-0.04761235361205607
8219115479,8,-21.8808136,-46.68333435,1066.5,-746,858,1217,31,119,182,23,10,26,19,47,15,34.5,333,94,77,26331.0,0,36,80,0,0,71235,2.0,1665.4635991218781,219.64972114710275,1.599999999999909,0.09999999999854481,16.00000000023192,31302,17.39,1917.804187101146,86.0,17.963684658755323,0.5736846587553224
8219216479,8,-21.88064003,-46.68333435,1068.9,-344,1220,1411,-22,55,139,23,10,26,19,47,16,34.5,314,215,82,26331.0,0,48,80,0,0,71236,1.0,1896.7490608934013,151.09599597606814,2.400000000000091,0.0,0.0,67510,18.752777777777776,1860.9262605927956,83.4,32.96519296182915,14.212415184051377
8219318479,8,-21.88023758,-46.68333435,1068.6,-106,1195,1689,28,57,57,23,10,26,19,47,18,34.5,310,234,87,26331.0,0,50,79,0,0,71238,2.0,2071.7099217795912,85.33463540673272,-0.3000000000001819,0.0,0.0,72540,40.3,1939.364151493454,82.6,24.63174455278453,-15.668255447215468
8219420479,8,-21.87978745,-46.68333435,1070.1,139,1250,2037,24,83,-5,23,10,26,19,47,20,34.5,309,239,93,26331.1,0,50,79,0,0,71240,2.0,2393.99039262901,86.54478609367523,1.5,0.09999999999854481,15.000000000218279,73851,41.028333333333336,1924.5355694750754,83.8,30.261844396715016,-10.76648893661832
8219521479,8,-21.87955093,-46.68333435,1070.3,107,1181,2072,8,8,12,23,10,26,19,47,21,34.5,315,176,97,26331.1,0,42,79,0,0,71241,1.0,2387.3403611550657,16.492422502470642,0.20000000000004547,0.0,0.0,55440,15.4,2083.050667115789,87.2,18.09745696971884,2.697456969718841
8219623479,8,-21.87906265,-46.68333435,1073.4,44,836,269,-6,-5,30,23,10,26,19,47,23,34.0,316,173,99,26331.2,0,40,79,0,0,71243,2.0,879.3139371123376,31.0,3.1000000000001364,0.10000000000218279,30.9999999993247,54668,30.371111111111112,1925.820734713881,91.6,32.19503242636139,1.8239213152502742
8219724479,8,-21.87881279,-46.68333435,1074.6,-240,1209,2584,10,-9,-1,23,10,26,19,47,24,34.0,317,154,101,26331.2,0,38,79,0,0,71244,1.0,2862.9245536688527,13.490737563232042,1.199999999999818,0.0,0.0,48818,13.560555555555556,2119.0558332689716,95.4,19.90797745903777,6.347421903482214
8219826479,8,-21.87831306,-46.68333435,1077.2,300,468,1724,28,57,-25,23,10,26,19,47,26,34.0,324,95,101,26331.3,0,30,79,0,0,71246,2.0,1811.4082919099162,68.24954212300622,2.6000000000001364,0.09999999999854481,26.000000000379714,30780,17.1,2066.9955072950365,98.2,17.39547950021687,0.2954795002168673
8219927479,8,-21.8780632,-46.68333435,1078.4,-73,1061,2526,42,43,-13,23,10,26,19,47,27,34.0,326,75,100,26331.3,0,28,78,0,0,71247,1.0,2740.7528162897142,61.497967446087195,1.2000000000000455,0.0,0.0,24450,6.791666666666667,2136.3479920271775,99.6,10.786010067182985,3.9943434005163185
8220232479,8,-21.87684822,-46.68333435,1085.4,-326,938,799,18,47,105,23,10,26,19,47,32,34.0,322,135,90,26331.4,0,36,78,0,0,71252,1.0,1274.5669852934368,116.43882514007088,0.8000000000001819,0.0,0.0,43470,12.075,1713.8138022986902,96.0,18.802035223015515,6.727035223015516
8220334479,8,-21.87640762,-46.68333435,1086.7,-766,1045,1247,-9,56,93,23,10,26,19,47,34,34.0,316,180,92,26331.5,0,42,78,0,0,71254,2.0,1798.2741726444274,108.93117092916977,1.2999999999999545,0.09999999999854481,13.00000000018872,56880,31.6,1711.186978445592,94.2,22.511416766851085,-9.088583233148917
8220435479,8,-21.87618446,-46.68333435,1086.9,-107,1063,1034,66,17,30,23,10,26,19,47,35,34.0,316,174,96,26331.5,0,40,78,0,0,71255,1.0,1486.7999192897475,74.46475676452586,0.20000000000004547,0.0,0.0,54984,15.273333333333333,1460.396399045599,93.4,18.00501269015138,2.731679356818045
8220537479,8,-21.87574768,-46.68333435,1087.5,307,909,2076,-39,-74,-15,23,10,26,19,47,37,34.0,329,51,96,26331.6,0,20,78,0,0,71257,2.0,2286.9862264561193,84.98235110892143,0.599999999999909,0.09999999999854481,6.000000000086402,16779,9.321666666666667,1647.1152373664845,93.2,5.726319885835694,-3.5953467808309734
8220740479,8,-21.87508011,-46.68333435,1091.2,859,293,1746,-23,-26,-185,23,10,26,19,47,40,34.0,335,3,86,26331.6,0,8,78,0,0,71260,1.0,1967.8023274709276,188.22858443923974,0.20000000000004547,0.0,0.0,1005,0.2791666666666667,2011.9883225755862,92.2,1.4315938733881322,1.1524272067214656
8220842479,8,-21.87464714,-46.68333435,1093.5,1008,554,2285,-26,-74,-125,23,10,26,19,47,42,34.0,332,37,83,26331.7,0,22,78,0,0,71262,2.0,2558.164380957565,147.57032221961163,2.2999999999999545,0.10000000000218279,22.999999999497504,12284,6.8244444444444445,2163.9663642382134,90.4,10.381212724697352,3.556768280252908
8220943479,8,-21.87443733,-46.68333435,1094.1,754,461,1992,-51,-162,-191,23,10,26,19,47,43,34.0,332,50,81,26331.7,0,28,78,0,0,71263,1.0,2179.2432172660306,255.5895146519121,0.599999999999909,0.0,0.0,16600,4.611111111111111,2302.45502383347,87.4,8.893897932111168,4.282786821000057
8221045479,8,-21.87413597,-46.68333435,1094.7,592,658,2021,83,-146,-174,23,10,26,19,47,45,34.0,313,217,83,26331.7,0,48,78,0,0,71265,2.0,2206.3247721040525,241.82845159327303,0.6000000000001364,0.0,0.0,67921,37.73388888888889,2286.3227329630568,84.8,21.06863629469469,-16.6652525941942
8221146479,8,-21.87399292,-46.68333435,1095.0,156,1185,1788,15,-72,-54,23,10,26,19,47,46,33.5,302,294,88,26331.8,0,68,78,0,0,71266,1.0,2150.6987236709842,91.2414379544733,0.2999999999999545,0.09999999999854481,3.000000000043201,88788,24.663333333333334,2212.446684293912,84.2,26.796785322765373,2.1334519894320394
8221352479,8,-21.8734436,-46.68333435,1100.9,-155,1162,1609,-20,-42,9,23,10,26,19,47,52,33.5,300,298,106,26331.9,0,84,76,0,0,71272,6.0,1990.7661841612642,47.38143096192854,5.900000000000091,0.10000000000218279,58.999999998713065,89400,149.0,2217.0394556319793,88.2,49.322277166936125,-99.67772283306388
8221454479,8,-21.87321663,-46.68333435,1103.9,-102,1158,1937,7,7,3,23,10,26,19,47,54,33.0,299,298,110,26332.0,0,84,76,0,0,71274,2.0,2259.0566615293205,10.344080432788601,3.0,0.09999999999854481,30.000000000436557,89102,49.50111111111111,2157.21791174633,93.6,45.73103471002309,-3.7700764010880192
8221800489,8,-21.87259674,-46.68333435,1114.2,22,1194,1774,10,41,53,23,10,26,19,48,0,33.0,306,283,97,26332.2,0,58,76,0,0,71280,1.0,2138.5032148678197,67.74953874381728,3.6000000000001364,0.10000000000218279,35.99999999921556,86598,24.055,2092.111026706836,104.6,45.896400643345636,21.841400643345636
8221902489,8,-21.87238503,-46.68333435,1119.6,-434,1150,1708,-35,5,58,23,10,26,19,48,2,33.0,307,241,101,26332.2,0,50,75,0,0,71282,2.0,2104.3098631142707,67.92643079096678,5.399999999999864,0.0,0.0,73987,41.10388888888889,2061.1616670238263,102.8,40.25263454085959,-0.8512543480293004
8222003489,8,-21.87226105,-46.68333435,1120.0,-328,1043,1861,13,7,69,23,10,26,19,48,3,33.0,310,221,104,26332.3,0,48,75,0,0,71283,1.0,2158.414696021133,70.5620294492725,0.40000000000009095,0.09999999999854481,4.000000000059117,68510,19.030555555555555,2101.911210366302,101.2,21.777390092034903,2.746834536479348
8222105489,8,-21.87191582,-46.68333435,1123.2,-727,1384,2033,31,39,72,23,10,26,19,48,5,32.5,306,244,107,26332.3,0,50,75,0,0,71285,2.0,2564.5806674776286,87.55569655939013,3.2000000000000455,0.0,0.0,74664,41.48,2235.2791387547563,101.6,41.19344965707264,-0.2865503429273559
8222206489,8,-21.87168312,-46.68333435,1123.1,-170,1152,1764,24,103,21,23,10,26,19,48,6,32.5,304,252,109,26332.4,0,52,75,0,0,71286,1.0,2113.693449864478,107.82393055347222,-0.10000000000013642,0.10000000000218279,-0.9999999999795364,76608,21.28,2215.900378269066,103.6,29.493905268482653,8.213905268482652
8222410489,8,-21.87082863,-46.68333435,1128.8,-58,883,2061,41,0,8,23,10,26,19,48,10,32.5,331,21,103,26332.4,0,16,74,0,0,71290,2.0,2242.93869733437,41.773197148410844,2.2999999999999545,0.0,0.0,6951,3.861666666666667,2209.9903191430194,106.2,3.300922161493517,-0.5607445051731497
8222511489,8,-21.87061501,-46.68333435,1130.2,-241,971,1602,-16,13,50,23,10,26,19,48,11,32.5,321,123,100,26332.5,0,36,74,0,0,71291,1.0,1888.7366147771902,54.08326913195984,1.400000000000091,0.09999999999854481,14.000000000204636,39483,10.9675,2156.054702894231,105.4,17.786575533792604,6.819075533792605
8222613489,8,-21.87017822,-46.68333435,1129.8,-114,1137,1784,-16,30,58,23,10,26,19,48,13,32.5,306,242,102,26332.5,0,48,74,0,0,71293,2.0,2118.589389192724,67.23094525588644,-0.40000000000009095,0.0,0.0,74052,41.14,2066.85644723725,104.4,24.146228239207144,-16.993771760792857
8222714489,8,-21.8699379,-46.68333435,1134.8,-641,1385,1984,-16,6,66,23,10,26,19,48,14,32.0,305,245,105,26332.6,0,50,74,0,0,71294,1.0,2503.0705143882783,68.17624219623724,5.0,0.09999999999854481,50.000000000727596,74725,20.756944444444443,2144.73186014201,103.6,48.206193868458556,27.449249424014113
8222816489,8,-21.86943626,-46.68333435,1138.9,-430,1192,1942,-25,16,48,23,10,26,19,48,16,32.0,313,172,106,26332.6,0,40,74,0,0,71296,2.0,2318.8635147416503,56.43580423808985,4.100000000000136,0.0,0.0,53836,29.90888888888889,2214.4397460868427,103.2,26.904192713531454,-3.0046961753574344
8222918489,8,-21.86890411,-46.68333435,1143.4,-251,1148,2139,-16,45,56,23,10,26,19,48,18,32.0,317,136,106,26332.7,0,36,74,0,0,71298,2.0,2440.5380554295807,73.60027173862879,4.5,0.10000000000218279,44.999999999017746,43112,23.95111111111111,2253.9596177058847,103.8,30.076550147091346,6.125439035980236
8223222489,8,-21.86789513,-46.68333435,1150.6,-104,1068,2006,11,3,22,23,10,26,19,48,22,32.0,322,98,96,26332.8,0,30,74,0,0,71302,1.0,2274.9672525115607,24.779023386727733,1.099999999999909,0.0,0.0,31556,8.765555555555556,2336.0036682114287,102.0,10.80509251482883,2.039536959273274
8223324489,8,-21.86745071,-46.68333435,1152.8,17,1021,2105,18,9,8,23,10,26,19,48,24,32.0,330,26,94,26332.9,0,16,73,0,0,71304,2.0,2339.6057360162204,21.656407827707714,2.2000000000000455,0.10000000000218279,21.99999999952024,8580,4.766666666666667,2340.1521124663427,99.6,2.0039198734043175,-2.762746793262349
8223527489,8,-21.86681938,-46.68333435,1154.3,207,789,2145,-17,-50,-34,23,10,26,19,48,27,32.0,323,108,85,26332.9,0,34,73,0,0,71307,2.0,2294.8627409934566,62.80923498976882,0.8999999999998636,0.0,0.0,34884,19.38,2291.0316573854534,92.2,13.04902654077972,-6.33097345922028
8223629489,8,-21.86640167,-46.68333435,1157.7,572,964,1878,-20,-34,-91,23,10,26,19,48,29,32.0,312,191,88,26333.0,0,44,74,0,0,71309,2.0,2187.090304491335,99.18165152889924,3.400000000000091,0.09999999999854481,34.000000000495675,59592,33.10666666666667,2233.6294276730787,90.2,42.21904561130783,9.112378944641158
8223730489,8,-21.8661747,-46.68333435,1159.8,363,910,1929,3,-55,-60,23,10,26,19,48,30,32.0,311,195,90,26333.0,0,44,73,0,0,71310,1.0,2163.541078879715,81.44937077718895,2.099999999999909,0.0,0.0,60645,16.845833333333335,2211.3441929467094,89.0,26.498040645023924,9.652207311690589
8223832489,8,-21.8657341,-46.68333435,1160.1,431,805,1842,14,-38,-81,23,10,26,19,48,32,32.0,311,197,93,26333.0,0,44,73,0,0,71312,2.0,2055.9061262616056,90.55937278934744,0.2999999999999545,0.0,0.0,61267,34.03722222222222,2154.6042709957865,88.8,19.119471595299217,-14.917750626923002
8223933489,8,-21.86550522,-46.68333435,1162.4,330,980,1735,-9,-54,-60,23,10,26,19,48,33,31.5,310,198,95,26333.1,0,44,73,0,0,71313,1.0,2019.7834042292752,81.2219182240853,2.300000000000182,0.09999999999854481,23.000000000336513,61380,17.05,2144.2367309710776,90.2,31.581795563471772,14.531795563471771
8224035489,8,-21.86505318,-46.68333435,1163.8,217,901,1571,-21,-57,-26,23,10,26,19,48,35,31.5,311,193,97,26333.1,0,44,72,0,0,71315,2.0,1823.987664431972,66.07571414672717,1.3999999999998636,0.0,0.0,60023,33.346111111111114,2050.0617156587805,92.6,23.128399476282862,-10.217711634828252
8224137489,8,-21.86461449,-46.68333435,1165.7,44,1039,2059,21,14,-10,23,10,26,19,48,37,31.5,312,173,99,26333.2,0,40,72,0,0,71317,2.0,2306.715847259909,27.147743920996454,1.900000000000091,0.10000000000218279,18.99999999958618,53976,29.986666666666668,2073.9868242124953,94.8,20.052375274780047,-9.934291391886621
8224241489,8,-21.86374283,-46.68333435,1175.3,-337,1085,1640,-11,14,95,23,10,26,19,48,41,31.5,318,133,90,26333.3,0,36,72,0,0,71321,4.0,1995.0924790595548,96.65402216152208,9.599999999999909,0.09999999999854481,96.00000000139607,42294,46.99333333333333,2040.2971042484635,94.8,33.51088089938943,-13.482452433943905
8224342489,8,-21.86352348,-46.68333435,1176.7,-7,997,1566,-28,9,87,23,10,26,19,48,42,31.5,318,133,91,26333.3,0,36,72,0,0,71322,1.0,1856.4519923768564,91.83681179135085,1.400000000000091,0.0,0.0,42294,11.748333333333333,2000.4062774715137,94.4,16.34992832331497,4.601594989981637
8224444489,8,-21.86307716,-46.68333435,1179.6,-397,998,1967,2,41,106,23,10,26,19,48,44,31.5,317,134,91,26333.4,0,36,72,0,0,71324,2.0,2241.1385499339394,113.67057666784312,2.8999999999998636,0.10000000000218279,28.999999999365627,42478,23.59888888888889,2044.6773066124465,93.6,25.009654817450166,1.4107659285612755
8224545489,8,-21.86285782,-46.68333435,1179.5,-15,1038,1699,-4,0,22,23,10,26,19,48,45,31.5,317,133,92,26333.4,0,36,72,0,0,71325,1.0,1991.0474630204073,22.360679774997898,-0.09999999999990905,0.0,0.0,42161,11.711388888888889,2078.0892663301333,92.6,13.341030147041224,1.6296412581523345
8224647489,8,-21.86240387,-46.68333435,1185.0,99,1004,1820,-20,6,-4,23,10,26,19,48,47,31.0,317,134,94,26333.4,0,36,72,0,0,71327,2.0,2080.9173457876695,21.2602916254693,5.5,0.0,0.0,42478,23.59888888888889,2032.9295660356852,91.6,26.4325476882984,2.833658799409509
8224749489,8,-21.86193275,-46.68333435,1188.2,0,964,1787,-7,1,-5,23,10,26,19,48,49,31.0,317,133,95,26333.5,0,36,71,0,0,71329,2.0,2030.4346825249022,8.660254037844387,3.2000000000000455,0.09999999999854481,32.000000000466116,42161,23.422777777777778,2039.998006728755,92.6,23.492752560120326,0.06997478234254828
8224850489,8,-21.86170006,-46.68333435,1188.2,133,913,1849,-2,-17,-21,23,10,26,19,48,50,31.0,317,136,97,26333.5,0,36,71,0,0,71330,1.0,2066.412107978464,27.09243436828813,0.0,0.0,0.0,43112,11.975555555555555,2081.9900298490766,93.8,12.700980483969678,0.7254249284141228
8224952489,8,-21.86120605,-46.68333435,1190.6,64,1037,1766,12,23,-25,23,10,26,19,48,52,31.0,318,128,99,26333.6,0,34,71,0,0,71332,2.0,2048.9560756638975,36.02776706930364,2.3999999999998636,0.09999999999854481,24.00000000034788,40704,22.613333333333333,2043.5535349950683,95.4,20.329787612594412,-2.283545720738921
8225053489,8,-21.86096382,-46.68333435,1192.1,104,806,2110,61,36,-19,23,10,26,19,48,53,31.0,322,94,99,26333.6,0,30,71,0,0,71333,1.0,2261.0953098000978,73.33484846919642,1.5,0.0,0.0,30268,8.407777777777778,2097.563104351006,96.8,12.270062293287227,3.862284515509449
8225400499,8,-21.85933876,-46.68333435,1197.7,254,828,2196,24,-53,-78,23,10,26,19,49,0,31.0,329,48,85,26333.8,0,24,71,0,0,71340,2.0,2360.6177157684806,97.30878685915265,1.900000000000091,0.09999999999854481,19.000000000277396,15792,8.773333333333333,2064.6648214829884,92.6,7.214483484458588,-1.558849848874745
8225501499,8,-21.85912895,-46.68333435,1197.4,391,801,2049,36,-42,-131,23,10,26,19,49,1,31.0,326,70,85,26333.8,0,26,71,0,0,71341,1.0,2234.476001213707,142.20056258679148,-0.2999999999999545,0.0,0.0,22820,6.338888888888889,2059.3409597657105,89.8,8.165533236628672,1.8266443477397836
8225603499,8,-21.85871506,-46.68333435,1198.5,557,876,1855,-21,-93,-116,23,10,26,19,49,3,31.0,318,123,87,26333.9,0,32,71,0,0,71343,2.0,2125.7116455436753,150.1532550429727,1.099999999999909,0.10000000000218279,10.999999999758984,39114,21.73,2085.846110477849,87.6,12.249998329105825,-9.480001670894175
8225704499,8,-21.85852814,-46.68333435,1199.3,661,824,2076,36,-46,-140,23,10,26,19,49,4,31.0,322,89,88,26333.9,0,28,71,0,0,71344,1.0,2329.3074077931406,151.6970665504116,0.7999999999999545,0.0,0.0,28658,7.960555555555556,2133.2612274925846,86.6,10.069166142889781,2.1086105873342254
8225806499,8,-21.85822868,-46.68333435,1200.1,625,730,1897,-40,-60,-143,23,10,26,19,49,6,31.0,324,84,88,26333.9,0,28,70,0,0,71346,2.0,2126.5309779074464,160.15305179733542,0.7999999999999545,0.0,0.0,27216,15.12,2235.32874964529,86.6,9.018728266538744,-6.101271733461255
8225908499,8,-21.85800552,-46.68333435,1201.0,599,865,2330,-14,-91,-129,23,10,26,19,49,8,31.0,324,85,88,26334.0,0,28,70,0,0,71348,2.0,2556.545716391553,158.48659249286672,0.900000000000091,0.09999999999854481,9.000000000131877,27540,15.3,2274.514349769904,87.2,9.198635028519758,-6.101364971480242
8226009499,8,-21.85799026,-46.68333435,1202.5,537,825,1867,8,-30,-147,23,10,26,19,49,9,31.0,313,180,90,26334.0,0,42,70,0,0,71349,1.0,2110.611996554554,150.2431362824938,1.5,0.0,0.0,56340,15.65,2249.741548838074,88.2,19.543887280721876,3.8938872807218754
8226111499,8,-21.85797882,-46.68333435,1204.3,147,950,1760,-20,-33,-29,23,10,26,19,49,11,30.5,312,189,94,26334.0,0,38,70,0,0,71351,2.0,2005.4199061543195,48.27007354458868,1.7999999999999545,0.0,0.0,58968,32.76,2225.6832009602026,89.6,27.25269354399358,-5.507306456006418
8226212499,8,-21.8579998,-46.68333435,1205.5,-336,991,2124,-34,-48,50,23,10,26,19,49,12,30.5,329,18,92,26334.1,0,10,70,0,0,71352,1.0,2367.7738489982526,77.20103626247513,1.2000000000000455,0.09999999999854481,12.000000000175078,5922,1.645,2233.376489201225,90.4,1.903671482441695,0.2586714824416949
8226314499,8,-21.85800552,-46.68333435,1207.5,-555,953,1961,-28,33,83,23,10,26,19,49,14,30.5,332,4,87,26334.1,0,16,70,0,0,71354,2.0,2249.834438353187,93.60555539069249,2.0,0.0,0.0,1328,0.7377777777777778,2258.037181290373,90.2,3.636021516716502,2.8982437389387243
8226416499,8,-21.85793114,-46.68333435,1211.6,-367,1100,1972,27,86,98,23,10,26,19,49,16,30.5,320,119,86,26334.2,0,34,70,0,0,71356,2.0,2287.6785176243625,133.15029102484155,4.099999999999909,0.10000000000218279,40.99999999910415,38080,21.155555555555555,2204.2637415369354,89.8,28.582958269555146,7.427402713999591
8226517499,8,-21.85785675,-46.68333435,1212.1,-469,1146,1885,3,31,105,23,10,26,19,49,17,30.5,320,120,87,26334.2,0,34,70,0,0,71357,1.0,2255.327470679147,109.52168735004041,0.5,0.0,0.0,38400,10.666666666666666,2233.2068363618537,89.2,15.001844395330002,4.335177728663336
8226619499,8,-21.85764313,-46.68333435,1213.9,-355,1115,1756,-8,53,121,23,10,26,19,49,19,30.5,319,121,88,26334.2,0,34,70,0,0,71359,2.0,2110.16255298022,132.34047000067667,1.800000000000182,0.0,0.0,38599,21.44388888888889,2254.1553657270338,88.0,19.414491552474747,-2.029397336414142
8226720499,8,-21.85748863,-46.68333435,1215.3,-199,1137,1725,14,42,90,23,10,26,19,49,20,30.5,320,118,89,26334.3,0,34,70,0,0,71360,1.0,2075.5710057716647,100.29955134495867,1.3999999999998636,0.09999999999854481,14.000000000202363,37760,10.488888888888889,2195.714797081716,87.4,14.56422774935167,4.0753388604627805
8226822499,8,-21.85713005,-46.68333435,1217.6,-412,1058,1612,-7,68,111,23,10,26,19,49,22,30.5,319,119,89,26334.3,0,34,69,0,0,71362,2.0,1971.7129608540895,130.36103712382777,2.2999999999999545,0.0,0.0,37961,21.089444444444446,2140.0905015818967,87.8,16.46514222170646,-4.624302222737985
8226923499,8,-21.85694313,-46.68333435,1218.3,-336,1239,2083,34,12,107,23,10,26,19,49,23,30.5,319,119,90,26334.4,0,34,69,0,0,71363,1.0,2446.815481396176,112.91146974510606,0.7000000000000455,0.10000000000218279,6.99999999984766,37961,10.544722222222223,2171.9178943362595,88.6,17.534251836896978,6.989529614674755
8227025499,8,-21.85649681,-46.68333435,1221.5,-551,1108,1850,6,50,119,23,10,26,19,49,25,30.5,319,125,90,26334.4,0,36,69,0,0,71365,2.0,2225.705506126091,129.2168719633779,3.2000000000000455,0.0,0.0,39875,22.15277777777778,2165.993501425648,89.2,21.577804597761332,-0.5749731800164462
8227127499,8,-21.85604668,-46.68333435,1225.3,-150,1226,1924,11,40,72,23,10,26,19,49,27,30.5,311,201,93,26334.4,0,44,69,0,0,71367,2.0,2286.340307128403,83.09632964216891,3.7999999999999545,0.0,0.0,62511,34.72833333333333,2201.229052255285,90.2,30.528402638520383,-4.199930694812949
8227228499,8,-21.85580254,-46.68333435,1228.2,-71,1206,1843,3,30,6,23,10,26,19,49,28,30.0,310,201,96,26334.5,0,44,69,0,0,71368,1.0,2203.6619522966766,30.740852297878796,2.900000000000091,0.09999999999854481,29.000000000422915,62310,17.308333333333334,2226.8472415602873,91.6,41.791815017423446,24.483481684090112
8227330499,8,-21.85532951,-46.68333435,1231.2,232,954,2049,23,6,-16,23,10,26,19,49,30,30.0,309,203,99,26334.5,0,44,69,0,0,71370,2.0,2272.0785637825115,28.653097563788805,3.0,0.0,0.0,62727,34.848333333333336,2286.920362145972,93.6,29.68664804623512,-5.161685287098216
8227431499,8,-21.85508156,-46.68333435,1232.7,45,1016,1553,-33,-21,2,23,10,26,19,49,31,30.0,308,210,102,26334.6,0,44,68,0,0,71371,1.0,1856.3647270943284,39.16631205513228,1.5,0.09999999999854481,15.000000000218279,64680,17.966666666666665,2168.830211285602,96.0,23.632410550969805,5.66574388430314
8227533499,8,-21.85458183,-46.68333435,1236.0,-3,975,2051,10,4,-4,23,10,26,19,49,33,30.0,318,73,103,26334.6,0,8,68,0,0,71373,2.0,2270.954645077704,11.489125293076057,3.2999999999999545,0.0,0.0,23214,12.896666666666667,2177.8800390759247,98.6,0.8793151914358556,-12.01735147523081
8227635499,8,-21.8540802,-46.68333435,1238.6,-202,861,1800,-15,-44,4,23,10,26,19,49,35,30.0,331,12,98,26334.7,0,12,68,0,0,71375,2.0,2005.5236223988986,46.65833258915282,2.599999999999909,0.10000000000218279,25.999999999431566,3972,2.2066666666666666,2121.716702130024,99.6,2.157312705958356,-0.04935396070831066
8227736499,8,-21.85383224,-46.68333435,1240.8,239,716,1634,2,-7,-14,23,10,26,19,49,36,30.0,327,46,95,26334.7,0,22,68,0,0,71376,1.0,1799.9258318052996,15.7797338380595,2.2000000000000455,0.0,0.0,15042,4.178333333333334,2040.9694780317484,99.4,7.8185064041879775,3.640173070854644
8227838499,8,-21.85335732,-46.68333435,1240.4,127,883,1931,19,7,-2,23,10,26,19,49,38,30.0,323,87,93,26334.7,0,28,68,0,0,71378,2.0,2127.1057801623315,20.346989949375804,-0.3999999999998636,0.0,0.0,28101,15.611666666666666,2011.9749213077125,98.2,10.935460784751184,-4.676205881915482
8227939499,8,-21.85313034,-46.68333435,1241.0,-27,877,1795,-31,7,-35,23,10,26,19,49,39,30.0,322,90,93,26334.8,0,30,68,0,0,71379,1.0,1997.9697194902628,47.275786614291256,0.599999999999909,0.09999999999854481,6.000000000086402,28980,8.05,2040.2959197868993,96.4,12.108999766307715,4.058999766307714
8228041499,8,-21.85266495,-46.68333435,1242.8,118,890,1838,-17,11,-41,23,10,26,19,49,41,30.0,322,91,94,26334.8,0,30,68,0,0,71381,2.0,2045.548337243586,45.727453460694704,1.7999999999999545,0.0,0.0,29302,16.27888888888889,1995.2146582200755,94.6,15.232189412318116,-1.0466994765707742
8228142499,8,-21.85242462,-46.68333435,1243.3,141,910,2142,7,12,-33,23,10,26,19,49,42,30.0,322,92,94,26334.9,0,30,68,0,0,71382,1.0,2331.5542026725434,35.805027579936315,0.5,0.10000000000218279,4.999999999890861,29624,8.22888888888889,2060.420774274805,93.8,12.931041168891921,4.702152280003032
8228244499,8,-21.85194969,-46.68333435,1244.7,196,957,2067,10,8,-27,23,10,26,19,49,44,30.0,322,92,94,26334.9,0,30,68,0,0,71384,2.0,2286.2095267057216,29.88310559496787,1.400000000000091,0.0,0.0,29624,16.45777777777778,2157.677513254889,93.6,13.660353409343758,-2.7974243684340205
8228346499,8,-21.85148048,-46.68333435,1246.4,32,932,1936,-10,7,-24,23,10,26,19,49,46,30.0,322,88,94,26335.0,0,30,68,0,0,71386,2.0,2148.8936688445056,26.92582403567252,1.7000000000000455,0.09999999999854481,17.000000000247837,28336,15.742222222222223,2162.035090991324,93.8,13.805797514884748,-1.9364247073374745
8228447499,8,-21.85124969,-46.68333435,1246.5,-10,963,2029,-1,-28,-15,23,10,26,19,49,47,29.5,322,88,95,26335.0,0,30,68,0,0,71387,1.0,2245.9541402263762,31.78049716414141,0.09999999999990905,0.0,0.0,28336,7.871111111111111,2211.6319751385463,94.2,12.711515571333791,4.84040446022268
8228549499,8,-21.8507843,-46.68333435,1248.7,92,621,1984,19,-8,-17,23,10,26,19,49,49,29.5,332,7,92,26335.0,0,12,68,0,0,71389,2.0,2080.9519456248863,26.720778431774775,2.2000000000000455,0.0,0.0,2324,1.291111111111111,2218.712696814807,93.8,1.2833882604936,-0.007722850617511101
8228650499,8,-21.85056496,-46.68333435,1249.2,53,817,1988,-17,-25,-30,23,10,26,19,49,50,29.5,331,9,89,26335.1,0,12,68,0,0,71390,1.0,2149.986511585596,42.59107887809371,0.5,0.09999999999854481,5.00000000007276,2979,0.8275,2182.399158597417,92.8,1.7755792195878952,0.9480792195878952
8228752499,8,-21.8501358,-46.68333435,1252.4,193,732,1716,0,-22,-31,23,10,26,19,49,52,29.5,331,39,84,26335.1,0,20,68,0,0,71392,2.0,1875.560982746229,38.01315561749642,3.2000000000000455,0.0,0.0,12909,7.171666666666667,2100.2694498055184,90.8,6.018497321687687,-1.1531693449789797
8228854499,8,-21.84975052,-46.68333435,1254.7,288,937,1695,-13,-18,-38,23,10,26,19,49,54,29.5,321,106,83,26335.1,0,32,68,0,0,71394,2.0,1958.044432590844,44.01136216933077,2.2999999999999545,0.0,0.0,34026,18.903333333333332,2062.099602554786,88.6,18.163996367942147,-0.7393369653911854
8228955499,8,-21.84957123,-46.68333435,1255.5,-78,970,1705,-21,13,-28,23,10,26,19,49,55,29.5,321,106,83,26335.2,0,32,68,0,0,71395,1.0,1963.1630090239578,37.33630940518894,0.7999999999999545,0.10000000000218279,7.999999999824922,34026,9.451666666666666,2005.5413763143024,86.2,14.755488039230032,5.303821372563366
8229057499,8,-21.84918404,-46.68333435,1259.6,-137,1102,2044,5,-5,5,23,10,26,19,49,57,29.5,323,65,83,26335.2,0,26,68,0,0,71397,2.0,2326.1790558768257,8.660254037844387,4.099999999999909,0.0,0.0,20995,11.66388888888889,2054.5867983646904,84.4,11.185352290473201,-0.47853659841568863
8229158499,8,-21.8489933,-46.68333435,1261.4,39,936,1899,-7,-8,-3,23,10,26,19,49,58,29.5,325,64,81,26335.3,0,26,67,0,0,71398,1.0,2117.5027744964113,11.045361017187261,1.800000000000182,0.09999999999854481,18.000000000263753,20800,5.777777777777778,2048.0900509468534,82.8,10.496213925209119,4.718436147431341
8229200509,8,-21.84862709,-46.68333435,1264.7,194,804,1805,-11,-10,0,23,10,26,19,50,0,29.5,329,32,79,26335.3,0,18,67,0,0,71400,2.0,1985.4664439370413,14.866068747318506,3.2999999999999545,0.0,0.0,10528,5.848888888888889,2070.0711431850164,81.8,5.52847735533347,-0.3204115335554194
8229403509,8,-21.84812737,-46.68333435,1265.3,40,621,2042,-10,-37,-19,23,10,26,19,50,3,29.5,331,30,67,26335.4,0,18,67,0,0,71403,1.0,2134.7142665940096,42.77849927241488,0.3999999999998636,0.10000000000218279,3.9999999999113243,9930,2.7583333333333333,2120.750938983271,76.6,3.9914092703986097,1.2330759370652764
8229505509,8,-21.84782028,-46.68333435,1267.9,115,942,1835,17,-6,-41,23,10,26,19,50,5,29.5,326,63,66,26335.4,0,26,67,0,0,71405,2.0,2065.868824490074,44.78839135311738,2.6000000000001364,0.0,0.0,20538,11.41,2068.6888927059213,73.2,12.954589730850522,1.5445897308505216
8229606509,8,-21.84768105,-46.68333435,1268.8,134,867,1719,-21,-37,-42,23,10,26,19,50,6,29.5,326,66,66,26335.4,0,26,67,0,0,71406,1.0,1929.9238326939226,59.782940710540494,0.8999999999998636,0.0,0.0,21516,5.976666666666667,2031.1731043454233,70.2,8.864050499226181,2.8873838325595145
8229708509,8,-21.84744072,-46.68333435,1269.8,115,966,1851,10,-41,-39,23,10,26,19,50,8,29.5,326,70,65,26335.4,0,28,67,0,0,71408,2.0,2091.0719738928165,57.463031594234565,1.0,0.0,0.0,22820,12.677777777777777,2052.2942103365785,67.4,12.123164375607024,-0.5546134021707534
8229809509,8,-21.84731293,-46.68333435,1271.2,180,833,1908,-8,-4,-47,23,10,26,19,50,9,29.5,328,50,64,26335.5,0,22,67,0,0,71409,1.0,2089.677726349209,47.843494855622744,1.400000000000091,0.09999999999854481,14.000000000204636,16400,4.555555555555555,2062.2513248040063,65.6,8.539920532834136,3.984364977278581
8229911509,8,-21.8470993,-46.68333435,1272.4,65,838,1983,0,-37,-36,23,10,26,19,50,11,29.5,329,38,62,26335.5,0,20,67,0,0,71411,2.0,2153.7776115467445,51.62363799656123,1.2000000000000455,0.0,0.0,12502,6.945555555555556,2066.0639937945534,64.6,5.152285305352366,-1.7932702502031903
8230013509,8,-21.84691429,-46.66666794,1266.5,-28,890,1706,6,-21,-35,23,10,26,19,50,13,29.5,332,14,59,26335.5,0,14,67,0,0,71413,2.0,1924.4012055701899,41.255302689472536,-5.900000000000091,0.0,0.0,4648,2.582222222222222,2037.7704700105764,63.2,2.3661689059314197,-0.2160533162908025
8230218509,8,-21.84653091,-46.66666794,1279.5,98,917,1867,-6,-25,2,23,10,26,19,50,18,29.5,330,34,50,26335.6,0,20,67,0,0,71418,5.0,2082.3501146541134,25.787593916455254,13.0,0.09999999999854481,130.00000000189175,11220,15.583333333333334,2068.2557264026145,60.0,13.238760855329174,-2.34457247800416
8230320509,8,-21.84640503,-46.66666794,1280.9,-52,1037,1867,-1,1,-3,23,10,26,19,50,20,29.5,329,46,50,26335.6,0,22,67,0,0,71420,2.0,2136.2963277597983,3.3166247903554,1.400000000000091,0.0,0.0,15134,8.407777777777778,2077.3005971760113,57.0,7.4807047968889036,-0.927072980888874
8230421509,8,-21.84634209,-46.66666794,1281.4,86,896,1827,-5,22,-3,23,10,26,19,50,21,29.5,329,46,49,26335.7,0,22,67,0,0,71421,1.0,2036.6985540329722,22.759613353482084,0.5,0.10000000000218279,4.999999999890861,15134,4.203888888888889,2066.7047627127636,54.0,6.604770200637589,2.4008813117487
8230523509,8,-21.84620285,-46.66666794,1283.7,68,877,1808,-7,-12,-2,23,10,26,19,50,23,29.5,329,45,49,26335.7,0,22,67,0,0,71423,2.0,2010.6260219145677,14.035668847618199,2.2999999999999545,0.0,0.0,14805,8.225,2038.0744447863283,51.4,8.087158044852034,-0.13784195514796593
8230625509,8,-21.84607315,-46.66666794,1287.5,-46,972,1839,-4,-10,-3,23,10,26,19,50,25,29.0,329,44,48,26335.7,0,22,67,0,0,71425,2.0,2080.5818897606505,11.180339887498949,3.7999999999999545,0.0,0.0,14476,8.042222222222222,2069.3105816244206,49.2,8.13869695059037,0.09647472836814863
8230726509,8,-21.84601593,-46.66666794,1288.6,-17,896,1868,-5,-26,2,23,10,26,19,50,26,29.0,329,44,48,26335.7,0,20,67,0,0,71426,1.0,2071.8419341252848,26.551836094703507,1.099999999999909,0.0,0.0,14476,4.021111111111111,2067.208945518655,48.8,4.816139024893766,0.795027913782655
8230828509,8,-21.84589958,-46.66666794,1289.2,-9,893,1888,-4,7,-4,23,10,26,19,50,28,29.0,330,28,48,26335.8,0,18,66,0,0,71428,2.0,2088.55787566445,9.0,0.6000000000001364,0.09999999999854481,6.000000000088676,9240,5.133333333333334,2057.661255099585,48.4,4.459168862463651,-0.674164470869683
8230929509,8,-21.84583664,-46.66666794,1290.4,3,844,1926,-21,-11,4,23,10,26,19,50,29,29.0,331,28,47,26335.8,0,18,66,0,0,71429,1.0,2102.812640251147,24.041630560342615,1.2000000000000455,0.0,0.0,9268,2.5744444444444445,2070.88407234322,48.0,3.9795234992259987,1.4050790547815541
8231031509,8,-21.84572601,-46.66666794,1291.5,64,867,1775,-3,11,-6,23,10,26,19,50,31,29.0,331,28,47,26335.8,0,18,66,0,0,71431,2.0,1976.4640143448096,12.884098726725126,1.099999999999909,0.0,0.0,9268,5.148888888888889,2064.0516708292685,47.6,4.223448413626531,-0.9254404752623584
8231133509,8,-21.84560204,-46.66666794,1292.3,2,792,1664,-38,-1,11,23,10,26,19,50,33,29.0,330,32,48,26335.8,0,18,66,0,0,71433,2.0,1842.8684163553294,39.57271787481876,0.7999999999999545,0.0,0.0,10560,5.866666666666666,2016.5089761482043,47.6,4.148309946569516,-1.71835672009715
8231234509,8,-21.84554482,-46.66666794,1294.0,167,818,2083,26,-21,-13,23,10,26,19,50,34,29.0,330,33,49,26335.8,0,18,66,0,0,71434,1.0,2244.081549320345,35.86084215408221,1.7000000000000455,0.0,0.0,10890,3.025,2050.956899187216,47.8,4.181458910608696,1.1564589106086962
8231336509,8,-21.84542656,-46.66666794,1295.3,-120,754,1950,11,-20,6,23,10,26,19,50,36,29.0,330,34,51,26335.9,0,20,66,0,0,71436,2.0,2094.1384863470707,23.600847442411894,1.2999999999999545,0.10000000000218279,12.999999999715783,11220,6.233333333333333,2052.0730213237402,48.4,6.221268639291535,-0.012064694041798774
8231437509,8,-21.84536934,-46.66666794,1295.5,264,740,1923,-34,29,0,23,10,26,19,50,37,29.0,331,35,53,26335.9,0,20,66,0,0,71437,1.0,2077.3119650163285,44.68780594300866,0.20000000000004547,0.0,0.0,11585,3.2180555555555554,2046.9728862767765,49.6,4.803834188202449,1.585778632646894
8231539509,8,-21.8452282,-46.66666794,1296.3,64,898,1789,-63,9,20,23,10,26,19,50,39,29.0,328,50,57,26335.9,0,22,66,0,0,71439,2.0,2002.7533547593923,66.70832032063167,0.7999999999999545,0.0,0.0,16400,9.11111111111111,2052.230754359693,51.6,6.45203542971895,-2.659075681392161
8231844509,8,-21.84477234,-46.66666794,1296.5,164,923,2317,3,-16,-14,23,10,26,19,50,44,29.0,334,7,57,26336.0,0,10,66,0,0,71444,2.0,2499.4627422708263,21.470910553583888,-0.09999999999990905,0.0,0.0,2338,1.298888888888889,2178.4661892544054,57.2,0.48745464678504463,-0.8114342421038443
8231945509,8,-21.84467506,-46.66666794,1297.3,226,516,1888,-21,-13,-22,23,10,26,19,50,45,29.0,334,6,56,26336.0,0,10,66,0,0,71445,1.0,1970.2477001636114,33.075670817082454,0.7999999999999545,0.0,0.0,2004,0.5566666666666666,2157.0533362838623,57.8,0.8349253542068115,0.2782586875401448
8232047509,8,-21.8445034,-46.66666794,1296.1,373,591,2127,16,13,-42,23,10,26,19,50,47,29.0,334,4,55,26336.0,0,10,66,0,0,71447,2.0,2238.870027491547,46.78675026115834,-1.2000000000000455,0.0,0.0,1336,0.7422222222222222,2204.276670830293,57.4,0.9122391524586431,0.17001693023642084
8232148509,8,-21.84441757,-46.66666794,1295.9,-231,814,2109,35,69,6,23,10,26,19,50,48,29.0,334,2,54,26336.1,0,4,66,0,0,71448,1.0,2272.4079739342583,77.60154637634484,-0.1999999999998181,0.09999999999854481,-2.000000000027285,668,0.18555555555555556,2250.354445850483,56.2,0.31097225588524835,0.1254167003296928
8232250509,8,-21.84424782,-46.66666794,1295.8,-178,1004,1973,-23,9,66,23,10,26,19,50,50,29.0,334,2,52,26336.1,0,10,66,0,0,71450,2.0,2220.907247050178,70.46985170979147,-0.10000000000013642,0.0,0.0,668,0.3711111111111111,2240.3791381820843,54.8,0.8743404738436003,0.5032293627324891
8232352509,8,-21.84404564,-46.66666794,1296.0,103,1066,2107,9,34,8,23,10,26,19,50,52,29.0,330,46,54,26336.1,0,22,66,0,0,71452,2.0,2363.5596036487,36.069377593742864,0.20000000000004547,0.0,0.0,15180,8.433333333333334,2213.198510457659,54.2,6.291374808684394,-2.141958524648939
8232453509,8,-21.84394836,-46.66666794,1296.5,257,852,1959,-9,-41,6,23,10,26,19,50,53,29.0,329,45,55,26336.1,0,22,66,0,0,71453,1.0,2151.658430141736,42.40283009422838,0.5,0.0,0.0,14805,4.1125,2249.4806564532837,54.0,6.8462331368658536,2.7337331368658537
8232555509,8,-21.84373474,-46.66666794,1297.9,-61,1269,2226,38,21,-3,23,10,26,19,50,55,29.0,329,51,56,26336.2,0,22,66,0,0,71455,2.0,2563.0368705892624,43.520110293977886,1.400000000000091,0.10000000000218279,13.99999999969532,16779,9.321666666666667,2314.314025072827,54.2,9.533711305590025,0.21204463892335745
8232656509,8,-21.84362793,-46.66666794,1298.2,17,876,2009,-21,-55,-20,23,10,26,19,50,56,29.0,329,50,58,26336.2,0,22,66,0,0,71456,1.0,2191.744966915631,62.177166226839255,0.2999999999999545,0.0,0.0,16450,4.569444444444445,2298.1814236691016,55.0,6.594158199665654,2.0247137552212093
8232758509,8,-21.84341812,-46.66666794,1298.2,7,1116,2377,48,-16,0,23,10,26,19,50,58,29.0,329,50,58,26336.2,0,22,66,0,0,71458,2.0,2625.953921911045,50.59644256269407,0.0,0.0,0.0,16450,9.13888888888889,2379.190758641275,56.2,6.866139413155687,-2.2727494757332023
8232859509,8,-21.84331131,-46.66666794,1299.0,-83,726,1513,-2,5,-11,23,10,26,19,50,59,29.0,333,11,57,26336.2,0,12,66,0,0,71459,1.0,1680.2184381799887,12.24744871391589,0.7999999999999545,0.0,0.0,3663,1.0175,2242.522525547533,56.8,2.4560878914797066,1.4385878914797066
8232901519,8,-21.84310341,-46.66666794,1299.4,-2,870,2310,51,-37,-12,23,10,26,19,51,1,29.0,332,20,55,26336.3,0,16,66,0,0,71461,2.0,2468.401101928129,64.1404708432983,0.40000000000009095,0.09999999999854481,4.000000000059117,6640,3.688888888888889,2305.8710599048113,56.8,3.291121673637617,-0.3977672152512719
8233104519,8,-21.84285545,-46.66666794,1299.3,228,813,1981,29,-17,3,23,10,26,19,51,4,29.0,332,32,48,26336.3,0,20,66,0,0,71464,1.0,2153.4423605009724,33.74907406137241,0.20000000000004547,0.0,0.0,10624,2.951111111111111,2248.081488320398,53.8,4.928282160929717,1.977171049818606
8233206519,8,-21.84275627,-46.66666794,1299.5,-468,1240,1518,-17,-47,130,23,10,26,19,51,6,29.0,330,40,49,26336.3,0,20,66,0,0,71466,2.0,2015.179396480621,139.27670300520472,0.20000000000004547,0.0,0.0,13200,7.333333333333333,2125.926583234313,52.0,5.538362529946539,-1.7949708033867937
8233307519,8,-21.84268951,-46.66666794,1300.8,-701,1127,1698,3,36,195,23,10,26,19,51,7,29.0,330,41,49,26336.4,0,20,66,0,0,71467,1.0,2155.164494882003,198.31792657246092,1.2999999999999545,0.10000000000218279,12.999999999715783,13530,3.7583333333333333,2220.915794574716,50.4,5.181841145809057,1.4235078124757234
8233409519,8,-21.84249878,-46.66666794,1300.9,-636,1099,1631,27,81,232,23,10,26,19,51,9,29.0,328,63,49,26336.4,0,26,66,0,0,71469,2.0,2066.99250119588,247.212459232944,0.10000000000013642,0.0,0.0,20664,11.48,2140.6340744282666,49.2,7.593817737031298,-3.8861822629687026
8233511519,8,-21.84226418,-46.66666794,1301.2,-630,1433,1926,36,118,214,23,10,26,19,51,11,29.0,327,69,49,26336.4,0,26,66,0,0,71471,2.0,2481.907532524127,247.01416963405157,0.2999999999999545,0.0,0.0,22563,12.535,2174.5372571167204,48.8,7.139543000742917,-5.3954569992570836
8233612519,8,-21.84216118,-46.66666794,1303.2,-666,1106,1750,-6,162,195,23,10,26,19,51,12,29.0,329,41,49,26336.4,0,20,66,0,0,71472,1.0,2174.6935416283372,253.58430550804994,2.0,0.0,0.0,13489,3.7469444444444444,2178.787493342194,49.0,4.827073557742458,1.0801291132980135
8233714519,8,-21.84194565,-46.66666794,1304.1,-222,976,1500,-67,23,-16,23,10,26,19,51,14,29.0,335,1,46,26336.4,0,8,66,0,0,71474,2.0,1803.291435126336,72.62231062146122,0.8999999999998636,0.0,0.0,335,0.18611111111111112,2136.4099010713367,48.4,0.49919551265436096,0.31308440154324985
8233815519,8,-21.84184647,-46.66666794,1304.3,250,880,1876,53,-80,-178,23,10,26,19,51,15,29.0,330,59,46,26336.5,0,26,65,0,0,71475,1.0,2087.169375014879,202.220177034835,0.20000000000004547,0.09999999999854481,2.0000000000295586,19470,5.408333333333333,2122.8108770979115,47.8,8.604074325152869,3.1957409918195356
8233917519,8,-21.84163857,-46.66666794,1304.6,907,604,1614,19,-113,-251,23,10,26,19,51,17,29.0,322,117,49,26336.5,0,34,65,0,0,71477,2.0,1947.4241962140657,275.91846621783037,0.2999999999999545,0.0,0.0,37674,20.93,2098.897216101549,47.8,14.168568374674008,-6.761431625325992
8234019519,8,-21.84139061,-46.66666794,1307.1,716,927,2087,-11,-70,-163,23,10,26,19,51,19,29.0,322,105,54,26336.5,0,32,65,0,0,71479,2.0,2393.2308706014974,177.73575892318348,2.5,0.0,0.0,33810,18.783333333333335,2081.161883717023,48.8,16.28805003936159,-2.4952832939717453
8234120519,8,-21.84127998,-46.66666794,1306.4,265,894,1450,-4,-66,-77,23,10,26,19,51,20,28.5,323,98,57,26336.5,0,28,65,0,0,71480,1.0,1723.937643883908,101.49384217774002,-0.6999999999998181,0.0,0.0,31654,8.792777777777777,1991.0107041681372,50.4,11.626434305114877,2.8336565273370997
8234222519,8,-21.84104156,-46.66666794,1308.1,115,939,2227,7,-1,26,23,10,26,19,51,22,28.5,330,40,57,26336.6,0,20,65,0,0,71482,2.0,2419.602240038639,26.94438717061496,1.699999999999818,0.09999999999854481,17.000000000245564,13200,7.333333333333333,2114.2728651505977,52.6,7.292199749576385,-0.04113358375694798
8234323519,8,-21.84092331,-46.66666794,1308.3,-200,1066,2000,-15,14,8,23,10,26,19,51,23,28.5,331,25,57,26336.6,0,18,65,0,0,71483,1.0,2275.1606536682193,22.02271554554524,0.20000000000004547,0.0,0.0,8275,2.298611111111111,2151.871120881266,54.8,3.594955660038216,1.296344548927105
8234425519,8,-21.84068871,-46.66666794,1310.1,-280,855,1898,19,0,-6,23,10,26,19,51,25,28.5,331,25,56,26336.6,0,18,65,0,0,71485,2.0,2100.435431047572,19.924858845171276,1.7999999999999545,0.0,0.0,8275,4.597222222222222,2182.473367847967,56.2,4.394762937410093,-0.2024592848121296
8234526519,8,-21.84056664,-46.66666794,1311.6,55,922,2097,-5,-12,13,23,10,26,19,51,26,28.5,332,3,56,26336.6,0,4,65,0,0,71486,1.0,2291.400881556957,18.384776310850235,1.5,0.0,0.0,996,0.27666666666666667,2162.107370039059,56.6,0.3531014015756585,0.07643473490899183
8234628519,8,-21.84033585,-46.66666794,1312.3,-36,744,1908,-37,26,-13,23,10,26,19,51,28,28.5,334,2,56,26336.7,0,6,65,0,0,71488,2.0,2048.242173181677,47.05316142407437,0.7000000000000455,0.10000000000218279,6.99999999984766,668,0.3711111111111111,2226.968275898613,56.4,0.0,-0.3711111111111111
8234730519,8,-21.84011078,-46.66666794,1313.7,256,765,2049,-5,-11,4,23,10,26,19,51,30,28.5,334,4,55,26336.7,0,10,65,0,0,71490,2.0,2202.0812882361997,12.727922061357855,1.400000000000091,0.0,0.0,1336,0.7422222222222222,2183.464085538125,56.0,1.470742266848646,0.7285200446264238
8234831519,8,-21.84000397,-46.66666794,1313.4,54,816,2123,-23,10,5,23,10,26,19,51,31,28.5,334,11,56,26336.7,0,14,65,0,0,71491,1.0,2275.0606585319874,25.573423705088842,-0.2999999999999545,0.0,0.0,3674,1.0205555555555557,2183.4440865108786,55.8,2.4392043748533268,1.418648819297771
8234933519,8,-21.83976555,-46.66666794,1310.7,34,860,1984,0,-31,-6,23,10,26,19,51,33,28.5,333,11,58,26336.7,0,12,65,0,0,71493,2.0,2162.640053268227,31.575306807693888,-2.7000000000000455,0.0,0.0,3663,2.035,2195.88501095501,56.2,1.2037288631968264,-0.8312711368031738
8235745519,8,-21.83838844,-46.66666794,1304.0,94,779,1804,-3,-28,-6,23,10,26,19,51,45,28.5,334,26,55,26336.9,0,20,65,0,0,71505,1.0,1967.2551944269965,28.792360097775937,-0.900000000000091,0.0,0.0,8684,2.4122222222222223,2121.0722509388056,53.6,4.800174330368846,2.387952108146624
8235847519,8,-21.83817291,-46.66666794,1301.8,-17,782,1824,-21,-22,-31,23,10,26,19,51,47,28.5,331,40,58,26337.0,0,20,65,0,0,71507,2.0,1984.6382541914281,43.42810150121693,-2.2000000000000455,0.09999999999854481,-22.000000000320597,13240,7.355555555555555,2026.9585593221004,54.4,5.781306887604778,-1.5742486679507772
8235949519,8,-21.83794403,-46.66666794,1301.9,471,1371,1749,-42,-35,-30,23,10,26,19,51,49,28.5,306,278,68,26337.0,0,92,65,0,0,71509,2.0,2271.669650279283,62.36184731067546,0.10000000000013642,0.0,0.0,85068,47.26,2113.1634902485753,57.4,33.36313456258344,-13.896865437416558
8236050519,8,-21.83781242,-46.66666794,1301.2,418,1158,1656,10,-7,-53,23,10,26,19,51,50,28.5,305,278,82,26337.0,0,90,65,0,0,71510,1.0,2063.4980009682586,54.38749856354859,-0.7000000000000455,0.0,0.0,84790,23.552777777777777,2065.9115712578678,63.2,33.52480599327009,9.972028215492315
8236152519,8,-21.83751869,-46.66666794,1300.7,250,999,1920,0,-25,-9,23,10,26,19,51,52,28.5,304,269,94,26337.1,0,86,64,0,0,71512,2.0,2178.7383964120154,26.570660511172846,-0.5,0.09999999999854481,-5.00000000007276,81776,45.431111111111115,2093.1598992555964,71.4,33.98217365622818,-11.448937454882937
8236253519,8,-21.83735466,-46.66666794,1300.6,284,723,1740,-1,-30,-7,23,10,26,19,51,53,28.5,316,98,103,26337.1,0,32,64,0,0,71513,1.0,1905.5143662538994,30.822070014844883,-0.10000000000013642,0.0,0.0,30968,8.602222222222222,2080.811733620977,81.0,14.27966680212006,5.677444579897838
8236600529,8,-21.83612061,-46.66666794,1293.0,5,976,2105,5,4,-3,23,10,26,19,52,0,28.5,325,89,104,26337.3,0,30,64,0,0,71520,2.0,2320.2642090934387,7.0710678118654755,-2.599999999999909,0.09999999999854481,-26.00000000037744,28925,16.069444444444443,1971.1818131808886,103.4,11.212083563384677,-4.8573608810597655
8236701529,8,-21.83595276,-46.66666794,1291.9,66,791,1954,-11,-35,15,23,10,26,19,52,1,28.0,326,71,106,26337.3,0,26,64,0,0,71521,1.0,2109.0644845523334,39.63584236521283,-1.099999999999909,0.0,0.0,23146,6.429444444444444,2011.8918368405753,104.0,10.303155134954931,3.873710690510487
8236803529,8,-21.83560944,-46.66666794,1290.3,100,872,1631,-1,-19,1,23,10,26,19,52,3,28.0,329,43,104,26337.4,0,22,64,0,0,71523,2.0,1852.173048070833,19.05255888325765,-1.6000000000001364,0.10000000000218279,-15.999999999652118,14147,7.859444444444445,1964.1635117032267,104.0,7.554473404628795,-0.30497103981564955
8236904529,8,-21.83543777,-46.66666794,1290.9,-40,895,1739,12,-26,9,23,10,26,19,52,4,28.0,326,72,102,26337.4,0,26,64,0,0,71524,1.0,1956.207044256819,30.01666203960727,0.6000000000001364,0.0,0.0,23472,6.52,2067.2506563140623,103.8,8.380355902988223,1.860355902988223
8237006529,8,-21.83510208,-46.66666794,1292.4,9,948,1886,15,28,3,23,10,26,19,52,6,28.0,327,66,99,26337.5,0,26,64,0,0,71526,2.0,2110.8720946566136,31.906112267087632,1.5,0.09999999999854481,15.000000000218279,21582,11.99,2069.7161761260077,103.0,11.368561816004119,-0.6214381839958811
8237108529,8,-21.83477592,-46.66666794,1293.8,-114,1029,1720,-38,-6,27,23,10,26,19,52,8,28.0,326,73,97,26337.5,0,26,64,0,0,71528,2.0,2007.545018175184,47.0,1.3999999999998636,0.0,0.0,23798,13.221111111111112,2007.1723379423565,101.6,9.52114659146151,-3.699964519649601
8237209529,8,-21.83460426,-46.66666794,1296.0,-349,1125,1330,2,-12,58,23,10,26,19,52,9,28.0,325,94,94,26337.6,0,30,64,0,0,71529,1.0,1776.6051896805886,59.262129560116215,2.2000000000000455,0.09999999999854481,22.000000000320597,30550,8.48611111111111,1940.6804789680077,99.2,16.924674672345837,8.438563561234727
8237311529,8,-21.83424187,-46.66666794,1298.2,-483,909,2376,15,13,50,23,10,26,19,52,11,28.0,321,116,93,26337.6,0,34,63,0,0,71531,2.0,2589.3910481037815,53.79591062525106,2.2000000000000455,0.0,0.0,37236,20.686666666666667,2088.1240789745975,97.0,17.15955983997831,-3.5271068266883567
8237412529,8,-21.83405495,-46.66666794,1298.1,-472,1330,2169,10,28,96,23,10,26,19,52,12,28.0,323,102,93,26337.6,0,30,63,0,0,71532,1.0,2587.7103779209915,100.4987562112089,-0.10000000000013642,0.0,0.0,32946,9.151666666666667,2214.424745707432,95.2,12.336972090059769,3.1853054233931015
8237514529,8,-21.83362389,-46.66666794,1302.6,-230,1011,920,-9,-16,64,23,10,26,19,52,14,28.0,322,105,91,26337.7,0,32,63,0,0,71534,2.0,1386.1533104242114,66.58077800686922,4.5,0.10000000000218279,44.999999999017746,33810,18.783333333333335,2069.4809888609516,93.6,25.87761063248509,7.094277299151756
8237616529,8,-21.83316612,-46.66666794,1303.5,-608,765,1093,-76,81,72,23,10,26,19,52,16,28.0,322,99,91,26337.7,0,26,63,0,0,71536,2.0,1466.1302807049583,132.36691429507601,0.900000000000091,0.0,0.0,31878,17.71,1961.1980413669066,92.4,8.208761634152031,-9.50123836584797
8237717529,8,-21.8329525,-46.66666794,1305.2,-267,618,2666,-24,-19,59,23,10,26,19,52,17,28.0,325,71,90,26337.8,0,26,63,0,0,71537,1.0,2749.6852547155286,66.46803743153546,1.7000000000000455,0.09999999999854481,17.000000000247837,23075,6.409722222222222,2155.8140543738946,91.6,12.314441316654301,5.904719094432079
8237819529,8,-21.83250427,-46.66666794,1297.7,-802,1212,1104,8,6,79,23,10,26,19,52,19,28.0,325,71,91,26337.8,0,26,63,0,0,71539,2.0,1825.0928743491384,79.63039620647382,-7.5,0.0,0.0,23075,12.819444444444445,2002.9544196229658,91.2,11.134377262119456,-1.685067182324989
8237920529,8,-21.8322773,-46.66666794,1298.9,-44,782,1650,2,32,61,23,10,26,19,52,20,28.0,325,78,93,26337.8,0,28,63,0,0,71540,1.0,1826.4610589881188,68.9129886160802,1.2000000000000455,0.0,0.0,25350,7.041666666666667,1850.7045558363911,91.2,10.424519501215533,3.382852834548866
8238022529,8,-21.83181381,-46.66666794,1301.0,8,635,2673,-39,-82,21,23,10,26,19,52,22,28.0,325,75,95,26337.9,0,28,63,0,0,71542,2.0,2747.402045569596,93.19871243745806,2.099999999999909,0.10000000000218279,20.999999999540705,24375,13.541666666666666,2122.954302865468,92.0,9.770645949433554,-3.771020717233112
8238124529,8,-21.83136559,-46.66666794,1301.9,236,1011,2118,-24,-18,-22,23,10,26,19,52,24,28.0,324,77,97,26337.9,0,26,63,0,0,71544,2.0,2358.7583598156043,37.20215047547655,0.900000000000091,0.0,0.0,24948,13.86,2301.4799186875975,93.2,9.791410089282481,-4.0685899107175185
8238225529,8,-21.83112907,-46.66666794,1302.3,121,1062,2073,61,-25,-17,23,10,26,19,52,25,27.5,326,65,98,26338.0,0,26,63,0,0,71545,1.0,2332.340884176239,68.0808343074613,0.3999999999998636,0.09999999999854481,4.000000000056843,21190,5.886111111111111,2218.011044579739,94.8,8.712416168847113,2.8263050577360023
8238327529,8,-21.8306675,-46.66666794,1302.5,-84,743,2276,16,52,3,23,10,26,19,52,27,27.5,331,23,96,26338.0,0,16,63,0,0,71547,2.0,2395.6796530421175,54.48853090330111,0.20000000000004547,0.0,0.0,7613,4.229444444444445,2332.128400318335,95.8,2.447834245059686,-1.7816101993847586
8238428529,8,-21.83044434,-46.66666794,1303.3,-41,1036,1191,-16,-22,25,23,10,26,19,52,28,27.5,328,46,94,26338.0,0,22,63,0,0,71548,1.0,1579.0687128811082,36.945906403822335,0.7999999999999545,0.0,0.0,15088,4.191111111111111,2282.649931096933,96.0,7.273185553562591,3.0820744424514803
8238530529,8,-21.83000946,-46.66666794,1302.9,245,785,2258,-10,17,0,23,10,26,19,52,30,27.5,327,70,95,26338.1,0,26,63,0,0,71550,2.0,2403.084268185367,19.72308292331602,-0.3999999999998636,0.09999999999854481,-4.000000000056843,22890,12.716666666666667,2213.7863756200873,96.0,10.234703932145987,-2.48196273452068
8238631529,8,-21.82978439,-46.66666794,1302.7,-10,884,1677,1,51,-3,23,10,26,19,52,31,27.5,325,75,96,26338.1,0,28,63,0,0,71551,1.0,1895.7544672240654,51.09794516416487,-0.20000000000004547,0.0,0.0,24375,6.770833333333333,2121.1855971017794,95.8,10.437781551666745,3.6669482183334123
8238733529,8,-21.82932281,-46.66666794,1303.3,43,940,2229,37,2,-18,23,10,26,19,52,33,27.5,325,78,99,26338.2,0,28,62,0,0,71553,2.0,2419.4813493804822,41.19465984809196,0.599999999999909,0.10000000000218279,5.999999999868123,25350,14.083333333333334,2138.613690142628,96.0,12.215799042395634,-1.8675342909376997
8238835529,8,-21.82885742,-46.66666794,1300.6,-385,1059,2107,47,20,-6,23,10,26,19,52,35,27.5,325,75,100,26338.2,0,28,62,0,0,71555,2.0,2389.3838117807695,51.42956348249516,-2.7000000000000455,0.0,0.0,24375,13.541666666666666,2137.3545218903587,96.8,11.575519766087295,-1.9661469005793712
8238936529,8,-21.82861519,-46.66666794,1300.4,-81,1016,1775,-18,78,0,23,10,26,19,52,36,27.5,325,76,102,26338.3,0,26,62,0,0,71556,1.0,2046.812644088364,80.049984384758,-0.1999999999998181,0.09999999999854481,-2.000000000027285,24700,6.861111111111111,2230.90330813181,98.4,9.058655673649676,2.1975445625385657
8239038529,8,-21.82813454,-46.66666794,1300.0,57,730,1940,-8,-27,-2,23,10,26,19,52,38,27.5,325,77,103,26338.3,0,26,62,0,0,71558,2.0,2073.5836129753725,28.231188426986208,-0.40000000000009095,0.0,0.0,25025,13.902777777777779,2165.0031770898104,100.0,9.39309819933003,-4.509679578447749
8239139529,8,-21.8278923,-46.66666794,1300.4,118,769,1762,34,70,-26,23,10,26,19,52,39,27.5,325,73,103,26338.4,0,26,62,0,0,71559,1.0,1926.1175976559687,82.04876598706406,0.40000000000009095,0.10000000000218279,3.999999999913598,23725,6.590277777777778,2171.075803176191,101.4,7.5445236788209975,0.9542459010432198
8239241529,8,-21.82740402,-46.66666794,1302.6,82,627,2256,32,0,-6,23,10,26,19,52,41,27.5,328,46,102,26338.4,0,22,62,0,0,71561,2.0,2342.9445149213416,32.55764119219941,2.199999999999818,0.0,0.0,15088,8.382222222222222,2155.7684362843634,102.0,7.304471891108766,-1.0777503311134558
8239343529,8,-21.82692146,-46.66666794,1303.6,613,652,2031,-23,-21,-91,23,10,26,19,52,43,27.5,325,85,100,26338.4,0,30,62,0,0,71563,2.0,2219.421996827102,96.18211892030659,1.0,0.0,0.0,27625,15.347222222222221,2121.7760732936295,102.0,10.444497587367406,-4.902724634854815
8239444529,8,-21.82667542,-46.66666794,1303.9,141,893,2226,47,-30,-88,23,10,26,19,52,44,27.5,320,120,100,26338.5,0,34,62,0,0,71564,1.0,2402.5831931485745,104.17773274553444,0.3000000000001819,0.09999999999854481,3.0000000000454747,38400,10.666666666666666,2192.930183105672,101.6,15.10048678000539,4.433820113338724
8239546529,8,-21.82618332,-46.66666794,1306.7,488,559,1864,3,-68,-84,23,10,26,19,52,46,27.5,321,111,99,26338.5,0,34,62,0,0,71566,2.0,2006.2704204568236,108.11567878897121,2.7999999999999545,0.0,0.0,35631,19.795,2179.467544601962,100.8,16.23358255652675,-3.5614174434732533
8239647529,8,-21.82593346,-46.66666794,1311.2,565,702,1974,-17,-70,-84,23,10,26,19,52,47,27.5,319,119,98,26338.6,0,34,62,0,0,71567,1.0,2169.955068659257,110.65712810298305,4.5,0.09999999999854481,45.000000000654836,37961,10.544722222222223,2228.23503880262,99.8,27.206530978063295,16.661808755841072
8239749529,8,-21.82546043,-46.66666794,1314.9,559,848,2114,-5,-52,-74,23,10,26,19,52,49,27.5,317,141,98,26338.6,0,36,61,0,0,71569,2.0,2345.331746256806,90.58145505565695,3.7000000000000455,0.0,0.0,44697,24.831666666666667,2228.7124850697123,99.0,14.392757589987252,-10.438909076679415
8239850529,8,-21.82522964,-46.66666794,1316.8,253,1217,2221,91,-55,-72,23,10,26,19,52,50,27.0,320,105,97,26338.7,0,32,61,0,0,71570,1.0,2545.179561445518,128.41339493993607,1.8999999999998636,0.10000000000218279,18.999999999583906,33600,9.333333333333334,2293.8639979933955,98.4,13.285567975821818,3.9522346424884844
8239952529,8,-21.82481384,-46.66666794,1320.8,150,742,2079,43,-58,-64,23,10,26,19,52,52,27.0,321,99,96,26338.7,0,30,61,0,0,71572,2.0,2212.5336155638406,96.48315915225828,4.0,0.0,0.0,31779,17.655,2255.854082476449,97.6,17.410677642162376,-0.2443223578376248
8240054529,8,-21.82445145,-46.66666794,1324.4,470,781,1986,1,-46,-73,23,10,26,19,52,54,27.0,321,105,94,26338.7,0,32,61,0,0,71574,2.0,2185.190380722009,86.2902080192185,3.6000000000001364,0.0,0.0,33705,18.725,2291.638074529486,96.6,14.542498675101351,-4.1825013248986505
8240155529,8,-21.82429695,-46.66666794,1326.0,505,643,2050,-53,-76,-60,23,10,26,19,52,55,27.0,318,125,93,26338.8,0,34,61,0,0,71575,1.0,2207.028318803363,110.38568747804219,1.599999999999909,0.09999999999854481,16.00000000023192,39750,11.041666666666666,2299.0527245583075,95.6,13.225224089295656,2.18355742262899
8240257529,8,-21.82400513,-46.66666794,1327.2,513,786,964,2,16,-16,23,10,26,19,52,57,27.0,318,125,93,26338.8,0,34,61,0,0,71577,2.0,1345.4594010968892,22.715633383201094,1.2000000000000455,0.0,0.0,39750,22.083333333333332,2099.078255526324,94.6,12.772325666865365,-9.311007666467967
8240358529,8,-21.82390022,-46.66666794,1330.2,489,936,1596,17,61,-20,23,10,26,19,52,58,27.0,319,118,94,26338.9,0,34,61,0,0,71578,1.0,1913.748416067274,66.40783086353596,3.0,0.10000000000218279,29.999999999345164,37642,10.456111111111111,1972.7920264506752,94.0,23.54007806588774,13.08396695477663
8240400539,8,-21.82366562,-46.66666794,1333.3,355,883,1824,-106,4,-2,23,10,26,19,53,0,27.0,318,120,96,26338.9,0,34,60,0,0,71580,2.0,2057.3502375628705,106.09429767899876,3.099999999999909,0.0,0.0,38160,21.2,1941.7553508504811,94.0,18.298109415335148,-2.9018905846648515
8240502539,8,-21.82343864,-46.66666794,1309.3,-310,1040,1365,-1,-4,1,23,10,26,19,53,2,27.0,319,119,99,26338.9,0,34,60,0,0,71582,2.0,1743.824819183395,4.242640687119285,-24.0,0.0,0.0,37961,21.089444444444446,1853.4822385427585,95.0,16.546296357633114,-4.543148086811332
8240603539,8,-21.8233223,-46.66666794,1313.1,-351,1125,1267,19,30,-32,23,10,26,19,53,3,26.5,321,96,102,26339.0,0,30,60,0,0,71583,1.0,1730.351120437699,47.80167361086848,3.7999999999999545,0.09999999999854481,38.00000000055252,30816,8.56,1758.1467988696254,96.8,24.042008297019162,15.482008297019162
8240705539,8,-21.82306099,-46.66666794,1320.8,-74,823,1653,-18,30,-10,23,10,26,19,53,5,26.5,323,72,106,26339.0,0,26,60,0,0,71585,2.0,1848.0297616651092,36.38681079732051,7.7000000000000455,0.0,0.0,23256,12.92,1858.6608709832697,99.4,14.213628630917148,1.2936286309171479
8240806539,8,-21.82291794,-46.66666794,1324.0,36,1098,1607,16,-23,4,23,10,26,19,53,6,26.5,324,69,108,26339.1,0,26,60,0,0,71586,1.0,1946.6250280934948,28.30194339616981,3.2000000000000455,0.09999999999854481,32.000000000466116,22356,6.21,1865.2361933885138,102.2,12.102804751393622,5.892804751393622
8240908539,8,-21.82265091,-46.66666794,1327.7,-201,822,2075,-19,-21,1,23,10,26,19,53,8,26.5,326,51,111,26339.1,0,22,60,0,0,71588,2.0,2240.9172229245773,28.337254630609507,3.7000000000000455,0.0,0.0,16626,9.236666666666666,1901.949590460855,105.2,6.936653059807506,-2.30001360685916
8241009539,8,-21.82250595,-46.66666794,1328.6,220,999,2481,-47,-33,5,23,10,26,19,53,9,26.5,325,63,113,26339.2,0,24,60,0,0,71589,1.0,2683.6098822295316,57.645468165329355,0.8999999999998636,0.10000000000218279,8.999999999802185,20475,5.6875,2089.9066030700824,108.0,9.07795813414195,3.3904581341419497
8241111539,8,-21.82221985,-46.66666794,1328.5,76,586,1902,-10,15,0,23,10,26,19,53,11,26.5,326,54,115,26339.2,0,22,60,0,0,71591,2.0,1991.6766805884936,18.027756377319946,-0.09999999999990905,0.0,0.0,17604,9.78,2142.1717151002413,110.6,6.860215832696882,-2.919784167303117
8241213539,8,-21.82193184,-46.65000153,1328.3,-93,733,1878,-27,-36,3,23,10,26,19,53,13,26.5,333,6,114,26339.3,0,8,60,0,0,71593,2.0,2018.1233857224884,45.09988913511872,-0.20000000000004547,0.09999999999854481,-2.0000000000295586,1998,1.11,2176.190439911717,112.2,1.422460807867368,0.31246080786736785
8241314539,8,-21.82178688,-46.65000153,1327.7,-21,740,2543,15,20,-10,23,10,26,19,53,14,26.5,330,14,114,26339.3,0,12,60,0,0,71594,1.0,2648.5637617395582,26.92582403567252,-0.599999999999909,0.0,0.0,4620,1.2833333333333334,2316.5781866409297,113.4,1.6875597440408303,0.4042264107074969
8241517539,8,-21.82135201,-46.65000153,1328.0,-290,1094,2508,30,64,55,23,10,26,19,53,17,26.5,332,5,111,26339.4,0,8,60,0,0,71597,1.0,2751.545020529375,89.56003573022959,-0.2999999999999545,0.0,0.0,1660,0.46111111111111114,2320.9413122708747,113.2,0.8646799621410619,0.40356885102995077
8241619539,8,-21.82100487,-46.65000153,1327.0,-474,935,798,-23,15,65,23,10,26,19,53,19,26.5,332,5,110,26339.5,0,8,60,0,0,71599,2.0,1317.4615743922097,70.5620294492725,-1.0,0.09999999999854481,-10.00000000014552,1660,0.9222222222222223,2186.0982910316184,112.2,1.4766519682790455,0.5544297460568233
8241721539,8,-21.82061386,-46.65000153,1326.2,-444,1066,2316,4,0,56,23,10,26,19,53,21,26.5,328,51,110,26339.5,0,24,60,0,0,71601,2.0,2587.923491913932,56.142675390472796,-0.7999999999999545,0.0,0.0,16728,9.293333333333333,2300.058312269907,111.4,8.888351568664149,-0.40498176466918423
8241822539,8,-21.82039261,-46.65000153,1323.2,-279,892,1228,-17,-34,37,23,10,26,19,53,22,26.5,326,61,112,26339.6,0,24,60,0,0,71602,1.0,1543.2073742695763,53.04714883949938,-3.0,0.09999999999854481,-30.000000000436557,19886,5.523888888888889,2078.9870347759106,111.0,9.177127643692575,3.653238754803686
8241924539,8,-21.81993294,-46.65000153,1321.3,-189,1089,1545,-33,50,-14,23,10,26,19,53,24,26.5,326,62,113,26339.6,0,24,60,0,0,71604,2.0,1899.6491781379002,61.5223536610881,-1.900000000000091,0.0,0.0,20212,11.22888888888889,2019.9573278485987,111.2,10.688301191820523,-0.5405876970683661
8242025539,8,-21.81970596,-46.65000153,1321.2,-283,781,2205,5,38,-4,23,10,26,19,53,25,26.5,332,5,113,26339.7,0,10,60,0,0,71605,1.0,2356.284150946146,38.535697735995385,-0.09999999999990905,0.10000000000218279,-0.9999999999772626,1660,0.46111111111111114,1940.9051539319528,111.6,1.3963378525687768,0.9352267414576657
8242127539,8,-21.81924057,-46.65000153,1318.5,-162,687,2128,-12,5,22,23,10,26,19,53,27,26.5,330,27,112,26339.7,0,18,60,0,0,71607,2.0,2242.007359488367,25.553864678361276,-2.7000000000000455,0.0,0.0,8910,4.95,2125.8143109511843,112.0,4.976058652147931,0.026058652147931127
8242229539,8,-21.81876945,-46.65000153,1317.9,-182,988,2115,-32,-18,8,23,10,26,19,53,29,26.5,329,37,111,26339.8,0,20,60,0,0,71609,2.0,2341.472400008166,37.57658845611187,-0.599999999999909,0.09999999999854481,-6.000000000086402,12173,6.762777777777778,2076.524092570031,112.2,6.3305453591720005,-0.43223241860577755
8242330539,8,-21.8185215,-46.65000153,1318.0,49,977,2520,10,2,4,23,10,26,19,53,30,26.5,328,46,111,26339.8,0,22,60,0,0,71610,1.0,2703.207354236815,10.954451150103322,0.09999999999990905,0.0,0.0,15088,4.191111111111111,2308.524088563479,112.0,7.210429206141788,3.019318095030677
8242432539,8,-21.8180542,-46.65000153,1317.7,28,785,2076,-10,-56,-11,23,10,26,19,53,32,26.5,328,46,111,26339.9,0,22,60,0,0,71612,2.0,2219.6362314577586,57.9396237474839,-0.2999999999999545,0.10000000000218279,-2.9999999999340616,15088,8.382222222222222,2372.5214992274505,111.6,6.662782136637609,-1.7194400855846128
8242533539,8,-21.81781387,-46.65000153,1316.9,-208,903,1794,0,58,-14,23,10,26,19,53,33,26.5,328,46,110,26339.9,0,22,60,0,0,71613,1.0,2019.1852317209534,59.665735560705194,-0.7999999999999545,0.0,0.0,15088,4.191111111111111,2305.1017153824123,111.0,6.4528892156734825,2.2617781045623717
8242635539,8,-21.81733513,-46.65000153,1316.3,-93,768,976,-54,-26,0,23,10,26,19,53,35,26.5,328,41,110,26340.0,0,20,60,0,0,71615,2.0,1245.4111770816899,59.93329625508679,-0.6000000000001364,0.09999999999854481,-6.000000000088676,13448,7.471111111111111,2105.7824789010765,110.6,4.628665384507848,-2.8424457266032634
8242736539,8,-21.81709099,-46.65000153,1312.7,-129,870,1320,-29,-73,1,23,10,26,19,53,36,26.5,328,41,110,26340.0,0,20,59,0,0,71616,1.0,1586.1718065833852,78.55571271397135,-3.599999999999909,0.0,0.0,13448,3.7355555555555555,1954.7223602161205,110.4,5.784411399554523,2.0488558439989677
8242838539,8,-21.81663513,-46.65000153,1313.3,146,631,1409,-63,56,-29,23,10,26,19,53,38,26.5,328,45,110,26340.1,0,22,59,0,0,71618,2.0,1550.728216032713,89.1403387922662,0.599999999999909,0.09999999999854481,6.000000000086402,14760,8.2,1724.2265325753,110.2,7.710705014181756,-0.48929498581824316
8242940539,8,-21.81618118,-46.65000153,1312.5,-13,931,2716,41,-33,-18,23,10,26,19,53,40,26.5,327,50,109,26340.1,0,22,59,0,0,71620,2.0,2871.1645720856895,55.62373594069352,-0.7999999999999545,0.0,0.0,16350,9.083333333333334,1854.532200700886,109.8,7.306203058056199,-1.777130275277135
8243041539,8,-21.81596184,-46.65000153,1311.0,-521,737,2117,-36,17,13,23,10,26,19,53,41,26.5,327,55,109,26340.2,0,24,59,0,0,71621,1.0,2301.368940435236,41.88078318274385,-1.5,0.10000000000218279,-14.999999999672582,17985,4.995833333333334,1910.9689424437427,109.6,10.343159737641685,5.347326404308351
8243143539,8,-21.81551361,-46.65000153,1309.5,-278,843,1609,22,-64,-4,23,10,26,19,53,43,26.5,327,51,109,26340.2,0,22,59,0,0,71623,2.0,1837.6109490313775,67.79380502671317,-1.5,0.0,0.0,16677,9.265,2029.40889683368,109.4,8.124331180825838,-1.140668819174163
8243244539,8,-21.81528854,-46.65000153,1309.8,273,914,871,-25,-129,4,23,10,26,19,53,44,26.5,327,51,109,26340.3,0,22,59,0,0,71624,1.0,1291.7298479171254,131.4610208388783,0.2999999999999545,0.09999999999854481,3.000000000043201,16677,4.6325,1970.5205051004282,109.2,6.795509487309942,2.1630094873099415
8243346539,8,-21.81484413,-46.65000153,1310.0,-7,883,1991,-11,39,-3,23,10,26,19,53,46,26.5,328,41,109,26340.3,0,20,59,0,0,71626,2.0,2178.030991515043,40.63249930782009,0.20000000000004547,0.0,0.0,13448,7.471111111111111,2095.9810601968943,109.0,5.188384746959892,-2.2827263641512188
8243448539,8,-21.81437874,-46.65000153,1307.6,24,712,1874,-24,-6,-14,23,10,26,19,53,48,26.5,328,41,109,26340.4,0,20,59,0,0,71628,2.0,2004.843136008401,28.42534080710379,-2.400000000000091,0.10000000000218279,-23.99999999947704,13448,7.471111111111111,1922.7167729814362,109.0,5.757743890690398,-1.7133672204207127
8243549539,8,-21.81415558,-46.65000153,1307.7,-405,775,1973,-24,-107,-6,23,10,26,19,53,49,26.5,328,45,109,26340.4,0,20,59,0,0,71629,1.0,2158.0961517040896,109.82258419833327,0.10000000000013642,0.0,0.0,14760,4.1,1894.0622152352073,109.0,4.26612867969895,0.16612867969895007
8243651539,8,-21.8137188,-46.65000153,1305.5,-110,948,2453,27,24,3,23,10,26,19,53,51,26.0,328,45,109,26340.4,0,20,59,0,0,71631,2.0,2632.1118897189763,36.24913792078372,-2.2000000000000455,0.0,0.0,14760,8.2,2052.962403372727,109.0,6.158654415474754,-2.0413455845252457
8243752539,8,-21.81349754,-46.65000153,1305.2,-285,1197,2280,31,62,3,23,10,26,19,53,52,26.0,328,45,109,26340.5,0,20,59,0,0,71632,1.0,2590.8365444388805,69.38299503480663,-0.2999999999999545,0.09999999999854481,-3.000000000043201,14760,4.1,2312.783742677078,109.0,5.615312389665311,1.5153123896653113
8243854539,8,-21.81306267,-46.65000153,1306.1,-319,522,1034,11,-71,4,23,10,26,19,53,54,26.0,328,44,109,26340.5,0,20,59,0,0,71634,2.0,1201.4162476011384,71.95832127002409,0.8999999999998636,0.0,0.0,14432,8.017777777777777,2117.4607938942972,109.0,4.865201122384012,-3.152576655393765
8243955539,8,-21.81285286,-46.65000153,1303.8,437,707,1656,-13,-8,10,23,10,26,19,53,55,26.0,329,36,109,26340.6,0,20,59,0,0,71635,1.0,1852.877222052233,18.24828759089466,-2.2999999999999545,0.09999999999854481,-23.00000000033424,11844,3.29,2087.0676111030634,109.0,6.289130889210663,2.9991308892106634
8244057539,8,-21.81241989,-46.65000153,1300.2,352,674,1788,-42,-60,-34,23,10,26,19,53,57,26.0,329,37,109,26340.6,0,20,59,0,0,71637,2.0,1942.9678329812875,80.7465169527454,-3.599999999999909,0.0,0.0,12173,6.762777777777778,2044.0419473585032,109.0,6.211363564957452,-0.5514142128203261
8244159539,8,-21.812006,-46.65000153,1298.8,27,780,2297,-23,-77,-3,23,10,26,19,53,59,26.0,329,37,109,26340.7,0,18,59,0,0,71639,2.0,2425.971557953638,80.41765975207187,-1.400000000000091,0.10000000000218279,-13.99999999969532,12173,6.762777777777778,2002.8138810054356,109.0,4.7901921548633855,-1.9725856229143925
8244200549,8,-21.81180382,-46.65000153,1297.9,115,631,1799,-4,16,-29,23,10,26,19,54,0,26.0,329,31,109,26340.7,0,18,59,0,0,71640,1.0,1909.9180610696367,33.36165463522455,-0.8999999999998636,0.0,0.0,10199,2.8330555555555557,1866.6301843315869,109.0,4.184458529463116,1.3514029739075606
8244302549,8,-21.81141853,-46.65000153,1297.1,29,798,1935,-4,-31,-2,23,10,26,19,54,2,26.0,329,31,109,26340.8,0,18,59,0,0,71642,2.0,2093.2916662519824,31.32091952673165,-0.8000000000001819,0.09999999999854481,-8.000000000118234,10199,5.666111111111111,2045.0052680617555,109.0,4.123463998643963,-1.5426471124671481
8244403549,8,-21.81122589,-46.65000153,1297.2,-211,774,1457,16,11,2,23,10,26,19,54,3,26.0,330,31,109,26340.8,0,18,59,0,0,71643,1.0,1663.2636591953785,19.519221295943137,0.10000000000013642,0.0,0.0,10230,2.841666666666667,2007.0825554903845,109.0,3.6475427629056667,0.8058760962389999
8244505549,8,-21.81084442,-46.65000153,1296.3,6,742,1102,-55,-15,0,23,10,26,19,54,5,26.0,330,32,111,26340.9,0,18,59,0,0,71645,2.0,1328.5345309776483,57.0087712549569,-0.900000000000091,0.10000000000218279,-8.999999999804459,10560,5.866666666666666,1884.195895089657,109.4,3.658543735942577,-2.2081229307240893
8244607549,8,-21.81045532,-46.65000153,1294.7,-108,659,1974,-14,-30,-13,23,10,26,19,54,7,26.0,330,33,111,26340.9,0,18,59,0,0,71647,2.0,2083.8956307838453,35.566838487557476,-1.599999999999909,0.0,0.0,10890,6.05,1815.7807096556983,109.8,4.924485551362147,-1.125514448637853
8244708549,8,-21.81025696,-46.65000153,1294.3,41,1069,1770,8,43,-7,23,10,26,19,54,8,26.0,329,33,112,26341.0,0,18,59,0,0,71648,1.0,2068.173590393224,44.294469180700204,-0.40000000000009095,0.09999999999854481,-4.000000000059117,10857,3.015833333333333,1847.4318155204157,110.4,4.8888034596199414,1.8729701262866083
8245216549,8,-21.80864143,-46.65000153,1289.4,-458,804,1560,9,44,77,23,10,26,19,54,16,26.0,324,91,107,26341.2,0,28,59,0,0,71656,2.0,1813.7750687447437,89.1403387922662,-3.199999999999818,0.0,0.0,29484,16.38,2034.6714206585646,109.4,11.255248075487886,-5.124751924512113
8245318549,8,-21.80818748,-46.65000153,1290.0,-264,1000,1527,38,48,8,23,10,26,19,54,18,26.0,324,87,108,26341.3,0,30,59,0,0,71658,2.0,1844.2952583575116,61.741396161732524,0.599999999999909,0.09999999999854481,6.000000000086402,28188,15.66,1918.9520988960062,108.6,11.931137088738241,-3.728862911261759
8245419549,8,-21.80794525,-46.65000153,1289.8,-247,580,1683,20,-69,23,23,10,26,19,54,19,26.0,323,102,109,26341.3,0,30,58,0,0,71659,1.0,1797.1916981780214,75.43208866258443,-0.20000000000004547,0.0,0.0,32946,9.151666666666667,1870.1357141253889,108.2,13.171288704778505,4.019622038111837
8245521549,8,-21.80746269,-46.65000153,1290.5,147,879,1879,1,8,25,23,10,26,19,54,21,26.0,322,95,110,26341.4,0,30,58,0,0,71661,2.0,2079.6372279799184,26.267851073127396,0.7000000000000455,0.10000000000218279,6.99999999984766,30590,16.994444444444444,1905.3055465341902,108.2,11.908849849941687,-5.085594594502757
8245622549,8,-21.80720901,-46.65000153,1290.7,108,827,1616,-5,14,21,23,10,26,19,54,22,26.0,330,27,109,26341.4,0,16,58,0,0,71662,1.0,1818.5293508766913,25.729360660537214,0.20000000000004547,0.0,0.0,8910,2.475,1870.6857208273773,108.6,3.0353388239175483,0.5603388239175482
8245724549,8,-21.80672646,-46.65000153,1290.2,75,990,1083,-12,38,-24,23,10,26,19,54,24,26.0,331,27,107,26341.5,0,16,58,0,0,71664,2.0,1469.2222432293897,46.51881339845203,-0.5,0.09999999999854481,-5.00000000007276,8937,4.965,1801.7751557243064,108.6,3.7001679042881492,-1.2648320957118506
8245927549,8,-21.80599213,-46.65000153,1292.4,163,636,1774,-8,-29,-19,23,10,26,19,54,27,26.0,332,12,102,26341.6,0,12,58,0,0,71667,1.0,1891.5974730370094,35.58089374931439,-1.5,0.09999999999854481,-15.000000000218279,3984,1.1066666666666667,1911.6619782627706,106.6,1.7209529796328984,0.6142863129662317
8247045549,8,-21.80318069,-46.65000153,1287.0,-196,926,1719,29,-19,-1,23,10,26,19,54,45,26.0,334,4,52,26341.9,0,10,59,0,0,71685,2.0,1962.3590395236035,34.68429039204925,-1.0,0.0,0.0,1336,0.7422222222222222,1950.5285615838734,57.0,0.8569764478778054,0.11475422565558313
8247146549,8,-21.80307388,-46.65000153,1287.0,-384,687,1860,-31,-1,7,23,10,26,19,54,46,26.0,334,16,50,26341.9,0,14,59,0,0,71686,1.0,2019.6596247882958,31.796226191169293,0.0,0.0,0.0,5344,1.4844444444444445,1948.6962200024493,54.0,2.4740698559875702,0.9896254115431258
8247248549,8,-21.80288887,-46.65000153,1286.1,-36,858,1975,-22,37,-14,23,10,26,19,54,48,26.0,331,34,51,26342.0,0,18,59,0,0,71688,2.0,2153.621368764714,45.2658811910251,-0.900000000000091,0.09999999999854481,-9.000000000131877,11254,6.252222222222223,2021.8552829196622,52.0,4.011416419851308,-2.2408058023709145
8247349549,8,-21.80279541,-46.65000153,1286.9,-3,1050,2035,22,19,1,23,10,26,19,54,49,26.0,330,46,51,26342.0,0,22,59,0,0,71689,1.0,2289.920085941865,29.086079144497972,0.8000000000001819,0.0,0.0,15180,4.216666666666667,2146.2464944302146,51.4,7.50329803731177,3.286631370645103
8247451549,8,-21.80257797,-46.65000153,1286.7,-81,1041,2012,-17,-6,2,23,10,26,19,54,51,26.0,329,53,51,26342.0,0,24,58,0,0,71691,2.0,2266.800829362827,18.138357147217054,-0.20000000000004547,0.0,0.0,17437,9.687222222222223,2138.472189676261,51.0,8.204040337309015,-1.4831818849132077
8247553549,8,-21.80235481,-46.65000153,1286.3,146,939,1972,11,17,13,23,10,26,19,54,53,26.0,329,54,52,26342.0,0,24,58,0,0,71693,2.0,2189.0228413609575,24.06241883103193,-0.40000000000009095,0.0,0.0,17766,9.87,2183.804950043732,51.0,9.32904657123003,-0.5409534287699689
8247654549,8,-21.80224037,-46.65000153,1284.7,6,855,1821,-1,-3,-1,23,10,26,19,54,54,26.0,329,50,52,26342.1,0,22,58,0,0,71694,1.0,2011.741037012468,3.3166247903554,-1.599999999999909,0.09999999999854481,-16.00000000023192,16450,4.569444444444445,2182.2212324885663,51.4,7.562574976481169,2.9931305320367247
8247756549,8,-21.80202866,-46.65000153,1284.1,-299,965,1809,24,-41,27,23,10,26,19,54,56,26.0,329,50,53,26342.1,0,22,58,0,0,71696,2.0,2071.9814188356036,54.644304369257,-0.6000000000001364,0.0,0.0,16450,9.13888888888889,2165.893242502744,51.8,7.385456926028925,-1.7534319628599642
8247857549,8,-21.80192184,-46.65000153,1284.0,35,915,1896,5,6,5,23,10,26,19,54,57,26.0,329,50,52,26342.1,0,22,58,0,0,71697,1.0,2105.5322367515537,9.273618495495704,-0.09999999999990905,0.0,0.0,16450,4.569444444444445,2129.015672664682,52.0,6.411943942668677,1.8424994982242326
8247959549,8,-21.80168152,-46.65000153,1285.3,-119,1021,2024,8,-1,2,23,10,26,19,54,59,26.0,332,23,51,26342.1,0,16,58,0,0,71699,2.0,2270.0612326543087,8.306623862918075,1.2999999999999545,0.0,0.0,7636,4.242222222222222,2129.6677533229786,52.0,3.28478740811199,-0.9574348141102318
8248000559,8,-21.80157852,-46.63333511,1282.1,23,1045,1823,3,-42,9,23,10,26,19,55,0,26.0,332,24,49,26342.1,0,16,58,0,0,71700,1.0,2101.4002474540634,43.05810028322197,-3.2000000000000455,0.0,0.0,7968,2.2133333333333334,2112.143234541599,51.4,3.2311678262857737,1.0178344929524403
8248102559,8,-21.80136681,-46.63333511,1286.1,-61,1104,2004,14,13,6,23,10,26,19,55,2,26.0,330,40,48,26342.2,0,20,58,0,0,71702,2.0,2288.78854418664,20.024984394500787,4.0,0.10000000000218279,39.999999999126885,13200,7.333333333333333,2167.5527359764337,50.6,8.764988204390393,1.4316548710570602
8248204559,8,-21.80116844,-46.63333511,1288.0,252,940,2097,-24,19,-11,23,10,26,19,55,4,26.0,330,45,48,26342.2,0,22,58,0,0,71704,2.0,2311.820278481872,32.526911934581186,1.900000000000091,0.0,0.0,14850,8.25,2215.5205079056877,49.6,7.929889816794806,-0.3201101832051938
8248305559,8,-21.80106544,-46.63333511,1289.7,122,961,1802,-10,0,-1,23,10,26,19,55,5,26.0,329,49,49,26342.2,0,22,58,0,0,71705,1.0,2045.8760959549822,10.04987562112089,1.7000000000000455,0.0,0.0,16121,4.478055555555556,2203.5892797463734,49.0,8.414555450743439,3.9364998951878833
8248407559,8,-21.80085182,-46.63333511,1291.5,-188,961,1890,-23,-19,9,23,10,26,19,55,7,26.0,329,47,49,26342.2,0,22,58,0,0,71707,2.0,2128.6063515831197,31.160872901765767,1.7999999999999545,0.0,0.0,15463,8.590555555555556,2175.2983035321354,48.6,7.40979222807066,-1.1807633274848959
8248508559,8,-21.80074692,-46.63333511,1292.3,72,780,2030,0,-11,-1,23,10,26,19,55,8,26.0,329,45,49,26342.3,0,22,58,0,0,71708,1.0,2175.8869455925324,11.045361017187261,0.7999999999999545,0.09999999999854481,8.00000000011596,14805,4.1125,2190.195643159829,48.6,6.6687882188334875,2.5562882188334877
8248712559,8,-21.80035973,-46.63333511,1294.1,30,834,1869,-10,-32,13,23,10,26,19,55,12,26.0,331,31,45,26342.3,0,20,58,0,0,71712,2.0,2046.8553930358637,35.958309192730404,-0.20000000000004547,0.0,0.0,10261,5.700555555555556,2105.216539187755,47.8,4.66122723116193,-1.039328324393626
8248813559,8,-21.80026436,-46.63333511,1295.2,-207,962,1966,10,25,-2,23,10,26,19,55,13,26.0,330,38,46,26342.3,0,20,58,0,0,71713,1.0,2198.5106322235515,27.0,1.1000000000001364,0.0,0.0,12540,3.4833333333333334,2135.743446441469,47.2,5.22019803393336,1.7368647006000266
8248915559,8,-21.8000679,-46.63333511,1297.5,-182,1009,2211,-1,-10,15,23,10,26,19,55,15,25.5,331,33,47,26342.3,0,20,58,0,0,71715,2.0,2437.155308961659,18.05547008526779,2.2999999999999545,0.0,0.0,10923,6.068333333333333,2197.4532379171774,46.8,5.851421903877935,-0.21691142945539799
8249016559,8,-21.79997444,-46.63333511,1296.0,4,910,1783,0,4,9,23,10,26,19,55,16,25.5,331,34,48,26342.4,0,20,58,0,0,71716,1.0,2001.8004396043077,9.848857801796104,-1.5,0.10000000000218279,-14.999999999672582,11254,3.1261111111111113,2162.6359367195323,46.6,5.343253112026262,2.2171420009151506
8249118559,8,-21.79976845,-46.63333511,1295.8,-54,892,1946,2,15,-13,23,10,26,19,55,18,25.5,331,33,50,26342.4,0,20,58,0,0,71718,2.0,2141.3771269909466,19.949937343260004,-0.20000000000004547,0.0,0.0,10923,6.068333333333333,2165.1397801632656,47.2,4.53702994027007,-1.5313033930632631
8249219559,8,-21.79966927,-46.63333511,1295.8,172,848,1959,2,1,-9,23,10,26,19,55,19,25.5,330,41,52,26342.4,0,20,58,0,0,71719,1.0,2141.5809580774667,9.273618495495704,0.0,0.0,0.0,13530,3.7583333333333333,2184.084893171587,48.6,4.9638811810872525,1.2055478477539192
8249321559,8,-21.79945564,-46.63333511,1296.1,-145,832,1630,-29,22,-6,23,10,26,19,55,21,25.5,330,41,55,26342.4,0,20,58,0,0,71721,2.0,1835.7965573559616,36.89173349139343,0.2999999999999545,0.0,0.0,13530,7.516666666666667,2111.542078198069,50.4,4.98787476362823,-2.528791903038437
8249423559,8,-21.79922104,-46.63333511,1298.5,-6,884,2339,-50,-32,-13,23,10,26,19,55,23,25.5,330,31,58,26342.5,0,18,58,0,0,71723,2.0,2500.4825534284378,60.77005841695399,2.400000000000091,0.09999999999854481,24.000000000350155,10230,5.683333333333334,2124.207527091424,52.6,6.051766117203579,0.3684327838702455
8249524559,8,-21.79909897,-46.63333511,1298.0,-33,811,1767,-31,-31,-24,23,10,26,19,55,24,25.5,333,14,60,26342.5,0,14,58,0,0,71724,1.0,1944.5048212848433,49.9799959983992,-0.5,0.0,0.0,4662,1.295,2112.7484034275317,55.0,2.325466003127813,1.0304660031278132
8249626559,8,-21.79886055,-46.63333511,1297.1,229,707,1857,-37,32,-40,23,10,26,19,55,26,25.5,333,14,61,26342.5,0,14,58,0,0,71726,2.0,2000.1847414676474,63.190189111918315,-0.900000000000091,0.0,0.0,4662,2.59,2084.5099263228713,57.2,2.4116843840686366,-0.17831561593136325
8249727559,8,-21.79873657,-46.63333511,1296.5,-147,909,1538,-34,-56,-30,23,10,26,19,55,27,25.5,333,14,62,26342.5,0,14,58,0,0,71727,1.0,1792.5774739184915,72.05553413860729,-0.599999999999909,0.0,0.0,4662,1.295,2014.7092294910763,59.2,2.863081381149469,1.5680813811494692
8249829559,8,-21.79849625,-46.63333511,1288.4,-92,852,2397,12,-4,-41,23,10,26,19,55,29,25.5,332,17,63,26342.6,0,16,58,0,0,71729,2.0,2545.579894640905,42.906875905849866,-8.099999999999909,0.09999999999854481,-81.0000000011778,5644,3.1355555555555554,2156.665896948065,60.8,3.0485571765516966,-0.08699837900385887
8249931559,8,-21.7982769,-46.63333511,1291.0,-144,965,2203,-9,-29,-27,23,10,26,19,55,31,25.5,332,17,63,26342.6,0,16,58,0,0,71731,2.0,2409.3920394987613,40.63249930782009,2.599999999999909,0.0,0.0,5644,3.1355555555555554,2138.44779416213,61.8,3.8320181679437346,0.6964626123881792
8250032559,8,-21.798172,-46.63333511,1291.8,-299,644,1733,36,23,-26,23,10,26,19,55,32,25.5,331,28,63,26342.6,0,20,58,0,0,71732,1.0,1872.8123237527032,50.00999900019995,0.7999999999999545,0.0,0.0,9268,2.5744444444444445,2124.1092946557014,62.4,5.60183793015247,3.027393485708026
8250134559,8,-21.79797745,-46.63333511,1291.4,288,928,2136,33,-9,-8,23,10,26,19,55,34,25.5,329,50,64,26342.6,0,22,57,0,0,71734,2.0,2346.6196964996266,35.12833614050059,-0.3999999999998636,0.0,0.0,16450,9.13888888888889,2193.3962856620974,63.0,7.740171979078849,-1.39871690981004
8250235559,8,-21.79787827,-46.63333511,1291.4,-74,1200,1874,-19,-6,-27,23,10,26,19,55,35,25.5,328,58,64,26342.7,0,24,57,0,0,71735,1.0,2226.511172215401,33.555923471125034,0.0,0.10000000000218279,0.0,19024,5.2844444444444445,2280.1830253214794,63.4,8.88448537630068,3.6000409318562347
8250337559,8,-21.79770279,-46.63333511,1293.5,110,913,1977,27,-14,-27,23,10,26,19,55,37,25.5,328,58,64,26342.7,0,24,57,0,0,71737,2.0,2180.4123463235114,40.66939881532551,2.099999999999909,0.0,0.0,19024,10.568888888888889,2207.149515658001,63.6,9.553042305860814,-1.0158465830280754
8250438559,8,-21.79761505,-46.63333511,1294.7,-14,1100,1933,16,-14,-11,23,10,26,19,55,38,25.5,328,59,65,26342.7,0,24,57,0,0,71738,1.0,2224.114430509366,23.93741840717165,1.2000000000000455,0.0,0.0,19352,5.375555555555556,2170.0939938601214,64.0,8.682742949432088,3.307187393876532
8250540559,8,-21.79745293,-46.63333511,1297.0,3,910,1879,34,5,2,23,10,26,19,55,40,25.5,327,65,65,26342.8,0,26,57,0,0,71740,2.0,2087.7619596112963,34.42382895611701,2.2999999999999545,0.09999999999854481,23.00000000033424,21255,11.808333333333334,2213.08392103184,64.4,15.224891322130002,3.4165579887966686
8250642559,8,-21.79729271,-46.63333511,1297.8,-74,1099,2213,16,22,6,23,10,26,19,55,42,25.5,326,68,66,26342.8,0,26,57,0,0,71742,2.0,2471.972087221051,27.85677655436824,0.7999999999999545,0.0,0.0,22168,12.315555555555555,2238.154399176125,64.8,10.45247189207709,-1.8630836634784647
8250743559,8,-21.79719925,-46.63333511,1296.7,-130,1057,2146,-50,-5,3,23,10,26,19,55,43,25.5,327,64,67,26342.8,0,26,57,0,0,71743,1.0,2395.718055197648,50.33885179461288,-1.099999999999909,0.0,0.0,20928,5.8133333333333335,2271.9957757725742,65.4,9.737230690715869,3.9238973573825353
8250845559,8,-21.79702187,-46.63333511,1297.7,329,1047,2262,-22,-23,22,23,10,26,19,55,45,25.5,327,58,68,26342.8,0,24,57,0,0,71745,2.0,2514.1785934972877,38.691084244306204,1.0,0.0,0.0,18966,10.536666666666667,2338.74902520733,66.2,6.484115185963488,-4.052551480703179
8250946559,8,-21.79693985,-46.63333511,1299.8,47,874,1531,-6,-17,17,23,10,26,19,55,46,25.5,327,60,69,26342.9,0,24,57,0,0,71746,1.0,1763.5322509100874,24.779023386727733,2.099999999999909,0.10000000000218279,20.999999999540705,19620,5.45,2246.6325892874743,67.0,9.591277726404952,4.141277726404952
8251048559,8,-21.79676437,-46.63333511,1299.7,-84,634,1698,-2,-3,23,23,10,26,19,55,48,25.5,327,59,72,26342.9,0,24,57,0,0,71748,2.0,1814.4464720679969,23.280893453645632,-0.09999999999990905,0.0,0.0,19293,10.718333333333334,2191.9694917788142,68.4,8.78457945335239,-1.9337538799809444
8251150559,8,-21.79655266,-46.63333511,1300.4,-112,743,1671,16,-30,19,23,10,26,19,55,50,25.5,329,43,74,26342.9,0,16,57,0,0,71750,2.0,1832.1664771521173,38.948684188300895,0.7000000000000455,0.0,0.0,14147,7.859444444444445,2064.0083697650275,70.0,3.369716624626536,-4.489727819817908
8251353559,8,-21.79619598,-46.63333511,1300.5,28,1127,1655,13,-18,29,23,10,26,19,55,53,25.5,334,2,74,26343.0,0,8,57,0,0,71753,2.0,2002.4829587289876,36.52396473549935,-0.40000000000009095,0.0,0.0,668,0.3711111111111111,1825.9129932166063,72.6,0.6253714191004786,0.25426030798936744
8251454559,8,-21.79606628,-46.63333511,1299.4,-214,850,1611,-9,-53,25,23,10,26,19,55,54,25.5,334,2,74,26343.0,0,6,57,0,0,71754,1.0,1834.0166302408493,59.28743543112655,-1.099999999999909,0.0,0.0,668,0.18555555555555556,1840.0098690827585,73.6,1.0690859431306683,0.8835303875751127
8253731569,8,-21.79143333,-46.63333511,1284.7,110,981,2312,-7,-32,-97,23,10,26,19,56,31,25.5,335,11,49,26343.7,0,12,57,0,0,71791,2.0,2513.922234278539,102.38163897887159,-0.599999999999909,0.10000000000218279,-5.999999999868123,3685,2.047222222222222,2158.4493288717604,49.2,1.3940530437407874,-0.6531691784814346
8253832569,8,-21.79133987,-46.63333511,1284.5,347,781,1933,34,-68,-98,23,10,26,19,56,32,25.5,332,41,50,26343.7,0,20,57,0,0,71792,1.0,2113.494499637981,124.03225386970922,-0.20000000000004547,0.0,0.0,13612,3.781111111111111,2155.843585043848,49.2,4.680128286581006,0.8990171754698948
8253934569,8,-21.79118919,-46.63333511,1284.4,249,826,1741,14,-56,-97,23,10,26,19,56,34,25.5,329,65,53,26343.7,0,26,57,0,0,71794,2.0,1943.0280492056722,112.87603820120549,-0.09999999999990905,0.0,0.0,21385,11.880555555555556,2199.9921148300064,49.8,8.914027494249261,-2.9665280613062954
8254036569,8,-21.79106712,-46.63333511,1283.8,313,1028,2103,21,-67,-66,23,10,26,19,56,36,25.5,328,69,57,26343.7,0,26,57,0,0,71796,2.0,2361.6439189683106,96.36389365317281,-0.6000000000001364,0.0,0.0,22632,12.573333333333334,2219.653426852171,51.4,9.702715594493196,-2.8706177388401386
8254137569,8,-21.79103088,-46.63333511,1283.6,180,841,1895,-1,1,-1,23,10,26,19,56,37,25.5,327,71,59,26343.8,0,26,57,0,0,71797,1.0,2081.0348387280787,1.7320508075688772,-0.20000000000004547,0.09999999999854481,-2.0000000000295586,23217,6.449166666666667,2202.6247081637166,53.6,7.600257841512083,1.1510911748454165
8254239569,8,-21.79092407,-46.63333511,1284.4,156,984,1616,-2,-14,29,23,10,26,19,56,39,25.5,334,14,60,26343.8,0,14,57,0,0,71799,2.0,1898.4330380606002,32.264531609803356,0.8000000000001819,0.0,0.0,4676,2.597777777777778,2079.5268689201284,55.8,2.6993941088415228,0.10161633106374479
8254340569,8,-21.79086494,-46.63333511,1285.2,-252,896,1975,-28,-4,58,23,10,26,19,56,40,25.5,334,16,58,26343.8,0,14,57,0,0,71800,1.0,2183.333460559793,64.52906321960671,0.7999999999999545,0.0,0.0,5344,1.4844444444444445,2093.494661104491,57.4,2.8016398721887383,1.3171954277442939
8254442569,8,-21.79073524,-46.63333511,1285.1,81,878,1801,-18,41,101,23,10,26,19,56,42,25.5,333,25,57,26343.8,0,18,57,0,0,71802,2.0,2005.254597301799,110.48076755707302,-0.10000000000013642,0.0,0.0,8325,4.625,2105.939970723716,58.2,3.8512318782646546,-0.7737681217353454
8254543569,8,-21.7906456,-46.63333511,1286.5,-705,1114,2507,-5,48,117,23,10,26,19,56,43,25.5,333,25,56,26343.9,0,16,57,0,0,71803,1.0,2832.502427183426,126.56223765404908,1.400000000000091,0.10000000000218279,13.99999999969532,8325,2.3125,2200.111672366739,58.0,3.675648368185173,1.3631483681851728
8254645569,8,-21.79045677,-46.63333511,1286.1,-173,742,2389,-21,98,115,23,10,26,19,56,45,25.5,334,11,56,26343.9,0,14,57,0,0,71805,2.0,2507.5513952858473,152.54507530562893,-0.40000000000009095,0.0,0.0,3674,2.0411111111111113,2285.414983678293,57.4,2.001425697522377,-0.03968541358873434
8254747569,8,-21.79019547,-46.63333511,1284.7,-129,876,2304,-5,59,116,23,10,26,19,56,47,25.5,334,11,56,26343.9,0,14,57,0,0,71807,2.0,2468.2854373025825,130.238243231395,-1.3999999999998636,0.0,0.0,3674,2.0411111111111113,2399.38546352669,56.6,1.9975392733735724,-0.04357183773753892
8255906579,8,-21.78782845,-46.63333511,1271.4,-158,823,2107,-32,-75,-59,23,10,26,19,57,6,25.5,336,5,43,26344.2,0,10,57,0,0,71826,2.0,2267.5409588362454,100.64790112068906,-1.2999999999999545,0.0,0.0,1680,0.9333333333333333,2262.6261235393235,45.4,0.9918574601941865,0.058524126860853176
8256007579,8,-21.78771973,-46.63333511,1271.7,31,847,1684,-1,8,-23,23,10,26,19,57,7,25.5,334,25,44,26344.2,0,18,57,0,0,71827,1.0,1885.2654985439053,24.372115213907882,0.2999999999999545,0.0,0.0,8350,2.3194444444444446,2196.5170858762394,44.0,4.155841500214685,1.8363970557702407
8256109579,8,-21.78751755,-46.63333511,1269.6,-169,1000,2023,8,-5,16,23,10,26,19,57,9,25.5,333,26,45,26344.2,0,18,57,0,0,71829,2.0,2262.9825452265422,18.57417562100671,-2.1000000000001364,0.0,0.0,8658,4.81,2167.8810939409927,43.8,4.306076785514702,-0.5039232144852974
8256210579,8,-21.78740311,-46.63333511,1270.1,30,854,1949,-28,-5,7,23,10,26,19,57,10,25.5,334,23,46,26344.2,0,18,57,0,0,71830,1.0,2128.1017362898797,29.29163703175362,0.5,0.0,0.0,7682,2.133888888888889,2138.787729067918,44.2,3.91159863716039,1.777709748271501
8256312579,8,-21.7871666,-46.63333511,1270.3,154,626,1956,-7,-35,12,23,10,26,19,57,12,25.5,333,27,48,26344.3,0,18,57,0,0,71832,2.0,2059.4970259750316,37.656340767525464,0.20000000000004547,0.09999999999854481,2.0000000000295586,8991,4.995,2120.677552974321,45.2,3.7070099969204113,-1.2879900030795888
8256414579,8,-21.78691292,-46.63333511,1270.9,-42,836,1714,-24,14,-2,23,10,26,19,57,14,25.5,333,32,49,26344.3,0,18,57,0,0,71834,2.0,1907.473721968405,27.85677655436824,0.6000000000001364,0.0,0.0,10656,5.92,2048.664105600753,46.4,4.348965508886175,-1.5710344911138252
8256515579,8,-21.78678894,-46.63333511,1271.0,-78,883,1916,-1,-15,28,23,10,26,19,57,15,25.5,334,16,51,26344.3,0,14,57,0,0,71835,1.0,2111.120318693371,31.78049716414141,0.09999999999990905,0.0,0.0,5344,1.4844444444444445,2093.8350696306456,47.8,2.2983476595900196,0.8139032151455752
8257226579,8,-21.78551102,-46.63333511,1269.7,-140,865,2170,-42,6,-23,23,10,26,19,57,26,25.5,336,5,40,26344.5,0,12,57,0,0,71846,1.0,2340.240372269481,48.25971404805462,1.0,0.09999999999854481,10.00000000014552,1680,0.4666666666666667,2187.1954220115176,43.2,1.9271671659031486,1.460500499236482
8257328579,8,-21.78530312,-46.63333511,1268.8,-222,903,2147,-18,-42,-19,23,10,26,19,57,28,25.5,335,10,40,26344.5,0,10,57,0,0,71848,2.0,2339.722633134107,49.48737212663449,-0.900000000000091,0.0,0.0,3350,1.8611111111111112,2225.347207889964,41.8,0.8862424318381513,-0.9748686792729598
8257429579,8,-21.78519058,-46.63333511,1268.4,-98,776,1414,-17,-34,-14,23,10,26,19,57,29,25.5,334,20,41,26344.5,0,16,57,0,0,71849,1.0,1615.9133640142963,40.50925820105819,-0.3999999999998636,0.0,0.0,6680,1.8555555555555556,2096.8565031289027,41.0,3.0560968304799396,1.200541274924384
8257531579,8,-21.78498459,-46.63333511,1266.6,-77,926,1587,-24,2,-14,23,10,26,19,57,31,25.5,334,21,43,26344.5,0,16,57,0,0,71851,2.0,1839.0144099489814,27.85677655436824,-1.800000000000182,0.0,0.0,7014,3.8966666666666665,1998.0941485225717,41.0,3.364972254592595,-0.5316944120740716
8257633579,8,-21.78478813,-46.63333511,1266.3,41,948,2350,0,18,-26,23,10,26,19,57,33,25.5,336,3,44,26344.6,0,8,57,0,0,71853,2.0,2534.3411372583605,31.622776601683793,-0.2999999999999545,0.09999999999854481,-3.000000000043201,1008,0.56,2133.8463833250453,41.6,0.6942472134598708,0.13424721345987078
8257737579,8,-21.7843399,-46.63333511,1267.0,-52,975,1646,-21,2,-5,23,10,26,19,57,37,25.5,334,26,44,26344.6,0,20,57,0,0,71857,4.0,1913.8038039464757,21.6794833886788,0.7000000000000455,0.0,0.0,8684,9.648888888888889,2048.5590696604445,42.4,5.645257696152314,-4.003631192736575
8257838579,8,-21.78422928,-46.63333511,1267.1,68,922,1915,29,25,29,23,10,26,19,57,38,25.5,330,57,47,26344.6,0,24,57,0,0,71858,1.0,2126.483717313631,48.03123983409131,0.09999999999990905,0.0,0.0,18810,5.225,2005.9112864963492,43.8,7.419285354650107,2.1942853546501073
8258041579,8,-21.78386116,-46.63333511,1266.5,412,800,1699,26,29,-46,23,10,26,19,57,41,25.5,334,19,48,26344.6,0,16,57,0,0,71861,1.0,1922.588099411832,60.27437266367855,-0.20000000000004547,0.0,0.0,6346,1.7627777777777778,2174.3924857046513,46.4,2.5487652456682603,0.7859874678904826
8258143579,8,-21.78364563,-46.63333511,1267.9,142,1060,1543,-56,18,-33,23,10,26,19,57,43,25.5,334,13,48,26344.7,0,14,57,0,0,71863,2.0,1877.3952700483721,67.446274915669,1.400000000000091,0.10000000000218279,13.99999999969532,4342,2.4122222222222223,2043.0033122626537,47.2,3.2563148108749838,0.8440925886527615
8258245579,8,-21.78342247,-46.63333511,1266.4,154,873,2395,-17,-39,-10,23,10,26,19,57,45,25.5,334,16,48,26344.7,0,14,57,0,0,71865,2.0,2553.795214969282,43.70354676682432,-1.5,0.0,0.0,5344,2.968888888888889,2171.001594467215,48.0,2.561105052517827,-0.40778383637106197
8258346579,8,-21.78331947,-46.63333511,1267.4,116,966,1606,-3,-49,-5,23,10,26,19,57,46,25.5,333,29,49,26344.7,0,18,57,0,0,71866,1.0,1877.7241543954212,49.34571916590131,1.0,0.0,0.0,9657,2.6825,2121.2496818835734,48.4,5.255579366256885,2.573079366256885
8258448579,8,-21.7830925,-46.63333511,1268.4,-37,1046,1842,-27,-34,5,23,10,26,19,57,48,25.5,333,29,51,26344.7,0,18,57,0,0,71868,2.0,2118.595997352964,43.70354676682432,1.0,0.0,0.0,9657,5.365,2070.0197472355744,48.8,4.575740843558786,-0.7892591564412141
8258549579,8,-21.78297615,-46.63333511,1265.5,-48,915,1896,-7,-50,10,23,10,26,19,57,49,25.5,329,60,54,26344.8,0,24,57,0,0,71869,1.0,2105.788450913339,51.468436929831086,-2.900000000000091,0.09999999999854481,-29.000000000422915,19740,5.483333333333333,2106.659817535876,50.0,7.824499033485156,2.341165700151823
8258651579,8,-21.78273964,-46.63333511,1263.3,66,960,1430,9,4,-10,23,10,26,19,57,51,25.5,331,39,57,26344.8,0,20,57,0,0,71871,2.0,1723.6171268585144,14.035668847618199,-2.2000000000000455,0.0,0.0,12909,7.171666666666667,2075.904188897904,51.8,6.246579055433278,-0.9250876112333888
8258753579,8,-21.78247833,-46.63333511,1262.4,600,842,1802,-40,-30,-36,23,10,26,19,57,53,25.5,332,16,59,26344.8,0,14,57,0,0,71873,2.0,2077.5389286364766,61.61168720299745,-0.8999999999998636,0.0,0.0,5312,2.951111111111111,1980.652931631343,54.0,1.856066370931912,-1.095044740179199
8258854579,8,-21.78233337,-46.63333511,1262.3,-380,810,1773,-23,-82,7,23,10,26,19,57,54,25.5,334,14,59,26344.8,0,14,57,0,0,71874,1.0,1985.957955244773,85.45174076635303,-0.10000000000013642,0.0,0.0,4676,1.298888888888889,2002.2996918012134,56.0,2.5148288381807795,1.2159399492918905
8258956579,8,-21.78208733,-46.63333511,1264.7,-28,854,1970,-8,-52,-7,23,10,26,19,57,56,25.5,336,2,57,26344.9,0,10,56,0,0,71876,2.0,2147.323915947475,53.075418038862395,2.400000000000091,0.10000000000218279,23.99999999947704,672,0.37333333333333335,2008.0452755201156,57.2,2.498638727863448,2.1253053945301144
8259057579,8,-21.78197861,-46.63333511,1263.6,10,901,2029,-1,-25,-59,23,10,26,19,57,57,25.5,334,20,56,26344.9,0,16,56,0,0,71877,1.0,2220.0770256907754,64.08587988004847,-1.1000000000001364,0.0,0.0,6680,1.8555555555555556,2030.902990475603,57.6,2.8825370795038934,1.0269815239483377
8259159579,8,-21.78175735,-46.63333511,1264.4,-68,986,1925,-3,-33,-40,23,10,26,19,57,59,25.5,332,30,57,26344.9,0,18,56,0,0,71879,2.0,2163.8957923153325,51.94227565288221,0.8000000000001819,0.0,0.0,9960,5.533333333333333,2118.9587235669665,57.6,4.138321682737868,-1.3950116505954648
8259200589,8,-21.7816658,-46.63333511,1264.7,214,806,1613,-40,-77,-49,23,10,26,19,58,0,25.5,336,2,56,26344.9,0,6,56,0,0,71880,1.0,1815.8196496348419,99.6493853468249,0.2999999999999545,0.0,0.0,672,0.18666666666666668,2066.6148677666397,57.0,0.5821618835497578,0.3954952168830912
8259404589,8,-21.78133202,-46.63333511,1266.4,58,841,1985,33,-21,-67,23,10,26,19,58,4,25.5,336,2,54,26345.0,0,6,56,0,0,71884,2.0,2156.5875822697303,77.58221445666526,1.6000000000001364,0.0,0.0,672,0.37333333333333335,2099.2501213487,55.6,0.31336084618536886,-0.05997248714796449
8259505589,8,-21.78126526,-46.63333511,1267.1,72,811,2146,37,1,-45,23,10,26,19,58,5,25.5,336,2,55,26345.0,0,4,56,0,0,71885,1.0,2295.2605516585695,58.26662852782886,0.6999999999998181,0.0,0.0,672,0.18666666666666668,2114.2868265422585,55.4,0.5594554920573344,0.3727888253906677
8259810589,8,-21.78099442,-46.63333511,1270.4,-247,880,1960,-20,1,2,23,10,26,19,58,10,25.5,336,4,52,26345.1,0,8,56,0,0,71890,2.0,2162.639359671418,20.12461179749811,3.400000000000091,0.0,0.0,1344,0.7466666666666667,2161.631871416668,54.0,0.6385393174403227,-0.10812734922634404
8259912589,8,-21.78089523,-46.63333511,1270.0,-111,962,1982,45,-40,37,23,10,26,19,58,12,25.5,335,6,51,26345.1,0,12,56,0,0,71892,2.0,2205.921349459223,70.66823897621902,-0.40000000000009095,0.0,0.0,2010,1.1166666666666667,2171.4986248545665,53.4,1.6035843958157792,0.48691772914911247
8260013589,8,-21.78084564,-46.63333511,1269.6,-155,896,2179,-29,-27,-8,23,10,26,19,58,13,25.5,334,23,51,26345.1,0,16,56,0,0,71893,1.0,2361.1188026018513,40.422765862815474,-0.40000000000009095,0.0,0.0,7682,2.133888888888889,2184.670275043223,52.6,3.215552421394511,1.081663532505622
8260115589,8,-21.780756,-46.63333511,1269.5,146,894,1721,5,-12,9,23,10,26,19,58,15,25.5,333,28,52,26345.2,0,18,56,0,0,71895,2.0,1944.8375253475547,15.811388300841896,-0.09999999999990905,0.10000000000218279,-0.9999999999772626,9324,5.18,2144.494960063278,52.0,3.897303061368072,-1.2826969386319278
8260216589,8,-21.7807045,-46.63333511,1269.9,-61,991,1790,-20,-25,10,23,10,26,19,58,16,25.5,332,39,53,26345.2,0,22,56,0,0,71896,1.0,2046.92501083943,33.54101966249684,0.40000000000009095,0.0,0.0,12948,3.5966666666666667,2144.2884095838954,51.8,7.124018758373472,3.5273520917068053
8260318589,8,-21.78059959,-46.63333511,1270.3,42,848,2099,-94,18,-11,23,10,26,19,58,18,25.5,330,50,55,26345.2,0,22,56,0,0,71898,2.0,2264.2148749621797,96.33794683301072,0.3999999999998636,0.0,0.0,16500,9.166666666666666,2164.6035126420475,52.4,6.34780743644875,-2.8188592302179165
8260420589,8,-21.78048706,-46.63333511,1270.6,204,932,1760,14,-7,-1,23,10,26,19,58,20,25.0,329,64,58,26345.2,0,26,56,0,0,71900,2.0,2001.9590405400406,15.684387141358123,0.2999999999999545,0.0,0.0,21056,11.697777777777778,2123.8110508582113,53.8,8.422760936322055,-3.2750168414557237
8260521589,8,-21.78042984,-46.63333511,1271.2,-145,1136,2230,-37,-28,9,23,10,26,19,58,21,25.0,329,65,61,26345.3,0,26,56,0,0,71901,1.0,2506.874747569172,47.265209192385896,0.6000000000001364,0.09999999999854481,6.000000000088676,21385,5.940277777777778,2152.9622398516753,55.8,8.857539812194837,2.9172620344170586
8260623589,8,-21.78030968,-46.63333511,1270.9,71,883,1799,-39,53,-26,23,10,26,19,58,23,25.0,328,67,63,26345.3,0,26,56,0,0,71903,2.0,2005.2757915059963,70.75309180523492,-0.2999999999999545,0.0,0.0,21976,12.20888888888889,2165.0498930833637,58.0,7.746225509441573,-4.462663379447316
8260724589,8,-21.78024864,-46.63333511,1271.5,-185,970,1718,-15,12,-8,23,10,26,19,58,24,25.0,328,64,64,26345.3,0,26,56,0,0,71904,1.0,1981.5774019704604,20.808652046684813,0.599999999999909,0.0,0.0,20992,5.831111111111111,2151.98037130957,60.2,9.788770135032598,3.9576590239214866
8260826589,8,-21.78014374,-46.63333511,1270.2,-302,936,1567,-13,-22,-2,23,10,26,19,58,26,25.0,334,12,64,26345.3,0,14,56,0,0,71906,2.0,1850.0781064592923,25.632011235952593,-1.2999999999999545,0.0,0.0,4008,2.2266666666666666,2069.1530176089923,62.0,3.071596339769291,0.8449296731026243
8261029589,8,-21.77997398,-46.63333511,1271.8,-40,923,1924,-24,-1,10,23,10,26,19,58,29,25.0,335,6,55,26345.4,0,10,56,0,0,71909,2.0,2134.316049698357,26.019223662515376,1.2999999999999545,0.0,0.0,2010,1.1166666666666667,2025.454015357409,61.2,0.7128747508245064,-0.40379191584216034
8261131589,8,-21.77986908,-46.61666489,1272.1,79,664,1797,-10,-13,10,23,10,26,19,58,31,25.0,332,31,53,26345.4,0,18,56,0,0,71911,2.0,1917.37998320625,19.209372712298546,0.2999999999999545,0.0,0.0,10292,5.717777777777778,2007.87485369746,59.2,4.036845617097918,-1.68093216067986
8261232589,8,-21.77982712,-46.61666489,1271.3,-167,643,1939,-10,-17,3,23,10,26,19,58,32,25.0,333,19,52,26345.4,0,16,56,0,0,71912,1.0,2049.648506451777,19.949937343260004,-0.7999999999999545,0.0,0.0,6327,1.7575,2021.4890745937232,56.8,3.037852888837305,1.280352888837305
8261334589,8,-21.77972221,-46.61666489,1272.7,22,836,1876,10,-18,10,23,10,26,19,58,34,25.0,332,31,51,26345.5,0,18,56,0,0,71914,2.0,2053.96105123734,22.891046284519195,1.400000000000091,0.09999999999854481,14.000000000204636,10292,5.717777777777778,2062.2656635493327,54.2,5.658903671506362,-0.05887410627141598
8261639589,8,-21.77952003,-46.61666489,1273.8,-123,813,1364,-2,-9,-6,23,10,26,19,58,39,25.0,335,11,47,26345.5,0,12,56,0,0,71919,2.0,1592.6688293553057,11.0,-0.40000000000009095,0.0,0.0,3685,2.047222222222222,2081.294149433008,49.8,1.8052494560133685,-0.24197276620885355
8261842589,8,-21.77940941,-46.61666489,1273.8,59,741,2078,25,-11,-25,23,10,26,19,58,42,25.0,335,8,45,26345.6,0,10,56,0,0,71922,2.0,2206.9540094890967,37.027017163147235,-0.5,0.09999999999854481,-5.00000000007276,2680,1.488888888888889,2144.467005876925,47.2,1.042809411205698,-0.4460794776831909
8261943589,8,-21.77937889,-46.61666489,1273.7,-233,980,1861,-21,-13,-17,23,10,26,19,58,43,25.0,333,24,48,26345.6,0,16,56,0,0,71923,1.0,2116.130903323327,29.9833287011299,-0.09999999999990905,0.0,0.0,7992,2.22,2034.64605916916,46.6,3.102266966848061,0.8822669668480607
8262045589,8,-21.77934647,-46.61666489,1269.4,-22,1098,1947,-21,-13,0,23,10,26,19,58,45,25.0,332,31,52,26345.6,0,18,56,0,0,71925,2.0,2235.374017921833,24.698178070456937,-4.2999999999999545,0.0,0.0,10292,5.717777777777778,2072.7295181018335,47.4,4.028335197354591,-1.6894425804231874
8262146589,8,-21.77931213,-46.61666489,1269.4,40,815,2208,-17,14,-28,23,10,26,19,58,46,25.0,332,37,56,26345.6,0,20,56,0,0,71926,1.0,2353.9517837033113,35.62302626111375,0.0,0.0,0.0,12284,3.4122222222222223,2224.986108971435,49.2,4.457374485649411,1.0451522634271888
8262248589,8,-21.77925682,-46.61666489,1267.9,26,905,1822,-57,25,16,23,10,26,19,58,48,25.0,331,40,60,26345.7,0,20,56,0,0,71928,2.0,2034.5478613195612,64.26507605223851,-1.5,0.10000000000218279,-14.999999999672582,13240,7.355555555555555,2189.391715151426,52.2,6.705104995185298,-0.6504505603702571
8262350589,8,-21.77918053,-46.61666489,1267.3,-133,878,1885,-11,-21,-8,23,10,26,19,58,50,25.0,331,39,64,26345.7,0,20,56,0,0,71930,2.0,2083.6981547239516,25.019992006393608,-0.6000000000001364,0.0,0.0,12909,7.171666666666667,2164.7405441983965,56.0,4.582620645459751,-2.589046021206916
8262451589,8,-21.77914047,-46.61666489,1266.8,-148,1189,1761,-2,22,-19,23,10,26,19,58,51,25.0,333,21,67,26345.7,0,16,56,0,0,71931,1.0,2129.9638494584833,29.13760456866693,-0.5,0.0,0.0,6993,1.9425,2167.507133425428,59.8,3.012381251060973,1.069881251060973
8262553589,8,-21.77908707,-46.61666489,1264.4,-11,853,1989,13,-36,-3,23,10,26,19,58,53,25.0,332,33,68,26345.7,0,20,56,0,0,71933,2.0,2164.220644943579,38.39270764090493,-2.3999999999998636,0.0,0.0,10956,6.086666666666667,2153.2764588297773,63.0,5.920572377848027,-0.1660942888186403
8262654589,8,-21.77904892,-46.61666489,1264.1,-68,747,2070,21,13,14,23,10,26,19,58,54,25.0,332,34,68,26345.8,0,20,56,0,0,71934,1.0,2201.7113798134396,28.39013913315678,-0.3000000000001819,0.09999999999854481,-3.0000000000454747,11288,3.1355555555555554,2122.828378051803,65.4,5.150478014156808,2.0149224586012524
8262756589,8,-21.77896881,-46.61666489,1263.4,-186,903,2040,-29,-29,-1,23,10,26,19,58,56,25.0,332,33,68,26345.8,0,20,56,0,0,71936,2.0,2238.6614304088057,41.02438299353203,-0.6999999999998181,0.0,0.0,10956,6.086666666666667,2163.651091869652,67.0,4.40029523289975,-1.686371433766917
8262858589,8,-21.77889442,-46.61666489,1263.7,-96,866,1143,-2,16,-6,23,10,26,19,58,58,25.0,332,33,68,26345.8,0,20,56,0,0,71938,2.0,1437.2268436123784,17.204650534085253,0.2999999999999545,0.0,0.0,10956,6.086666666666667,2034.3568296473372,67.8,5.154302447238868,-0.9323642194277992
8262959589,8,-21.77886581,-46.61666489,1263.4,-173,908,1635,2,41,-13,23,10,26,19,58,59,25.0,331,39,68,26345.9,0,20,56,0,0,71939,1.0,1878.195410493807,43.05810028322197,-0.2999999999999545,0.10000000000218279,-2.9999999999340616,12909,3.5858333333333334,1984.0031418544017,68.0,5.177773049118553,1.5919397157852195
8263206599,8,-21.7786026,-46.61666489,1261.5,-157,873,1773,-13,-44,11,23,10,26,19,59,6,25.0,335,2,70,26346.0,0,8,56,0,0,71946,1.0,1982.5001891550983,47.18050444834179,0.2999999999999545,0.0,0.0,670,0.18611111111111112,2027.6845293076462,68.8,0.603942360184694,0.41783124907358293
8263308599,8,-21.77852249,-46.61666489,1261.2,-107,580,2038,56,45,-10,23,10,26,19,59,8,25.0,334,22,70,26346.0,0,16,56,0,0,71948,2.0,2121.625084693335,72.53275122315436,-0.2999999999999545,0.0,0.0,7348,4.082222222222223,2004.2772601645524,69.2,2.9573098607080825,-1.12491236151414
8263410599,8,-21.77843857,-46.61666489,1260.6,-47,919,2002,-1,-40,4,23,10,26,19,59,10,25.0,333,23,70,26346.1,0,18,55,0,0,71950,2.0,2203.3551688277585,40.2119385257662,-0.6000000000001364,0.09999999999854481,-6.000000000088676,7659,4.255,2157.5029252076283,69.6,3.689285159291527,-0.5657148407084729
8263511599,8,-21.77838898,-46.61666489,1262.2,17,877,1824,-34,1,5,23,10,26,19,59,11,25.0,331,43,70,26346.1,0,22,55,0,0,71951,1.0,2023.955039026312,34.38022687534217,1.6000000000001364,0.0,0.0,14233,3.953611111111111,2186.6548509141294,70.0,8.513156840706815,4.559545729595704
8263613599,8,-21.77829933,-46.61666489,1261.9,-62,876,1676,-8,-55,40,23,10,26,19,59,13,25.0,330,49,71,26346.1,0,22,55,0,0,71953,2.0,1892.140586742962,68.47627326307996,-0.2999999999999545,0.0,0.0,16170,8.983333333333333,2044.7152136890934,70.2,6.986095227059331,-1.9972381062740014
8263714599,8,-21.77824402,-46.61666489,1262.7,-150,873,1926,-12,14,-19,23,10,26,19,59,14,25.0,330,49,71,26346.2,0,22,55,0,0,71954,1.0,2119.930423386579,26.476404589747453,0.7999999999999545,0.10000000000218279,7.999999999824922,16170,4.491666666666666,2072.2012605353893,70.4,7.327707378089005,2.8360407114223385
8263816599,8,-21.77813911,-46.61666489,1264.3,-115,1083,2043,8,-4,-12,23,10,26,19,59,16,25.0,330,43,72,26346.2,0,20,55,0,0,71956,2.0,2315.1593897613184,14.966629547095765,1.599999999999909,0.0,0.0,14190,7.883333333333334,2110.908121548986,70.8,5.8720495766312,-2.0112837567021336
8263917599,8,-21.77809334,-46.61666489,1264.4,288,803,1854,28,3,-16,23,10,26,19,59,17,25.0,335,2,70,26346.2,0,6,55,0,0,71957,1.0,2040.850067986377,32.38826948140329,0.10000000000013642,0.0,0.0,670,0.18611111111111112,2078.4071013807097,70.8,0.37308526385493984,0.18697415274382873
8264019599,8,-21.77800941,-46.61666489,1264.4,-339,878,1536,-17,19,21,23,10,26,19,59,19,25.0,335,2,70,26346.3,0,6,55,0,0,71959,2.0,1801.4163871798214,33.03028912982749,0.0,0.09999999999854481,0.0,670,0.37222222222222223,2033.8993710114114,70.8,0.5261949003945355,0.1539726781723133
8264222599,8,-21.7778511,-46.61666489,1264.9,137,1032,2402,-39,15,72,23,10,26,19,59,22,25.0,335,2,69,26346.3,0,6,55,0,0,71962,1.0,2617.8993487145376,83.24662155306964,-0.09999999999990905,0.0,0.0,670,0.18611111111111112,2173.760584441522,70.2,0.7813120566993097,0.5952009455881986
8264324599,8,-21.77768898,-46.61666489,1264.4,-275,948,2104,-24,-43,80,23,10,26,19,59,24,25.0,335,8,72,26346.4,0,12,55,0,0,71964,2.0,2324.0363594401874,93.94147114027967,-0.5,0.10000000000218279,-4.999999999890861,2680,1.488888888888889,2175.535978377296,70.2,1.614331187082907,0.12544229819401798
8264425599,8,-21.77759552,-46.61666489,1264.3,-328,945,1742,11,6,61,23,10,26,19,59,25,25.0,335,11,74,26346.4,0,12,55,0,0,71965,1.0,2008.7740042125197,62.27358990776106,-0.10000000000013642,0.0,0.0,3685,1.023611111111111,2169.1207656225242,71.0,1.7773886981012594,0.7537775869901484
8264527599,8,-21.7773571,-46.61666489,1263.6,-425,931,2002,-45,-11,46,23,10,26,19,59,27,25.0,334,12,77,26346.4,0,12,55,0,0,71967,2.0,2248.4194448545404,65.28399497579785,-0.7000000000000455,0.0,0.0,4008,2.2266666666666666,2258.521377157468,72.4,1.6980864112634826,-0.528580255403184
8264629599,8,-21.77708626,-46.61666489,1261.8,160,760,1883,-7,9,-17,23,10,26,19,59,29,25.0,333,25,79,26346.5,0,18,55,0,0,71969,2.0,2036.8821762684263,20.46948949045872,-1.7999999999999545,0.09999999999854481,-18.00000000026148,8325,4.625,2247.202266698042,74.2,4.251712650833658,-0.37328734916634243
8264730599,8,-21.7769413,-46.61666489,1261.2,177,792,1850,31,8,-7,23,10,26,19,59,30,25.0,333,26,81,26346.5,0,18,55,0,0,71970,1.0,2020.1715273708814,32.77193921634788,-0.599999999999909,0.0,0.0,8658,2.405,2127.656702429311,76.6,4.173448842721956,1.768448842721956
8264832599,8,-21.77665901,-46.61666489,1260.2,-299,1209,2584,36,37,-6,23,10,26,19,59,32,25.0,333,26,81,26346.5,0,18,55,0,0,71972,2.0,2868.4731129993183,51.97114584074513,-1.0,0.0,0.0,8658,4.81,2236.5440531411377,78.4,4.560826954441075,-0.2491730455589245
8264933599,8,-21.77651024,-46.61666489,1261.0,70,814,2366,17,-4,-24,23,10,26,19,59,33,25.0,332,32,82,26346.6,0,18,55,0,0,71973,1.0,2503.088492243133,29.68164415931166,0.7999999999999545,0.09999999999854481,8.00000000011596,10624,2.951111111111111,2335.40695074726,80.0,4.8344029483417295,1.8832918372306184
8265035599,8,-21.77624702,-46.61666489,1260.0,-92,743,2135,-44,1,-53,23,10,26,19,59,35,25.0,332,33,82,26346.6,0,18,55,0,0,71975,2.0,2262.4628173740225,68.89121859859934,-1.0,0.0,0.0,10956,6.086666666666667,2338.2156252511563,81.0,3.6440039978027525,-2.4426626688639144
8265137599,8,-21.77598953,-46.61666489,1260.5,81,1003,2121,7,-23,-66,23,10,26,19,59,37,25.0,332,33,83,26346.6,0,18,55,0,0,71977,2.0,2347.596856361841,70.24243731534378,0.5,0.0,0.0,10956,6.086666666666667,2400.3585612698394,81.8,3.8149342891457514,-2.2717323775209155
8265238599,8,-21.77588463,-46.61666489,1261.8,408,793,1999,64,-63,-46,23,10,26,19,59,38,25.0,330,47,83,26346.7,0,22,55,0,0,71978,1.0,2188.90703320173,100.90094152187085,1.2999999999999545,0.10000000000218279,12.999999999715783,15510,4.308333333333334,2434.105662436009,82.2,6.041217121809313,1.7328837884759798
8265340599,8,-21.77568817,-46.61666489,1262.5,157,740,2027,16,-63,-27,23,10,26,19,59,40,25.0,330,47,83,26346.7,0,22,55,0,0,71980,2.0,2163.556793800431,70.3846574190711,0.7000000000000455,0.0,0.0,15510,8.616666666666667,2293.1223985962315,82.6,7.484956802708907,-1.1317098639577603
8265441599,8,-21.77560234,-46.61666489,1262.6,522,793,1684,-27,128,-86,23,10,26,19,59,41,24.5,335,3,81,26346.7,0,8,55,0,0,71981,1.0,1933.1810572214906,156.55350523063993,0.09999999999990905,0.0,0.0,1005,0.2791666666666667,2179.1409115919027,82.4,1.179433703398191,0.9002670367315243
8265644599,8,-21.77541924,-46.61666489,1263.8,131,591,2380,15,-3,-25,23,10,26,19,59,44,24.5,334,12,78,26346.8,0,14,55,0,0,71984,1.0,2455.7772700308146,29.30870177950569,1.099999999999909,0.0,0.0,4008,1.1133333333333333,2129.554781127439,80.6,2.1677131520575523,1.054379818724219
8265746599,8,-21.77534866,-46.61666489,1263.3,-179,721,1682,39,30,-18,23,10,26,19,59,46,24.5,334,12,80,26346.9,0,12,55,0,0,71986,2.0,1838.7512066617387,52.392747589718944,-0.5,0.10000000000218279,-4.999999999890861,4008,2.2266666666666666,2059.5236158194407,80.0,1.6641299691943177,-0.5625366974723489
8266605000,8,-21.77515411,-46.61666489,1240.4,-73,911,1653,-1,53,50,23,10,26,20,0,5,25.0,329,67,74,26347.3,0,26,49,0,2,72005,4.0,1888.8247668854833,72.86974680894672,-2.3999999999998636,0.09999999999854481,-24.00000000034788,22043,24.49222222222222,2206.542515294881,75.6,9.847396960326881,-14.64482526189534
8266707000,8,-21.77505493,-46.59999847,1240.5,-134,869,1904,-11,-8,41,23,10,26,20,0,7,25.0,327,83,77,26347.3,0,28,49,0,2,72007,2.0,2097.2203031632134,43.197222132910355,0.09999999999990905,0.0,0.0,27141,15.078333333333333,2176.926357248559,75.6,9.831175836166452,-5.2471574971668815
8266808000,8,-21.7749939,-46.59999847,1240.8,-28,1065,1964,38,38,0,23,10,26,20,0,8,25.0,331,47,79,26347.3,0,20,49,0,2,72008,1.0,2234.346660659442,53.74011537017761,0.2999999999999545,0.0,0.0,15557,4.3213888888888885,2217.3135618520646,76.0,5.159912834019565,0.8385239451306763
8267113000,8,-21.77464485,-46.59999847,1240.8,457,611,1472,-31,-83,-92,23,10,26,20,0,13,25.0,336,10,72,26347.4,0,14,49,0,2,72013,1.0,1657.9969843157135,127.72626981165621,0.7000000000000455,0.0,0.0,3360,0.9333333333333333,1916.6104776254015,76.2,2.9367601892660224,2.0034268559326893
8267215000,8,-21.77458572,-46.59999847,1234.1,507,860,2145,-14,-33,-118,23,10,26,20,0,15,25.0,329,68,74,26347.5,0,26,49,0,2,72015,2.0,2365.940404997556,123.32477447779907,-6.7000000000000455,0.09999999999854481,-67.00000000097543,22372,12.428888888888888,1970.35449799227,75.6,11.539786170557731,-0.8891027183311575
8267316000,8,-21.77454567,-46.59999847,1234.8,376,703,2272,-32,-42,-67,23,10,26,20,0,16,25.0,326,91,78,26347.5,0,30,49,0,2,72016,1.0,2407.8141539579005,85.30533394811839,0.7000000000000455,0.0,0.0,29666,8.240555555555556,2005.047996651962,75.4,12.7545208867861,4.513965331230544
8267418000,8,-21.77456093,-46.59999847,1231.2,44,818,2020,-10,-37,0,23,10,26,20,0,18,24.5,331,46,81,26347.5,0,22,49,0,2,72018,2.0,2179.784393007712,38.3275357934736,-3.599999999999909,0.0,0.0,15226,8.45888888888889,2084.265306380075,76.0,7.483170971372946,-0.9757179175159436
8267520000,8,-21.77469254,-46.59999847,1230.2,-65,831,2193,12,26,-19,23,10,26,20,0,20,24.5,333,28,82,26347.6,0,14,49,0,2,72020,2.0,2346.0679870796585,34.36568055487916,-1.0,0.09999999999854481,-10.00000000014552,9324,5.18,2191.5207846717085,77.4,2.2493779919215076,-2.930622008078492
8267621000,8,-21.77472115,-46.59999847,1229.9,141,555,2216,9,-12,8,23,10,26,20,0,21,24.5,336,1,81,26347.6,0,2,49,0,2,72021,1.0,2288.7905102914074,17.0,-0.2999999999999545,0.0,0.0,336,0.09333333333333334,2317.679489866847,79.2,0.16716347951918786,0.07383014618585453
8267824000,8,-21.77485085,-46.59999847,1246.4,-287,956,1740,-8,0,-11,23,10,26,20,0,24,24.5,334,15,80,26347.7,0,12,49,0,2,72024,1.0,2005.9673476903856,13.601470508735444,-5.699999999999818,0.0,0.0,5010,1.3916666666666666,2240.7403854901672,80.8,2.453439615612198,1.0617729489455314
8267926000,8,-21.77490807,-46.59999847,1238.6,162,708,1684,17,15,-22,23,10,26,20,0,26,24.5,334,15,80,26347.7,0,10,49,0,2,72026,2.0,1833.9476546510264,31.591137997862628,-7.800000000000182,0.0,0.0,5010,2.783333333333333,2171.5730378188305,80.6,1.0106477748329226,-1.7726855585004107
8268027000,8,-21.77493668,-46.59999847,1238.3,-180,744,2168,16,8,-9,23,10,26,20,0,27,24.5,335,5,80,26347.8,0,8,49,0,2,72027,1.0,2299.1650658445556,20.024984394500787,-0.2999999999999545,0.09999999999854481,-3.000000000043201,1675,0.4652777777777778,2162.19245357181,80.2,0.5607439745476475,0.09546619676986967
8268129000,8,-21.77501678,-46.59999847,1236.3,-50,979,2387,-17,8,-13,23,10,26,20,0,29,24.5,334,15,80,26347.8,0,12,49,0,2,72029,2.0,2580.447635585733,22.847319317591726,-2.0,0.0,0.0,5010,2.783333333333333,2220.523878630675,80.0,2.396265349720007,-0.3870679836133264
8268434000,8,-21.77518272,-46.59999847,1233.7,238,860,1940,28,-17,8,23,10,26,20,0,34,24.5,336,2,81,26347.9,0,4,49,0,2,72034,2.0,2135.3791232472045,33.71943060017473,1.2999999999999545,0.0,0.0,672,0.37333333333333335,2206.274089224667,80.4,0.8538474833128136,0.4805141499794802
8268637000,8,-21.77528954,-46.59999847,1232.9,-107,882,1674,-26,-80,6,23,10,26,20,0,37,24.5,336,2,80,26348.0,0,4,49,0,2,72037,2.0,1895.1646366476978,84.33267456923205,-1.3999999999998636,0.09999999999854481,-14.000000000202363,672,0.37333333333333335,2081.536782203427,80.6,1.0502646194061747,0.6769312860728414
8268739000,8,-21.7753582,-46.59999847,1231.0,-350,905,2072,-27,1,-18,23,10,26,20,0,39,24.5,336,2,82,26348.0,0,0,49,0,2,72039,2.0,2287.948644528544,32.46536616149585,-1.900000000000091,0.0,0.0,672,0.37333333333333335,2131.7625951813743,80.8,1.1970733379937613,0.823740004660428
8268942000,8,-21.7754631,-46.59999847,1223.0,115,513,1362,-61,-23,18,23,10,26,20,0,42,24.5,336,6,83,26348.1,0,4,49,0,2,72042,2.0,1459.944519493806,67.63135367564367,-5.7000000000000455,0.09999999999854481,-57.000000000829914,2016,1.12,2033.8960860668303,81.4,0.5191082889490961,-0.600891711050904
8270059000,8,-21.77605438,-46.59999847,1208.7,135,629,1749,-41,-15,15,23,10,26,20,0,59,25.0,331,60,63,26348.4,0,24,49,0,2,72059,1.0,1863.5629852516388,46.16275555033516,0.7999999999999545,0.0,0.0,19860,5.516666666666667,2004.7086578011701,64.8,7.79408100524489,2.2774143385782235
8270101010,8,-21.77604675,-46.59999847,1207.7,229,885,1935,-1,35,-19,23,10,26,20,1,1,25.0,334,5,65,26348.5,0,2,49,0,2,72061,2.0,2140.067989574163,39.83716857408418,-1.0,0.09999999999854481,-10.00000000014552,1670,0.9277777777777778,2023.9507792159907,63.8,0.676450264356958,-0.2513275134208198
8270202010,8,-21.77604866,-46.59999847,1207.2,215,866,1611,-36,-2,-53,23,10,26,20,1,2,25.0,336,5,64,26348.5,0,8,49,0,2,72062,1.0,1841.603105992168,64.10148204214939,-0.5,0.0,0.0,1680,0.4666666666666667,2002.2687337568743,63.4,0.47547101353312976,0.008804346866463086
8270913010,8,-21.77641106,-46.59999847,1204.0,503,597,2014,7,-63,-179,23,10,26,20,1,13,25.0,335,22,49,26348.7,0,16,55,0,0,72073,1.0,2160.0032407383096,189.89207461081676,-0.5,0.0,0.0,7370,2.047222222222222,2258.9018521506628,53.0,3.4119332824424946,1.3647110602202726
8271015010,8,-21.77660942,-46.59999847,1205.1,26,764,1702,29,-90,-126,23,10,26,20,1,15,25.0,330,64,52,26348.7,0,26,55,0,0,72075,2.0,1865.7909850784465,157.534123287623,1.099999999999909,0.0,0.0,21120,11.733333333333333,2083.9040859587994,51.8,8.204841654589652,-3.5284916787436806
8271117010,8,-21.77687263,-46.59999847,1202.7,-64,1024,1895,71,-71,-74,23,10,26,20,1,17,25.0,328,79,55,26348.7,0,28,55,0,0,72077,2.0,2154.9238965680433,124.73171208638162,-2.3999999999998636,0.0,0.0,25912,14.395555555555555,2111.676266262903,51.8,10.613219404175844,-3.7823361513797114
8271218010,8,-21.77701187,-46.59999847,1203.8,21,952,1551,-25,-58,15,23,10,26,20,1,18,25.0,331,49,60,26348.8,0,22,55,0,0,72078,1.0,1819.9851647747023,64.91532946846992,1.099999999999909,0.09999999999854481,11.000000000159162,16219,4.505277777777778,2006.877181486478,53.2,6.691055114772043,2.1857773369942652
8271320010,8,-21.77731323,-46.59999847,1203.9,-311,1139,2012,-13,4,19,23,10,26,20,1,20,25.0,333,30,61,26348.8,0,18,55,0,0,72080,2.0,2332.8493307541316,23.366642891095847,0.10000000000013642,0.0,0.0,9990,5.55,2066.7105235827266,55.4,3.919924885595508,-1.6300751144044918
8271421010,8,-21.77746391,-46.59999847,1204.0,-162,859,2159,-1,-5,7,23,10,26,20,1,21,24.5,334,14,61,26348.8,0,14,55,0,0,72081,1.0,2329.2500939143483,8.660254037844387,0.09999999999990905,0.0,0.0,4676,1.298888888888889,2100.559894217934,57.8,2.47470740679075,1.175818517901861
8272031010,8,-21.77884102,-46.59999847,1206.4,63,1157,1946,-44,-22,96,23,10,26,20,1,31,25.0,336,7,47,26349.0,0,10,55,0,0,72091,2.0,2264.847456231876,107.8702924812944,0.5,0.09999999999854481,5.00000000007276,2352,1.3066666666666666,2171.5920597856543,51.6,0.7124223657285701,-0.5942443009380965
8272742010,8,-21.77969933,-46.59999847,1209.8,-132,602,2020,3,-7,4,23,10,26,20,1,42,25.0,337,1,5,26349.1,10,0,55,0,0,72102,2.0,2111.9251880689335,8.602325267042627,0.0,0.0,0.0,337,0.18722222222222223,2223.115233846671,23.4,0.3000266880368251,0.11280446581460285
8274612020,8,-21.77970886,-46.59999847,1215.2,57,962,1812,-3,-8,-5,23,10,26,20,2,12,25.0,336,11,2,26349.1,0,32,55,0,0,72132,1.0,2052.324779366073,9.899494936611665,0.0,0.0,0.0,3696,1.0266666666666666,2096.90110183816,0.4,3.594574063623889,2.5679073969572226
8274714020,8,-21.77972984,-46.59999847,1215.3,156,1148,1736,-21,-13,4,23,10,26,20,2,14,25.0,333,46,11,26349.1,0,40,55,0,0,72134,2.0,2087.087923399491,25.019992006393608,0.09999999999990905,0.0,0.0,15318,8.51,2097.9971761441643,2.6,6.2340210973161065,-2.2759789026838932
8274815020,8,-21.77974319,-46.59999847,1216.5,-136,1232,1749,31,40,-25,23,10,26,20,2,15,25.0,329,76,23,26349.1,0,36,55,0,0,72135,1.0,2143.6699839294292,56.444663166680336,1.2000000000000455,0.0,0.0,25004,6.945555555555556,2100.9020522724795,7.2,11.988243563504685,5.042688007949129
8274917020,8,-21.77983856,-46.59999847,1215.7,-369,1037,1865,-35,-37,47,23,10,26,20,2,17,24.5,332,44,29,26349.1,0,26,55,0,0,72137,2.0,2165.584216787701,69.30367955599472,-0.7999999999999545,0.0,0.0,14608,8.115555555555556,2112.8921688600367,13.0,5.829078694995034,-2.286476860560522
8275018020,8,-21.77989388,-46.59999847,1215.8,-57,911,1616,151,-40,60,23,10,26,20,2,18,24.5,333,35,33,26349.1,0,22,55,0,0,72138,1.0,1855.9703661427357,167.3349933516597,0.09999999999990905,0.0,0.0,11655,3.2375,2060.927453925086,19.6,5.184240401636138,1.9467404016361378
8275120020,8,-21.7800045,-46.59999847,1214.8,-181,909,1541,-21,16,48,23,10,26,20,2,20,24.5,333,33,35,26349.1,0,22,55,0,0,72140,2.0,1798.2555435754953,54.78138369920935,-1.0,0.0,0.0,10989,6.105,2010.1136067669704,26.2,5.200301796016194,-0.9046982039838065
8275222020,8,-21.7801342,-46.59999847,1215.5,24,915,2010,13,-24,50,23,10,26,20,2,22,24.5,332,38,39,26349.1,0,18,55,0,0,72142,2.0,2208.597066012721,56.96490147450446,0.7000000000000455,0.0,0.0,12616,7.0088888888888885,2034.4154352896162,31.8,3.374223637115185,-3.6346652517737037
8275425020,8,-21.78030014,-46.59999847,1215.4,-52,854,1847,-9,32,29,23,10,26,20,2,25,24.5,334,22,38,26349.2,0,18,55,0,0,72145,2.0,2035.5414513097,44.11349000022555,-0.5,0.10000000000218279,-4.999999999890861,7348,4.082222222222223,1937.8979543243076,36.6,3.734369295413666,-0.3478529268085566
8275526020,8,-21.78035164,-46.59999847,1215.2,-17,915,1782,1,1,47,23,10,26,20,2,26,24.5,332,37,40,26349.2,0,22,55,0,0,72146,1.0,2003.2568482348938,47.02127178203499,-0.20000000000004547,0.0,0.0,12284,3.4122222222222223,1967.3552507427394,38.0,6.335282599506273,2.923060377284051
8275628020,8,-21.78043556,-46.59999847,1214.1,343,823,1776,-22,-29,43,23,10,26,20,2,28,24.5,332,40,43,26349.2,0,22,55,0,0,72148,2.0,1987.2478456397935,56.3382640840131,-1.1000000000001364,0.0,0.0,13280,7.377777777777778,2005.153711155599,39.6,6.401643305717044,-0.9761344720607346
8275730020,8,-21.78053474,-46.59999847,1214.5,-195,817,1636,-51,-16,45,23,10,26,20,2,30,24.5,334,22,45,26349.2,0,16,55,0,0,72150,2.0,1839.024197774461,69.87131027825369,0.40000000000009095,0.0,0.0,7348,4.082222222222223,1931.2391375079471,40.8,2.8935898458335956,-1.188632376388627
8275831020,8,-21.78057098,-46.59999847,1214.7,15,907,1929,1,24,34,23,10,26,20,2,31,24.5,334,18,45,26349.2,0,16,55,0,0,72151,1.0,2131.6460775654105,41.6293165929973,0.20000000000004547,0.0,0.0,6012,1.67,1999.3432841048518,42.2,2.8770654568600884,1.2070654568600885
8275933020,8,-21.78062248,-46.59999847,1214.2,-93,806,2466,18,26,28,23,10,26,20,2,33,24.5,335,9,46,26349.3,0,12,55,0,0,72153,2.0,2596.043335539682,42.23742416388575,-0.5,0.09999999999854481,-5.00000000007276,3015,1.675,2111.4436609508484,43.8,1.9596483359568049,0.28464833595680483
8276034020,8,-21.78064728,-46.59999847,1213.3,142,723,1979,20,2,0,23,10,26,20,2,34,24.5,335,17,45,26349.3,0,16,55,0,0,72154,1.0,2111.713522237332,20.09975124224178,-0.900000000000091,0.0,0.0,5695,1.5819444444444444,2133.1349957513357,44.8,2.8575566229861074,1.275612178541663
8276136020,8,-21.78068161,-46.59999847,1212.8,-127,864,1710,-31,-22,24,23,10,26,20,2,36,24.5,333,27,47,26349.3,0,18,55,0,0,72156,2.0,1920.0846335513443,44.955533585978046,-0.5,0.0,0.0,8991,4.995,2119.702353333646,45.6,3.960644862291448,-1.0343551377085523
8276237020,8,-21.78069878,-46.59999847,1213.0,111,890,1690,-17,-102,22,23,10,26,20,2,37,24.5,334,23,48,26349.3,0,16,55,0,0,72157,1.0,1913.2488076567563,105.72133181151285,0.20000000000004547,0.0,0.0,7682,2.133888888888889,2134.547275310105,46.2,2.616094478611682,0.48220558972279326
8276339020,8,-21.78074074,-46.59999847,1212.7,19,858,1633,-25,-48,-5,23,10,26,20,2,39,24.5,333,28,49,26349.3,0,18,55,0,0,72159,2.0,1844.7802037099161,54.35071296680477,-0.2999999999999545,0.0,0.0,9324,5.18,2077.1741005390063,47.0,4.494999280200327,-0.6850007197996728
8276441020,8,-21.7807827,-46.59999847,1212.2,71,1035,1919,-26,-2,-42,23,10,26,20,2,41,24.5,334,20,50,26349.4,0,16,55,0,0,72161,2.0,2181.473584529503,49.4368283772331,-0.5,0.10000000000218279,-4.999999999890861,6680,3.7111111111111112,1994.2601503369704,47.8,2.888903754963781,-0.8222073561473304
8276542020,8,-21.78080177,-46.58333206,1213.2,-38,1073,1617,-39,-48,-76,23,10,26,20,2,42,24.5,334,21,51,26349.4,0,16,55,0,0,72162,1.0,1940.9951056094912,97.98469268207153,1.0,0.0,0.0,7014,1.9483333333333333,1960.116467011402,49.0,3.1422982002225575,1.1939648668892242
8276644020,8,-21.7808876,-46.58333206,1212.7,78,868,1926,27,-36,-41,23,10,26,20,2,44,24.5,334,19,52,26349.4,0,16,55,0,0,72164,2.0,2113.9971617767133,60.876925020897694,-0.5,0.0,0.0,6346,3.5255555555555556,1998.898972656476,50.0,2.9805001229166677,-0.5450554326388879
8276745020,8,-21.78095245,-46.58333206,1208.2,285,648,2043,-18,-79,-29,23,10,26,20,2,45,24.5,334,19,52,26349.4,0,16,55,0,0,72165,1.0,2162.1697435677893,86.05811989580066,-4.5,0.0,0.0,6346,1.7627777777777778,2048.6831598386825,50.8,3.412504944338552,1.6497271665607742
8276847020,8,-21.78108025,-46.58333206,1206.7,381,836,1906,-38,7,-62,23,10,26,20,2,47,24.5,334,19,52,26349.5,0,16,55,0,0,72167,2.0,2115.8669617913124,73.05477397131553,-1.5,0.09999999999854481,-15.000000000218279,6346,3.5255555555555556,2102.900511454962,51.4,3.4611548662832936,-0.06440068927226195
8276949020,8,-21.78124046,-46.58333206,1207.3,4,819,1965,-45,-33,-51,23,10,26,20,2,49,24.5,335,6,52,26349.5,0,10,55,0,0,72169,2.0,2128.8499242548783,75.59761901012492,0.599999999999909,0.0,0.0,2010,1.1166666666666667,2092.3757794000367,51.8,0.8138192628095966,-0.3028474038570701
8277152020,8,-21.78150558,-46.58333206,1204.1,109,800,2196,4,-59,-34,23,10,26,20,2,52,24.5,336,2,50,26349.5,0,6,55,0,0,72172,2.0,2339.721564631142,68.21290200541243,-2.5,0.0,0.0,672,0.37333333333333335,2185.804536566678,51.4,0.8055741642522025,0.43224083091886917
8277253020,8,-21.78159523,-46.58333206,1202.4,212,484,1897,-57,-42,-53,23,10,26,20,2,53,24.5,336,2,49,26349.6,0,6,55,0,0,72173,1.0,1969.2153259610793,88.4420714366189,-1.699999999999818,0.09999999999854481,-17.000000000245564,672,0.18666666666666668,2147.2136530453363,50.8,0.9281981123623296,0.741531445695663
8277355020,8,-21.78179741,-46.58333206,1203.8,32,798,1854,14,-32,-42,23,10,26,20,2,55,24.5,336,4,48,26349.6,0,8,55,0,0,72175,2.0,2018.6985906766765,54.62600113499065,1.3999999999998636,0.0,0.0,1344,0.7466666666666667,2127.779978822409,50.0,0.5293759001836359,-0.2172907664830308
8277456020,8,-21.78188705,-46.58333206,1203.5,-186,666,2029,69,-62,51,23,10,26,20,2,56,24.5,336,1,47,26349.6,0,2,55,0,0,72176,1.0,2143.5934782509485,105.85839598255775,-0.2999999999999545,0.0,0.0,336,0.09333333333333334,2130.7286896216233,49.0,0.477281135903132,0.38394780256979866
8277600030,8,-21.78230286,-46.58333206,1203.6,-75,861,1790,-20,5,-14,23,10,26,20,3,0,24.5,336,1,43,26349.6,0,10,55,0,0,72180,2.0,1987.7238238749367,24.919871588754223,1.2999999999999545,0.0,0.0,336,0.18666666666666668,2010.1266082549896,46.4,1.1867512567776803,1.0000845901110136
8277701030,8,-21.78240776,-46.58333206,1202.4,-223,1116,2092,-20,17,-12,23,10,26,20,3,1,24.5,336,8,43,26349.7,0,12,55,0,0,72181,1.0,2381.5224122397,28.861739379323623,-1.199999999999818,0.10000000000218279,-11.999999999736247,2688,0.7466666666666667,2092.588025510714,45.2,1.5662184407260054,0.8195517740593387
8277803030,8,-21.7825985,-46.58333206,1205.6,104,1595,2990,35,26,12,23,10,26,20,3,3,24.5,335,10,43,26349.7,0,12,55,0,0,72183,2.0,3390.4190006546387,45.221676218380054,3.199999999999818,0.0,0.0,3350,1.8611111111111112,2366.9321075063062,44.2,3.2086641693463567,1.3475530582352455
8277904030,8,-21.78269196,-46.58333206,1206.5,117,694,1684,-20,19,-6,23,10,26,20,3,4,24.5,335,14,43,26349.7,0,14,55,0,0,72184,1.0,1825.152322410379,28.231188426986208,0.900000000000091,0.0,0.0,4690,1.3027777777777778,2303.2438763381924,43.4,2.027748943170734,0.724971165392956
8278006030,8,-21.78288841,-46.58333206,1206.7,-3,937,1926,-53,1,-34,23,10,26,20,3,6,24.5,331,47,45,26349.7,0,22,55,0,0,72186,2.0,2141.8342606280253,62.976185975335156,0.20000000000004547,0.0,0.0,15557,8.642777777777777,2345.330363961536,43.4,6.6402250267746625,-2.0025527510031145
8278108030,8,-21.78308487,-46.58333206,1208.1,189,827,1821,-18,-31,23,23,10,26,20,3,8,24.5,333,25,46,26349.7,0,16,55,0,0,72188,2.0,2008.902934439591,42.59107887809371,1.3999999999998636,0.0,0.0,8325,4.625,2349.5661860744667,44.0,3.712582972852258,-0.9124170271477419
8278209030,8,-21.78320122,-46.58333206,1209.1,28,819,1830,-36,-54,35,23,10,26,20,3,9,24.5,333,25,48,26349.8,0,16,54,0,0,72189,1.0,2005.1047354190753,73.7360156233031,1.0,0.09999999999854481,10.00000000014552,8325,2.3125,2274.282650710342,45.0,3.312996426081289,1.000496426081289
8278311030,8,-21.78340721,-46.58333206,1210.3,100,972,1940,3,27,9,23,10,26,20,3,11,24.5,335,9,48,26349.8,0,10,54,0,0,72191,2.0,2172.1841542558036,28.61817604250837,1.2000000000000455,0.0,0.0,3015,1.675,2030.635681430575,46.0,1.4216014931213434,-0.2533985068786566
8278412030,8,-21.78351212,-46.58333206,1209.4,-257,863,1731,2,-22,64,23,10,26,20,3,12,24.5,336,4,47,26349.8,0,10,54,0,0,72192,1.0,1951.1993747436472,67.70524351924303,-0.8999999999998636,0.0,0.0,1344,0.37333333333333335,2055.8450918972285,46.8,0.7601945269898858,0.3868611936565524
8278514030,8,-21.78372002,-46.58333206,1209.4,-109,863,1779,-29,58,31,23,10,26,20,3,14,24.5,334,15,47,26349.8,0,14,54,0,0,72194,2.0,1980.275485885739,71.87489130426563,0.0,0.0,0.0,5010,2.783333333333333,2023.5333369487712,47.2,2.489883887634631,-0.29344944569870224
8278616030,8,-21.78390503,-46.58333206,1209.9,34,962,2092,-20,-9,40,23,10,26,20,3,16,24.5,334,15,48,26349.8,0,14,54,0,0,72196,2.0,2302.8382487704166,45.617978911828175,0.5,0.0,0.0,5010,2.783333333333333,2082.3203998149365,47.6,2.5580077760485227,-0.22532555728481052
8278717030,8,-21.78399658,-46.58333206,1210.4,-44,918,2051,-8,-24,54,23,10,26,20,3,17,24.5,334,19,48,26349.9,0,16,54,0,0,72197,1.0,2247.501056729451,59.632206063502295,0.5,0.10000000000218279,4.999999999890861,6346,1.7627777777777778,2130.7996640770116,47.6,2.667065924909667,0.9042881471318893
8278819030,8,-21.78416061,-46.58333206,1213.0,-115,885,1832,37,-8,37,23,10,26,20,3,19,24.5,336,4,48,26349.9,0,8,54,0,0,72199,2.0,2037.8110805469678,52.933921071464184,2.599999999999909,0.0,0.0,1344,0.7466666666666667,2103.9250493352442,47.6,0.7121667119862763,-0.034499954680390355
8278920030,8,-21.78424835,-46.58333206,1212.0,-56,870,1915,-22,-20,48,23,10,26,20,3,20,24.5,336,4,48,26349.9,0,8,54,0,0,72200,1.0,2104.105748293084,56.462376853972415,-1.0,0.0,0.0,1344,0.37333333333333335,2134.506324045132,47.8,0.5403504152051093,0.16701708187177594
8279835030,8,-21.78477478,-46.58333206,1213.6,78,1063,1830,0,-9,-3,23,10,26,20,3,35,24.5,335,21,3,26350.0,0,40,54,0,0,72215,2.0,2117.7707619097964,9.486832980505138,-0.5,0.0,0.0,7035,3.908333333333333,2097.9113960878185,5.2,6.039157292349362,2.1308239590160287
8279936030,8,-21.78478813,-46.58333206,1213.7,133,1198,1715,22,0,16,23,10,26,20,3,36,24.5,331,55,14,26350.0,0,40,54,0,0,72216,1.0,2096.215160712278,27.202941017470888,0.10000000000013642,0.0,0.0,18205,5.0569444444444445,2108.922435363473,5.0,5.587317945159186,0.5303735007147417
8280038030,8,-21.78485107,-46.58333206,1214.3,221,1176,1810,-6,-83,44,23,10,26,20,3,38,24.5,332,36,23,26350.0,0,26,54,0,0,72218,2.0,2169.773490482359,94.13288479590966,0.599999999999909,0.0,0.0,11952,6.64,2120.24282344714,8.2,5.443964849062567,-1.1960351509374325
8280139030,8,-21.78490067,-46.58333206,1214.3,289,969,1927,16,-79,-101,23,10,26,20,3,39,24.5,331,44,29,26350.0,0,26,54,0,0,72219,1.0,2176.1918573508174,129.22074136917803,0.0,0.0,0.0,14564,4.045555555555556,2137.0731166014084,13.8,5.502681395880869,1.4571258403253138
8280241030,8,-21.78503227,-46.58333206,1214.3,454,843,1970,-36,-93,-199,23,10,26,20,3,41,24.5,331,42,33,26350.0,0,26,54,0,0,72221,2.0,2190.3572767929895,222.58930791931584,0.0,0.0,0.0,13902,7.723333333333334,2150.061709449648,20.4,6.083352545846684,-1.6399807874866497
8280342030,8,-21.78511429,-46.58333206,1213.8,272,923,1960,38,-141,-119,23,10,26,20,3,42,24.5,332,20,36,26350.1,0,0,54,0,0,72222,1.0,2183.463533013547,188.3772810080876,-0.5,0.09999999999854481,-5.00000000007276,6640,1.8444444444444446,2163.2002636703983,27.0,0.1749545690615117,-1.6694898753829328
8280546030,8,-21.78545952,-46.58333206,1209.3,-171,843,1761,-41,12,112,23,10,26,20,3,46,24.5,336,11,33,26350.1,0,14,54,0,0,72226,2.0,1959.849739138182,119.87076374162301,-1.400000000000091,0.0,0.0,3696,2.0533333333333332,2120.994867295939,33.2,2.450279615476037,0.39694628214270367
8280647030,8,-21.78553581,-46.58333206,1208.3,2,855,1867,-7,-8,19,23,10,26,20,3,47,24.5,333,30,33,26350.1,0,22,54,0,0,72227,1.0,2053.4648767388258,21.77154105707724,-1.0,0.0,0.0,9990,2.775,2096.449471173541,34.0,5.397191968263078,2.622191968263078
8280749030,8,-21.78570557,-46.58333206,1208.0,477,805,1890,-47,-49,-122,23,10,26,20,3,49,24.5,330,54,37,26350.1,0,26,54,0,0,72229,2.0,2108.946182338468,139.62091533864114,-0.2999999999999545,0.0,0.0,17820,9.9,2080.1672522826366,34.8,7.606662080885777,-2.293337919114223
8280850030,8,-21.78579521,-46.58333206,1208.1,95,1143,1824,-12,-50,-1,23,10,26,20,3,50,24.5,327,84,43,26350.1,0,30,54,0,0,72230,1.0,2154.6345397769896,51.42956348249516,0.09999999999990905,0.0,0.0,27468,7.63,2074.401453635325,36.2,11.991792305978496,4.361792305978496
8280952030,8,-21.78599548,-46.58333206,1207.9,-36,1149,1846,-33,27,-10,23,10,26,20,3,52,24.0,329,44,47,26350.2,0,16,54,0,0,72232,2.0,2174.675378073702,43.79497688091638,-0.1999999999998181,0.10000000000218279,-1.9999999999545253,14476,8.042222222222222,2090.3141432132334,38.6,2.957871328833149,-5.084350893389073
8281054030,8,-21.78621483,-46.58333206,1208.2,-1,780,1866,6,-7,-1,23,10,26,20,3,54,24.0,334,23,46,26350.2,0,18,54,0,0,72234,2.0,2022.463102259223,9.273618495495704,0.2999999999999545,0.0,0.0,7682,4.267777777777778,2102.836815837442,41.2,3.725722253537883,-0.542055524239895
8281155030,8,-21.78632164,-46.58333206,1208.1,20,935,1910,-28,2,16,23,10,26,20,3,55,24.0,329,63,48,26350.2,0,26,54,0,0,72235,1.0,2126.669932076908,32.31098884280702,-0.10000000000013642,0.0,0.0,20727,5.7575,2117.477826905058,44.2,8.304845881371497,2.5473458813714966
8281257030,8,-21.78656387,-46.58333206,1206.6,-38,1104,1858,-48,-68,51,23,10,26,20,3,57,24.0,325,102,54,26350.2,0,32,54,0,0,72237,2.0,2161.5790524521653,97.6165969494942,-1.5,0.0,0.0,33150,18.416666666666668,2128.0044009277976,47.6,15.832358863979746,-2.584307802686922
8281358030,8,-21.78669548,-46.58333206,1206.2,298,1057,1641,-62,-56,-24,23,10,26,20,3,58,24.0,313,199,61,26350.2,0,38,54,0,0,72238,1.0,1974.5718523264734,86.92525524840292,-0.3999999999998636,0.0,0.0,62287,17.301944444444445,2091.9918634376945,51.2,18.22301605174072,0.9210716072962768
8281806040,8,-21.78749084,-46.58333206,1208.7,-32,828,1922,-10,-23,-27,23,10,26,20,4,6,24.0,335,5,3,26350.3,0,26,54,0,0,72246,1.0,2093.0102723111513,36.851051545376556,-0.7000000000000455,0.0,0.0,1675,0.4652777777777778,2263.969459981008,30.6,2.4550721552854085,1.9897943775076308
8281908040,8,-21.78749847,-46.58333206,1209.5,129,1229,1808,9,-17,-45,23,10,26,20,4,8,24.0,330,53,10,26350.3,0,46,54,0,0,72248,2.0,2189.9648399004036,48.938737212968626,0.7999999999999545,0.0,0.0,17490,9.716666666666667,2262.435227437617,20.8,12.445811455890569,2.729144789223902
8282009040,8,-21.78751945,-46.58333206,1209.7,138,1364,1737,12,-48,-98,23,10,26,20,4,9,24.0,329,44,19,26350.3,0,20,54,0,0,72249,1.0,2212.8508761324156,109.78160137290766,0.20000000000004547,0.0,0.0,14476,4.021111111111111,2255.3074595956446,14.2,3.245643778991948,-0.7754673321191627
8282111040,8,-21.78758812,-46.58333206,1210.0,-329,960,1741,13,38,172,23,10,26,20,4,11,24.0,332,25,18,26350.3,0,24,54,0,0,72251,2.0,2015.1729454317315,176.62672504465456,0.2999999999999545,0.0,0.0,8300,4.611111111111111,2156.951103410738,11.6,3.492560924851352,-1.1185501862597587
8282213040,8,-21.78767967,-46.58333206,1211.1,-757,1107,1827,-11,303,699,23,10,26,20,4,13,24.0,332,29,20,26350.4,0,26,54,0,0,72253,2.0,2266.3686813932104,761.9258494105578,1.099999999999909,0.10000000000218279,10.999999999758984,9628,5.348888888888889,2155.4735230337824,14.0,4.281456367328088,-1.067432521560801
8282314040,8,-21.78769684,-46.58333206,1211.2,113,1305,1712,-144,97,149,23,10,26,20,4,14,24.0,321,141,31,26350.4,0,46,54,0,0,72254,1.0,2155.6293744519257,228.79248239398078,0.10000000000013642,0.0,0.0,45261,12.5725,2167.9973434619374,19.6,14.912036014882316,2.3395360148823166
8282416040,8,-21.78770828,-46.58333206,1210.9,1041,1021,1649,116,-65,-18,23,10,26,20,4,16,24.0,325,73,42,26350.4,0,28,53,0,0,72256,2.0,2201.209440285045,134.18271125595876,-0.2999999999999545,0.0,0.0,23725,13.180555555555555,2170.2462635388656,26.0,8.837051530879782,-4.343504024675774
8282517040,8,-21.78771973,-46.58333206,1209.6,51,936,1476,-34,-25,-37,23,10,26,20,4,17,24.0,326,82,50,26350.4,0,28,53,0,0,72257,1.0,1748.5059336473525,56.124860801609124,-1.300000000000182,0.0,0.0,26732,7.4255555555555555,2077.377275041853,32.2,11.166635864096822,3.7410803085412665
8282619040,8,-21.78776169,-46.58333206,1210.3,249,1021,1958,22,-60,-40,23,10,26,20,4,19,24.0,326,56,55,26350.4,0,18,53,0,0,72259,2.0,2222.2074610620853,75.39230729988306,0.7000000000000455,0.0,0.0,18256,10.142222222222221,2118.784178167924,39.6,4.77734959057991,-5.364872631642311
8282720040,8,-21.78779984,-46.58333206,1210.5,-15,1062,2282,102,4,-24,23,10,26,20,4,20,24.0,334,12,55,26350.5,0,26,53,0,0,72260,1.0,2517.0603886279723,104.86181383134664,0.20000000000004547,0.09999999999854481,2.0000000000295586,4008,1.1133333333333333,2168.9225196148764,46.6,8.03393383464954,6.920600501316207
8283127040,8,-21.78818512,-46.58333206,1206.7,742,1244,2110,262,-60,-107,23,10,26,20,4,27,24.0,332,14,45,26350.5,0,10,53,0,0,72267,2.0,2559.3358513489393,289.29742480706597,-0.3999999999998636,0.0,0.0,4648,2.582222222222222,2158.898939806598,49.4,0.9132450568708803,-1.6689771653513419
8283635040,8,-21.78883171,-46.58333206,1209.6,190,761,2221,2,5,-42,23,10,26,20,4,35,24.0,335,1,25,26350.6,0,8,53,0,0,72275,2.0,2355.432444371946,42.34383071948026,0.3999999999998636,0.0,0.0,335,0.18611111111111112,2128.1869879362603,33.4,0.42367018711891824,0.23755907600780712
8283736040,8,-21.78889084,-46.58333206,1210.8,24,718,1766,-23,-66,0,23,10,26,20,4,36,24.0,334,13,25,26350.6,0,18,53,0,0,72276,1.0,1906.529831919763,69.8927750200262,1.2000000000000455,0.0,0.0,4342,1.2061111111111111,2034.7939760192269,29.6,2.4605962630487315,1.2544851519376203
8284041040,8,-21.78918648,-46.58333206,1212.0,-23,891,2034,16,-52,25,23,10,26,20,4,41,24.0,335,2,18,26350.7,0,8,53,0,0,72281,1.0,2220.7129485820537,59.87486951969081,0.0,0.0,0.0,670,0.18611111111111112,2076.8909925889957,22.6,0.8342623151800085,0.6481512040688974
8284244040,8,-21.78930473,-46.58333206,1209.7,-33,739,1995,-9,-24,-12,23,10,26,20,4,44,24.0,336,1,7,26350.7,0,0,53,0,0,72284,1.0,2127.7300110681335,28.30194339616981,-0.7999999999999545,0.0,0.0,336,0.09333333333333334,2087.7744562737635,17.0,0.2704401985131357,0.1771068651798024
8284346040,8,-21.78933525,-46.58333206,1208.7,-21,782,1886,-4,-14,-15,23,10,26,20,4,46,24.0,334,15,6,26350.7,0,28,53,0,0,72286,2.0,2041.803369573084,20.904544960366874,-1.0,0.0,0.0,5010,2.783333333333333,2084.093287652941,13.2,2.541179107416203,-0.2421542259171301
8284447040,8,-21.78935051,-46.58333206,1208.2,68,1175,1816,-21,-17,-7,23,10,26,20,4,47,24.0,331,39,13,26350.7,0,36,53,0,0,72287,1.0,2164.0482896645353,27.910571473905726,-0.5,0.0,0.0,12909,3.5858333333333334,2148.5888405070446,11.8,4.8104739970076436,1.2246406636743101
8284549040,8,-21.78941154,-46.58333206,1209.9,268,1084,1696,-53,-38,-61,23,10,26,20,4,49,24.0,329,59,21,26350.7,0,34,53,0,0,72289,2.0,2030.5900620263067,89.2972563968233,1.7000000000000455,0.0,0.0,19411,10.783888888888889,2110.5642631958945,12.4,9.981483889725295,-0.8024049991635938
8284854040,8,-21.78966331,-46.58333206,1208.9,-263,752,1997,131,-130,40,23,10,26,20,4,54,24.0,334,29,12,26350.7,0,58,53,0,0,72294,2.0,2150.0423251647862,188.84120313109636,-0.599999999999909,0.0,0.0,9686,5.381111111111111,2124.459407317394,18.0,14.954198776503548,9.573087665392435
8284955040,8,-21.78969574,-46.58333206,1209.0,322,1374,1534,43,-56,6,23,10,26,20,4,55,24.0,314,203,32,26350.7,0,82,53,0,0,72295,1.0,2084.3982345031864,70.8590149522275,0.09999999999990905,0.0,0.0,63742,17.70611111111111,2108.5293962851247,21.8,21.39630475490912,3.690193643798011
8285606050,8,-21.790411,-46.58333206,1212.4,-606,888,1762,31,364,383,23,10,26,20,5,6,24.0,335,4,17,26350.8,0,12,53,0,0,72306,1.0,2064.0794558349735,529.288201266569,-1.0,0.0,0.0,1340,0.37222222222222223,2228.652748167426,23.8,0.9270162634054158,0.5547940411831935
8285708050,8,-21.79050827,-46.58333206,1213.9,-469,943,1772,60,132,485,23,10,26,20,5,8,24.0,333,22,18,26350.8,0,24,53,0,0,72308,2.0,2061.357319825944,506.2104305523544,1.5,0.0,0.0,7326,4.07,2148.0399255094767,21.0,3.7726232232105885,-0.29737677678941177
8285810050,8,-21.7905159,-46.58333206,1215.7,49,1042,1830,21,57,43,23,10,26,20,5,10,24.0,332,30,21,26350.8,0,26,53,0,0,72310,2.0,2106.4341907593507,74.42445834535849,1.7999999999999545,0.0,0.0,9960,5.533333333333333,2108.334225760786,19.8,4.795827524684073,-0.7375058086492601
8285911050,8,-21.79052544,-46.58333206,1216.5,-18,860,1865,-9,22,-17,23,10,26,20,5,11,24.0,334,16,23,26350.9,0,18,53,0,0,72311,1.0,2053.8132826525393,29.223278392404914,0.7999999999999545,0.10000000000218279,7.999999999824922,5344,1.4844444444444445,2066.9025877673585,19.6,2.5540292565631546,1.0695848121187101
8286216050,8,-21.79056168,-46.58333206,1219.6,-105,972,1846,-14,-10,12,23,10,26,20,5,16,24.0,334,8,11,26350.9,0,18,53,0,0,72316,2.0,2088.905215657235,20.97617696340303,-0.7000000000000455,0.0,0.0,2672,1.4844444444444445,2098.61918997598,18.0,1.2755981558847878,-0.2088462885596567
8286318050,8,-21.79057503,-46.58333206,1221.1,-84,937,1783,-10,5,28,23,10,26,20,5,18,24.0,334,14,10,26350.9,0,22,53,0,0,72318,2.0,2015.964781438406,30.14962686336267,1.5,0.0,0.0,4676,2.597777777777778,2080.5253081117908,15.8,2.4195438871501294,-0.1782338906276486
8286419050,8,-21.79057312,-46.58333206,1221.1,34,931,1818,14,18,-18,23,10,26,20,5,19,24.0,334,13,10,26350.9,0,22,53,0,0,72319,1.0,2042.8022420195255,29.0516780926679,0.0,0.0,0.0,4342,1.2061111111111111,2078.3230999851885,13.2,1.995290091196437,0.7891789800853259
8286521050,8,-21.79058838,-46.58333206,1220.5,31,898,1880,2,-54,-96,23,10,26,20,5,21,24.0,334,14,10,26350.9,0,22,53,0,0,72321,2.0,2083.690236095567,110.16351483136329,-0.599999999999909,0.0,0.0,4676,2.597777777777778,2068.2263313797257,11.0,2.1675889593517756,-0.4301888184260023
8286622050,8,-21.79059601,-46.58333206,1219.8,61,860,1977,-15,-382,-271,23,10,26,20,5,22,24.0,334,11,10,26350.9,0,22,53,0,0,72322,1.0,2156.8147811066206,468.6043106929342,-0.7000000000000455,0.0,0.0,3674,1.0205555555555557,2077.6354512634707,10.2,1.890015744743917,0.8694601891883613
8286724050,8,-21.79064178,-46.58333206,1218.6,438,877,1819,15,-288,-419,23,10,26,20,5,24,24.0,332,29,11,26350.9,0,32,53,0,0,72324,2.0,2066.3334677636135,508.65508942701047,-1.2000000000000455,0.0,0.0,9628,5.348888888888889,2073.1211016847465,10.2,4.665166278617905,-0.6837226102709844
8286825050,8,-21.79066849,-46.58333206,1219.6,-218,1012,1892,-41,-72,58,23,10,26,20,5,25,23.5,332,27,14,26350.9,0,28,53,0,0,72325,1.0,2156.6946932748733,101.13851887386922,1.0,0.0,0.0,8964,2.49,2101.26708405204,11.0,4.6462213855974825,2.1562213855974823
8286927050,8,-21.79073715,-46.58333206,1219.1,-168,1098,1829,0,13,7,23,10,26,20,5,27,23.5,330,73,18,26350.9,0,52,53,0,0,72327,2.0,2139.8759309829156,14.7648230602334,-0.5,0.0,0.0,24090,13.383333333333333,2120.681821844718,12.6,20.19165449318557,6.8083211598522375
8287029050,8,-21.79085159,-46.58333206,1218.3,13,1531,1476,-33,-67,-2,23,10,26,20,5,29,23.5,317,166,36,26350.9,0,68,53,0,0,72329,2.0,2126.6654649944358,74.7127833774114,-0.7999999999999545,0.0,0.0,52622,29.234444444444446,2129.2768676244914,17.8,25.28582435576927,-3.948620088675174
8287130050,8,-21.7909317,-46.58333206,1219.4,239,1261,1528,9,-85,7,23,10,26,20,5,30,23.5,307,287,48,26351.0,0,66,52,0,0,72330,1.0,1995.5014407411486,85.76129663198896,1.1000000000001364,0.09999999999854481,11.000000000161435,88109,24.474722222222223,2097.0141995513977,25.4,26.472100182655275,1.9973779604330524
8287232050,8,-21.79118347,-46.58333206,1219.1,-184,1163,1939,-19,-83,120,23,10,26,20,5,32,23.5,304,295,60,26351.0,0,82,52,0,0,72332,2.0,2268.5118470045513,147.13938969562162,-0.3000000000001819,0.0,0.0,89680,49.82222222222222,2137.449875399585,35.2,27.624522736670126,-22.197699485552096
8287638050,8,-21.79190063,-46.58333206,1220.2,207,832,1795,-88,-37,21,23,10,26,20,5,38,23.5,334,8,15,26351.1,0,80,52,0,0,72338,1.0,1989.2455856429592,97.74456506629922,0.0,0.09999999999854481,0.0,2672,0.7422222222222222,2062.9924620397833,43.4,16.085056885472383,15.34283466325016
8287740050,8,-21.79198074,-46.58333206,1221.0,302,1668,2034,10,-7,-26,23,10,26,20,5,40,23.5,314,201,30,26351.1,0,94,52,0,0,72340,2.0,2647.750743555745,28.722813232690143,0.7999999999999545,0.0,0.0,63114,35.06333333333333,2138.840241350022,37.4,24.40732438365035,-10.656008949682981
8287841050,8,-21.79205513,-46.58333206,1220.6,589,1145,1609,-43,-5,-36,23,10,26,20,5,41,23.5,320,99,46,26351.1,0,26,52,0,0,72341,1.0,2060.7831035798017,56.302753041036986,-0.40000000000009095,0.0,0.0,31680,8.8,2140.5763460095845,35.0,6.839935241109896,-1.9600647588901046
8288146050,8,-21.79257202,-46.58333206,1221.2,-511,1284,2056,-24,99,191,23,10,26,20,5,46,23.5,332,9,38,26351.1,0,14,52,0,0,72346,1.0,2477.2793544531874,216.4670875676023,0.5,0.0,0.0,2988,0.83,2238.2976545185975,39.2,1.5881202779638788,0.7581202779638788
8288248050,8,-21.79275894,-46.58333206,1221.5,-536,1342,1805,81,156,264,23,10,26,20,5,48,23.5,319,204,39,26351.2,0,78,52,0,0,72348,2.0,2312.203494504755,317.16399543453855,0.2999999999999545,0.10000000000218279,2.9999999999340616,65076,36.153333333333336,2171.188204708399,41.0,24.010263660373706,-12.14306967295963
8288349050,8,-21.79283905,-46.58333206,1223.6,-601,1785,1505,147,281,197,23,10,26,20,5,49,23.0,305,242,47,26351.2,0,80,51,0,0,72349,1.0,2410.902528100213,373.33497023450667,2.099999999999909,0.0,0.0,73810,20.502777777777776,2241.212089612482,41.2,35.74630007790013,15.243522300122354
8288451050,8,-21.79291344,-46.58333206,1229.6,-87,1326,1699,17,111,37,23,10,26,20,5,51,23.0,304,267,56,26351.2,0,84,51,0,0,72351,2.0,2156.9529433902817,118.23282116231516,6.0,0.0,0.0,81168,45.093333333333334,2288.4647863819164,43.8,37.45451638002117,-7.6388169533121655
8288552050,8,-21.79295731,-46.58333206,1231.0,104,919,2290,70,-138,-24,23,10,26,20,5,52,23.0,322,96,53,26351.2,0,36,51,0,0,72352,1.0,2469.711926520986,156.58863304850706,1.400000000000091,0.0,0.0,30912,8.586666666666666,2365.410049393885,46.6,18.547847027698758,9.961180361032092
8289102060,8,-21.79317284,-46.58333206,1241.1,73,931,1904,4,-9,-9,23,10,26,20,6,2,23.0,332,11,2,26351.3,0,30,50,0,0,72362,2.0,2120.6852666060563,13.341664064126334,1.2999999999999545,0.0,0.0,3652,2.028888888888889,2175.9409388238114,17.6,4.62330231757314,2.594413428684251
8289204060,8,-21.79319191,-46.58333206,1242.0,469,867,1906,50,-29,-283,23,10,26,20,6,4,23.0,330,30,9,26351.3,0,34,50,0,0,72364,2.0,2145.8066082478167,288.84251764586185,0.900000000000091,0.0,0.0,9900,5.5,2174.204128660298,10.6,4.477494778367259,-1.0225052216327413
8289305060,8,-21.79321289,-46.58333206,1242.0,512,1025,1730,-10,-198,-412,23,10,26,20,6,5,23.0,327,58,15,26351.3,0,40,50,0,0,72365,1.0,2075.0106023825515,457.2176724493488,0.0,0.0,0.0,18966,5.2683333333333335,2113.073494539941,7.8,9.527793041190574,4.25945970785724
8289407060,8,-21.79327774,-46.58333206,1241.5,92,1190,1708,-11,-66,-82,23,10,26,20,6,7,23.0,325,53,24,26351.3,0,0,50,0,0,72367,2.0,2083.7053534509146,105.8347768930421,-0.5,0.0,0.0,17225,9.569444444444445,2118.8571951781933,10.2,0.5687840456964445,-9.000660398748
8289610060,8,-21.79344177,-46.58333206,1240.8,-84,974,1968,-226,92,-49,23,10,26,20,6,10,23.0,323,101,24,26351.3,0,42,50,0,0,72370,2.0,2197.4430595580857,248.87948890979345,-2.7000000000000455,0.0,0.0,32623,18.12388888888889,2111.636896717189,18.6,15.249711662822738,-2.8741772260661502
8289711060,8,-21.79349136,-46.58333206,1239.9,-48,1065,1851,-36,-4,3,23,10,26,20,6,11,23.0,325,72,31,26351.4,0,32,50,0,0,72371,1.0,2136.054774578592,36.345563690772494,-0.8999999999998636,0.10000000000218279,-8.999999999802185,23400,6.5,2109.686529983344,23.0,9.832110266634002,3.332110266634002
8289813060,8,-21.79362297,-46.58333206,1240.8,47,1186,1851,-36,-26,1,23,10,26,20,6,13,23.0,332,8,33,26351.4,0,12,50,0,0,72373,2.0,2198.8647070704465,44.41846462902562,0.8999999999998636,0.0,0.0,2656,1.4755555555555555,2134.457350920923,26.6,1.2901588572288032,-0.18539669832675232
8289915060,8,-21.7937851,-46.58333206,1242.9,-243,1033,1802,-36,1,23,23,10,26,20,6,15,23.0,328,50,33,26351.4,0,26,50,0,0,72375,2.0,2091.2536909710407,42.731721238442994,2.1000000000001364,0.0,0.0,16400,9.11111111111111,2135.967018424948,28.4,7.442966761611643,-1.6681443494994674
8290016060,8,-21.7938652,-46.58333206,1243.9,179,888,1893,-26,-49,-12,23,10,26,20,6,16,23.0,327,54,36,26351.4,0,26,50,0,0,72376,1.0,2098.5790430669986,56.753854494650845,1.0,0.0,0.0,17658,4.905,2144.4390550490325,31.4,8.461985668506145,3.5569856685061447
8290118060,8,-21.79403496,-46.58333206,1243.9,132,1210,2081,23,-13,0,23,10,26,20,6,18,23.0,326,61,38,26351.4,0,28,50,0,0,72378,2.0,2410.8266217212717,26.419689627245813,0.0,0.0,0.0,19886,11.047777777777778,2187.11576748167,34.2,11.92740775874588,0.8796299809681027
8290321060,8,-21.79429436,-46.58333206,1245.4,-98,794,2091,-14,-30,8,23,10,26,20,6,21,23.0,333,3,32,26351.4,0,8,50,0,0,72381,2.0,2238.8213416885233,34.058772731852805,1.1000000000001364,0.0,0.0,999,0.555,2186.212431307134,35.2,0.7576050379487994,0.20260503794879936
8290423060,8,-21.79442596,-46.58333206,1246.9,-219,864,1955,6,19,-18,23,10,26,20,6,23,23.0,332,6,28,26351.5,0,12,50,0,0,72383,2.0,2148.6000093083867,26.851443164195103,1.5,0.09999999999854481,15.000000000218279,1992,1.1066666666666667,2197.6816949746035,34.2,1.3996365435471179,0.2929698768804512
8290524060,8,-21.794487,-46.58333206,1247.5,-174,932,1767,-46,-20,13,23,10,26,20,6,24,23.0,329,37,26,26351.5,0,26,50,0,0,72384,1.0,2005.2902533049923,51.81698563212646,0.599999999999909,0.0,0.0,12173,3.381388888888889,2179.023937022202,32.2,5.069558674347319,1.68816978545843
8290626060,8,-21.79460335,-46.58333206,1248.6,13,1020,1820,44,41,-32,23,10,26,20,6,26,23.0,327,58,27,26351.5,0,32,50,0,0,72386,2.0,2086.3770033241835,68.1248853210044,1.099999999999909,0.0,0.0,18966,10.536666666666667,2114.1340133427843,30.0,9.037209594305587,-1.4994570723610803
8290727060,8,-21.79465485,-46.58333206,1249.8,41,1111,1828,-16,9,-1,23,10,26,20,6,27,23.0,324,82,30,26351.5,0,36,50,0,0,72387,1.0,2139.5293875055795,18.384776310850235,1.2000000000000455,0.0,0.0,26568,7.38,2123.7235990263334,28.6,11.698746761516231,4.318746761516231
8290829060,8,-21.79478645,-46.58333206,1251.8,62,1064,1803,-29,-16,8,23,10,26,20,6,29,22.5,324,84,33,26351.5,0,34,50,0,0,72389,2.0,2094.456731470001,34.07345007480164,2.0,0.0,0.0,27216,15.12,2094.8506769826286,28.8,13.895740678725751,-1.224259321274248
8290931060,8,-21.79494667,-46.58333206,1253.5,23,997,1835,-19,-23,5,23,10,26,20,6,31,22.5,324,71,35,26351.5,0,30,50,0,0,72391,2.0,2088.4834210498298,30.24896692450835,1.7000000000000455,0.0,0.0,23004,12.78,2082.8273593309173,30.2,8.431245656368928,-4.348754343631072
8291032060,8,-21.79502487,-46.58333206,1253.1,1,1035,1836,-6,-14,9,23,10,26,20,6,32,22.5,327,47,35,26351.5,0,20,50,0,0,72392,1.0,2107.6342187391056,17.69180601295413,-0.40000000000009095,0.0,0.0,15369,4.269166666666667,2103.29615241774,32.0,4.056986486593342,-0.21218018007332518
8291134060,8,-21.79518127,-46.58333206,1254.5,-167,1030,2053,0,17,-1,23,10,26,20,6,34,22.5,330,23,32,26351.6,0,18,50,0,0,72394,2.0,2302.954189731094,17.029386365926403,1.400000000000091,0.09999999999854481,14.000000000204636,7590,4.216666666666667,2146.6115896991223,33.0,4.691111871337473,0.47444520467080586
8291235060,8,-21.79525375,-46.58333206,1254.6,-418,758,1809,-25,-8,0,23,10,26,20,6,35,22.5,332,8,28,26351.6,0,14,50,0,0,72395,1.0,2005.4348655590886,26.248809496813376,0.09999999999990905,0.0,0.0,2656,0.7377777777777778,2119.792685309824,32.6,1.6255086082636587,0.887730830485881
8291337060,8,-21.79537773,-46.58333206,1255.2,175,864,2195,42,24,11,23,10,26,20,6,37,22.5,332,2,25,26351.6,0,0,50,0,0,72397,2.0,2365.406096212657,49.60846701924985,0.6000000000001364,0.0,0.0,664,0.3688888888888889,2173.9825582583553,31.0,0.46205938880414443,0.09317049991525556
8291540060,8,-21.79551315,-46.58333206,1254.4,4,815,1902,-12,-20,-2,23,10,26,20,6,40,22.5,332,6,12,26351.6,0,16,50,0,0,72400,2.0,2069.261945718811,23.40939982143925,-0.1999999999998181,0.0,0.0,1992,1.1066666666666667,2172.184411973363,23.0,1.0780070897229637,-0.028659576943703025
8291642060,8,-21.79556274,-46.58333206,1254.6,164,1158,1744,-12,-26,-43,23,10,26,20,6,42,22.5,329,38,13,26351.6,0,34,50,0,0,72402,2.0,2099.856185551763,51.66236541235796,0.1999999999998181,0.0,0.0,12502,6.945555555555556,2131.5648111374962,19.2,4.775963458952509,-2.169592096603047
8291743060,8,-21.79560089,-46.58333206,1256.3,-98,893,1980,-43,15,-46,23,10,26,20,6,43,22.5,328,30,19,26351.6,0,26,50,0,0,72403,1.0,2174.270682320856,64.73020933072904,1.7000000000000455,0.0,0.0,9840,2.7333333333333334,2165.33197448985,17.4,3.708000472815998,0.9746671394826647
8291845060,8,-21.79569244,-46.58333206,1258.1,22,1108,1778,-45,-27,43,23,10,26,20,6,45,22.5,328,45,21,26351.6,0,30,49,0,0,72405,2.0,2095.0971337864025,67.84541251993387,1.7999999999999545,0.0,0.0,14760,8.2,2111.2701820045995,16.6,7.243315759321177,-0.9566842406788219
8291946060,8,-21.79573441,-46.58333206,1256.5,-148,1103,1617,-13,-50,24,23,10,26,20,6,46,22.5,328,40,24,26351.6,0,28,49,0,0,72406,1.0,1962.9574626058507,56.96490147450446,-1.599999999999909,0.0,0.0,13120,3.6444444444444444,2080.2886819967366,17.8,6.95624873150238,3.3118042870579356
8292048060,8,-21.7958374,-46.58333206,1261.7,-135,1101,2043,-24,-2,8,23,10,26,20,6,48,22.5,328,43,26,26351.7,0,28,49,0,0,72408,2.0,2324.7096592908115,25.37715508089904,5.2000000000000455,0.10000000000218279,51.999999998865405,14104,7.835555555555556,2131.3782247111367,20.6,14.238767055028939,6.403211499473383
8292150060,8,-21.79597092,-46.58333206,1264.9,-203,944,1745,-3,2,-6,23,10,26,20,6,50,22.5,328,46,28,26351.7,0,28,49,0,0,72410,2.0,1994.3344754579157,7.0,3.2000000000000455,0.0,0.0,15088,8.382222222222222,2110.273882692368,23.6,6.747843415495925,-1.6343788067262963
8292251060,8,-21.79603958,-46.58333206,1263.9,-294,1013,1667,-89,10,7,23,10,26,20,6,51,22.5,327,53,30,26351.7,0,28,49,0,0,72411,1.0,1972.6870000078573,89.83317872590283,-1.0,0.0,0.0,17331,4.814166666666667,2069.957146229767,25.8,7.025762289564345,2.2115956228976783
8292353060,8,-21.79617882,-46.58333206,1265.7,411,916,1739,-13,27,3,23,10,26,20,6,53,22.5,327,53,33,26351.7,0,28,49,0,0,72413,2.0,2008.0084661176109,30.116440692751194,1.7999999999999545,0.0,0.0,17331,9.628333333333334,2052.539412696009,28.2,7.914927761453852,-1.7134055718794823
8292454060,8,-21.79626274,-46.58333206,1266.1,-139,960,1799,-56,-75,-54,23,10,26,20,6,54,22.5,326,56,34,26351.7,0,28,49,0,0,72414,1.0,2043.8497987865937,108.06016842481785,0.3999999999998636,0.0,0.0,18256,5.071111111111111,2068.717879932158,30.2,6.98433877196083,1.913227660849719
8292556060,8,-21.79642296,-46.58333206,1267.1,114,934,1694,0,-31,-43,23,10,26,20,6,56,22.5,329,21,35,26351.7,0,14,49,0,0,72416,2.0,1937.7791411819871,53.009433122794285,1.0,0.0,0.0,6909,3.8383333333333334,1991.3317763103928,32.0,2.2294823831218507,-1.6088509502114827
8292657060,8,-21.79650307,-46.58333206,1268.5,-645,845,1761,-10,67,249,23,10,26,20,6,57,22.5,332,8,32,26351.7,0,12,49,0,0,72417,1.0,2056.9810402626467,258.0503826774919,1.400000000000091,0.0,0.0,2656,0.7377777777777778,2003.861089271339,32.8,1.2853161553793897,0.547538377601612
8292759060,8,-21.79666328,-46.58333206,1269.7,-875,1008,1897,14,161,415,23,10,26,20,6,59,22.5,331,20,27,26351.8,0,20,49,0,0,72419,2.0,2319.546938520538,445.356037345403,1.2000000000000455,0.09999999999854481,12.000000000175078,6620,3.6777777777777776,2073.2330769738755,32.2,3.793181046769478,0.11540326899170061
8292801070,8,-21.796772,-46.58333206,1268.5,-377,1243,1856,28,144,367,23,10,26,20,7,1,22.5,324,82,30,26351.8,0,36,49,0,0,72421,2.0,2265.3728169994447,395.2328427648694,-1.2000000000000455,0.0,0.0,26568,14.76,2124.705947150242,31.6,11.390832777013573,-3.3691672229864267
8292902070,8,-21.79677963,-46.58333206,1270.5,-111,1039,1820,66,48,32,23,10,26,20,7,2,22.5,328,73,31,26351.8,0,34,49,0,0,72422,1.0,2098.6285998241806,87.65842800324451,2.0,0.0,0.0,23944,6.651111111111111,2135.661707357759,31.0,12.07709813877674,5.42598702766563
8293004070,8,-21.79683876,-46.58333206,1273.9,935,953,1910,49,-189,-378,23,10,26,20,7,4,22.5,309,230,35,26351.8,0,84,49,0,0,72424,2.0,2330.3506173964465,425.44799917263686,3.400000000000091,0.0,0.0,71070,39.483333333333334,2214.1760026006514,31.0,37.83838672634045,-1.6449466069928818
8293105070,8,-21.7968998,-46.58333206,1273.8,232,1305,1569,-71,12,-16,23,10,26,20,7,5,22.5,303,257,46,26351.8,0,92,49,0,0,72425,1.0,2053.925509846937,73.76313442364011,-0.10000000000013642,0.0,0.0,77871,21.63083333333333,2213.564896517509,33.8,26.270205604769952,4.639372271436621
8293207070,8,-21.7971096,-46.58333206,1275.5,-92,1400,1578,8,-34,65,23,10,26,20,7,7,22.0,302,254,55,26351.8,0,90,48,0,0,72427,2.0,2111.5274092466807,73.79024325749306,1.7000000000000455,0.0,0.0,76708,42.61555555555555,2171.960990662738,39.4,27.943969654163666,-14.671585901391886
8293309070,8,-21.79735947,-46.58333206,1277.1,109,1191,1764,-22,-40,17,23,10,26,20,7,9,22.0,303,239,62,26351.9,0,48,48,0,0,72429,2.0,2131.210454178564,48.7134478352744,1.599999999999909,0.10000000000218279,15.999999999649845,72417,40.23166666666667,2145.128518098562,45.8,26.556924070936276,-13.674742595730393
8293512070,8,-21.7977562,-46.58333206,1278.0,274,637,1991,-25,-21,-8,23,10,26,20,7,12,22.0,330,8,50,26351.9,0,10,48,0,0,72432,2.0,2108.299314613558,33.61547262794322,0.7000000000000455,0.0,0.0,2640,1.4666666666666666,2057.459747304635,54.2,0.7359983407321902,-0.7306683259344764
8293613070,8,-21.79787254,-46.58333206,1278.7,641,715,2214,-63,-127,-244,23,10,26,20,7,13,22.0,327,46,43,26351.9,0,24,48,0,0,72433,1.0,2413.276196377033,282.19496806286253,0.7000000000000455,0.0,0.0,15042,4.178333333333334,2129.3298846106545,53.6,7.4029962916770815,3.224662958343748
8293715070,8,-21.79806328,-46.58333206,1281.7,803,1003,1999,-14,-162,-298,23,10,26,20,7,15,22.0,315,122,44,26352.0,0,36,48,0,0,72435,2.0,2376.3036422141004,339.4760669031029,3.0,0.09999999999854481,30.000000000436557,38430,21.35,2182.2851312041385,51.4,27.28012503565134,5.93012503565134
8293816070,8,-21.79815865,-46.58333206,1284.4,830,964,2240,-16,-106,-299,23,10,26,20,7,16,22.0,316,153,43,26352.0,0,42,48,0,0,72436,1.0,2576.0038819846527,317.636584794636,2.7000000000000455,0.0,0.0,48348,13.43,2271.2438167653563,47.6,31.68554393242941,18.25554393242941
8293918070,8,-21.7982769,-46.58333206,1292.0,468,1051,1727,-93,-70,-126,23,10,26,20,7,18,22.0,305,225,52,26352.0,0,52,48,0,0,72438,2.0,2075.1274659644405,171.53716798408442,7.599999999999909,0.0,0.0,68625,38.125,2309.802100230757,46.4,39.44471966001164,1.3197196600116428
8294020070,8,-21.79837418,-46.58333206,1297.5,120,1030,1965,33,25,-4,23,10,26,20,7,20,22.0,313,143,56,26352.0,0,38,47,0,0,72440,2.0,2221.829201356396,41.593268686170845,5.5,0.0,0.0,44759,24.86611111111111,2332.5080775793244,47.6,29.425686834569948,4.559575723458838
8294426070,8,-21.79861641,-46.58333206,1308.8,150,569,1971,41,-84,-125,23,10,26,20,7,26,21.5,330,7,22,26352.1,0,14,47,0,0,72446,2.0,2056.9642680416205,156.0833110873805,1.7999999999999545,0.0,0.0,2310,1.2833333333333334,2123.5690109452426,42.4,1.6412237781497874,0.35789044481645393
8294528070,8,-21.79863358,-46.58333206,1307.7,-229,943,1894,-26,36,95,23,10,26,20,7,28,21.5,329,17,18,26352.1,0,20,47,0,0,72448,2.0,2128.127345813685,104.86658190291128,-1.099999999999909,0.0,0.0,5593,3.107222222222222,2104.8286398367004,34.8,2.8589328153738536,-0.24828940684836853
8294629070,8,-21.79865265,-46.58333206,1307.8,-406,1019,1935,6,117,369,23,10,26,20,7,29,21.5,327,50,16,26352.1,0,38,47,0,0,72449,1.0,2224.280108259749,387.1511332800151,0.09999999999990905,0.0,0.0,16350,4.541666666666667,2144.648465575248,27.0,6.252696127184013,1.711029460517346
8294731070,8,-21.79873276,-46.58333206,1308.4,371,1102,1779,24,42,38,23,10,26,20,7,31,21.5,318,121,25,26352.1,0,48,47,0,0,72451,2.0,2125.2966851712727,61.514225996918796,0.6000000000001364,0.0,0.0,38478,21.376666666666665,2146.032030349629,22.8,17.478045988222426,-3.8986206784442388
8294832070,8,-21.79879761,-46.58333206,1308.9,911,1047,2069,-119,-168,-278,23,10,26,20,7,32,21.5,305,209,42,26352.1,0,66,47,0,0,72452,1.0,2491.3632814184284,345.9320742573605,0.5,0.0,0.0,63745,17.706944444444446,2205.2063377409513,24.6,25.86440795417755,8.157463509733105
8294934070,8,-21.7988987,-46.58333206,1312.9,276,1148,1600,-3,11,-149,23,10,26,20,7,34,21.5,304,252,48,26352.2,0,62,47,0,0,72454,2.0,1988.4868619128465,149.4356048604214,4.0,0.10000000000218279,39.999999999126885,76608,42.56,2191.510856515196,29.8,44.72026568026605,2.1602656802660505
8295036070,8,-21.79899788,-46.58333206,1316.0,162,1211,1770,-24,-7,20,23,10,26,20,7,36,21.5,307,201,58,26352.2,0,46,47,0,0,72456,2.0,2150.735920563006,32.01562118716424,3.099999999999909,0.0,0.0,61707,34.281666666666666,2196.0325714650603,37.8,30.283655124653915,-3.998011542012751
8295137070,8,-21.7990551,-46.58333206,1316.6,166,1172,1713,-41,11,-2,23,10,26,20,7,37,21.5,307,169,64,26352.2,0,32,47,0,0,72457,1.0,2082.1885121189193,42.49705872175156,0.599999999999909,0.0,0.0,51883,14.411944444444444,2167.6142522368946,47.4,14.960971670644396,0.5490272261999518
8295645070,8,-21.79937363,-46.58333206,1315.0,-52,570,2021,18,23,-20,23,10,26,20,7,45,21.5,331,1,12,26352.3,0,28,47,0,0,72465,2.0,2100.486848328263,35.397740040855716,1.099999999999909,0.0,0.0,331,0.18388888888888888,2112.9281388558793,38.8,3.616184361062966,3.432295472174077
8295747070,8,-21.79938698,-46.58333206,1318.7,196,1243,2070,134,-89,48,23,10,26,20,7,47,21.5,324,62,17,26352.3,0,38,47,0,0,72467,2.0,2422.4708460578013,167.87197502859135,3.7000000000000455,0.0,0.0,20088,11.16,2197.822808568254,30.4,10.489834974120313,-0.6701650258796867
8296051070,8,-21.79943466,-46.58333206,1319.9,53,729,1933,13,0,-7,23,10,26,20,7,51,21.0,331,1,3,26352.3,0,0,46,0,0,72471,1.0,2066.576637824013,14.7648230602334,-0.09999999999990905,0.0,0.0,331,0.09194444444444444,2123.168405798095,14.2,0.02140799569252707,-0.07053644875191736
8296458070,8,-21.79942703,-46.58333206,1321.8,80,1139,1752,13,8,0,23,10,26,20,7,58,21.0,329,23,3,26352.3,0,44,46,0,0,72478,2.0,2091.2257171333754,15.264337522473747,0.5,0.0,0.0,7567,4.203888888888889,2089.1563760282047,1.2,10.797780177278424,6.5938912883895355
8296559070,8,-21.79943466,-46.58333206,1323.3,-128,1194,1726,-30,67,94,23,10,26,20,7,59,21.0,328,32,8,26352.3,0,38,46,0,0,72479,1.0,2102.640245025287,119.26860441876563,1.5,0.0,0.0,10496,2.9155555555555557,2096.369097468459,2.2,5.575394930390549,2.659839374834993
8296702080,8,-21.79946136,-46.58333206,1327.7,-101,896,1918,-47,15,84,23,10,26,20,8,2,21.0,331,6,10,26352.4,0,12,46,0,0,72482,1.0,2119.372784575663,97.41663102366043,1.1000000000001364,0.10000000000218279,10.999999999761258,1986,0.5516666666666666,2078.61844464142,6.4,0.8487599152902441,0.29709324862357744
8296804080,8,-21.79949951,-46.58333206,1329.2,-284,792,1862,20,144,418,23,10,26,20,8,4,21.0,331,3,9,26352.4,0,6,46,0,0,72484,2.0,2043.2728647931485,442.5607302958544,1.5,0.0,0.0,993,0.5516666666666666,2064.882250655506,8.2,0.6835655100863346,0.13189884341966795
8297007080,8,-21.79956436,-46.58333206,1330.8,-56,765,1952,-2,138,223,23,10,26,20,8,7,21.0,331,1,4,26352.4,0,0,46,0,0,72487,1.0,2097.2994540599107,262.25369396826426,0.3999999999998636,0.0,0.0,331,0.09194444444444444,2061.7997023445428,8.2,0.1678200093174048,0.07587556487296035
